ARM GAS  C:\Users\PRAETE~1\AppData\Local\Temp\ccgoOOhI.s 			page 1


   1              		.cpu cortex-m3
   2              		.arch armv7-m
   3              		.fpu softvfp
   4              		.eabi_attribute 20, 1
   5              		.eabi_attribute 21, 1
   6              		.eabi_attribute 23, 3
   7              		.eabi_attribute 24, 1
   8              		.eabi_attribute 25, 1
   9              		.eabi_attribute 26, 1
  10              		.eabi_attribute 30, 6
  11              		.eabi_attribute 34, 1
  12              		.eabi_attribute 18, 4
  13              		.file	"SEGGER_RTT.c"
  14              		.text
  15              	.Ltext0:
  16              		.cfi_sections	.debug_frame
  17              		.file 1 "./segger-rtt/src/SEGGER_RTT.c"
  18              		.section	.rodata._aTerminalId,"a"
  19              		.align	2
  22              	_aTerminalId:
  23 0000 30313233 		.ascii	"0123456789ABCDEF"
  23      34353637 
  23      38394142 
  23      43444546 
  24              		.global	_SEGGER_RTT
  25              		.section	.bss._SEGGER_RTT,"aw",%nobits
  26              		.align	2
  29              	_SEGGER_RTT:
  30 0000 00000000 		.space	168
  30      00000000 
  30      00000000 
  30      00000000 
  30      00000000 
  31              		.section	.bss._acUpBuffer,"aw",%nobits
  32              		.align	2
  35              	_acUpBuffer:
  36 0000 00000000 		.space	1024
  36      00000000 
  36      00000000 
  36      00000000 
  36      00000000 
  37              		.section	.bss._acDownBuffer,"aw",%nobits
  38              		.align	2
  41              	_acDownBuffer:
  42 0000 00000000 		.space	16
  42      00000000 
  42      00000000 
  42      00000000 
  43              		.section	.bss._ActiveTerminal,"aw",%nobits
  46              	_ActiveTerminal:
  47 0000 00       		.space	1
  48              		.section	.rodata
  49              		.align	2
  50              	.LC0:
  51 0000 5465726D 		.ascii	"Terminal\000"
  51      696E616C 
  51      00
ARM GAS  C:\Users\PRAETE~1\AppData\Local\Temp\ccgoOOhI.s 			page 2


  52              		.section	.text._DoInit,"ax",%progbits
  53              		.align	1
  54              		.syntax unified
  55              		.thumb
  56              		.thumb_func
  58              	_DoInit:
  59              	.LFB0:
   1:./segger-rtt/src/SEGGER_RTT.c **** /*********************************************************************
   2:./segger-rtt/src/SEGGER_RTT.c **** *                    SEGGER Microcontroller GmbH                     *
   3:./segger-rtt/src/SEGGER_RTT.c **** *                        The Embedded Experts                        *
   4:./segger-rtt/src/SEGGER_RTT.c **** **********************************************************************
   5:./segger-rtt/src/SEGGER_RTT.c **** *                                                                    *
   6:./segger-rtt/src/SEGGER_RTT.c **** *            (c) 1995 - 2021 SEGGER Microcontroller GmbH             *
   7:./segger-rtt/src/SEGGER_RTT.c **** *                                                                    *
   8:./segger-rtt/src/SEGGER_RTT.c **** *       www.segger.com     Support: support@segger.com               *
   9:./segger-rtt/src/SEGGER_RTT.c **** *                                                                    *
  10:./segger-rtt/src/SEGGER_RTT.c **** **********************************************************************
  11:./segger-rtt/src/SEGGER_RTT.c **** *                                                                    *
  12:./segger-rtt/src/SEGGER_RTT.c **** *       SEGGER RTT * Real Time Transfer for embedded targets         *
  13:./segger-rtt/src/SEGGER_RTT.c **** *                                                                    *
  14:./segger-rtt/src/SEGGER_RTT.c **** **********************************************************************
  15:./segger-rtt/src/SEGGER_RTT.c **** *                                                                    *
  16:./segger-rtt/src/SEGGER_RTT.c **** * All rights reserved.                                               *
  17:./segger-rtt/src/SEGGER_RTT.c **** *                                                                    *
  18:./segger-rtt/src/SEGGER_RTT.c **** * SEGGER strongly recommends to not make any changes                 *
  19:./segger-rtt/src/SEGGER_RTT.c **** * to or modify the source code of this software in order to stay     *
  20:./segger-rtt/src/SEGGER_RTT.c **** * compatible with the RTT protocol and J-Link.                       *
  21:./segger-rtt/src/SEGGER_RTT.c **** *                                                                    *
  22:./segger-rtt/src/SEGGER_RTT.c **** * Redistribution and use in source and binary forms, with or         *
  23:./segger-rtt/src/SEGGER_RTT.c **** * without modification, are permitted provided that the following    *
  24:./segger-rtt/src/SEGGER_RTT.c **** * condition is met:                                                  *
  25:./segger-rtt/src/SEGGER_RTT.c **** *                                                                    *
  26:./segger-rtt/src/SEGGER_RTT.c **** * o Redistributions of source code must retain the above copyright   *
  27:./segger-rtt/src/SEGGER_RTT.c **** *   notice, this condition and the following disclaimer.             *
  28:./segger-rtt/src/SEGGER_RTT.c **** *                                                                    *
  29:./segger-rtt/src/SEGGER_RTT.c **** * THIS SOFTWARE IS PROVIDED BY THE COPYRIGHT HOLDERS AND             *
  30:./segger-rtt/src/SEGGER_RTT.c **** * CONTRIBUTORS "AS IS" AND ANY EXPRESS OR IMPLIED WARRANTIES,        *
  31:./segger-rtt/src/SEGGER_RTT.c **** * INCLUDING, BUT NOT LIMITED TO, THE IMPLIED WARRANTIES OF           *
  32:./segger-rtt/src/SEGGER_RTT.c **** * MERCHANTABILITY AND FITNESS FOR A PARTICULAR PURPOSE ARE           *
  33:./segger-rtt/src/SEGGER_RTT.c **** * DISCLAIMED. IN NO EVENT SHALL SEGGER Microcontroller BE LIABLE FOR *
  34:./segger-rtt/src/SEGGER_RTT.c **** * ANY DIRECT, INDIRECT, INCIDENTAL, SPECIAL, EXEMPLARY, OR           *
  35:./segger-rtt/src/SEGGER_RTT.c **** * CONSEQUENTIAL DAMAGES (INCLUDING, BUT NOT LIMITED TO, PROCUREMENT  *
  36:./segger-rtt/src/SEGGER_RTT.c **** * OF SUBSTITUTE GOODS OR SERVICES; LOSS OF USE, DATA, OR PROFITS;    *
  37:./segger-rtt/src/SEGGER_RTT.c **** * OR BUSINESS INTERRUPTION) HOWEVER CAUSED AND ON ANY THEORY OF      *
  38:./segger-rtt/src/SEGGER_RTT.c **** * LIABILITY, WHETHER IN CONTRACT, STRICT LIABILITY, OR TORT          *
  39:./segger-rtt/src/SEGGER_RTT.c **** * (INCLUDING NEGLIGENCE OR OTHERWISE) ARISING IN ANY WAY OUT OF THE  *
  40:./segger-rtt/src/SEGGER_RTT.c **** * USE OF THIS SOFTWARE, EVEN IF ADVISED OF THE POSSIBILITY OF SUCH   *
  41:./segger-rtt/src/SEGGER_RTT.c **** * DAMAGE.                                                            *
  42:./segger-rtt/src/SEGGER_RTT.c **** *                                                                    *
  43:./segger-rtt/src/SEGGER_RTT.c **** **********************************************************************
  44:./segger-rtt/src/SEGGER_RTT.c **** *                                                                    *
  45:./segger-rtt/src/SEGGER_RTT.c **** *       RTT version: 8.56a                                           *
  46:./segger-rtt/src/SEGGER_RTT.c **** *                                                                    *
  47:./segger-rtt/src/SEGGER_RTT.c **** **********************************************************************
  48:./segger-rtt/src/SEGGER_RTT.c **** 
  49:./segger-rtt/src/SEGGER_RTT.c **** ---------------------------END-OF-HEADER------------------------------
  50:./segger-rtt/src/SEGGER_RTT.c **** File    : SEGGER_RTT.c
ARM GAS  C:\Users\PRAETE~1\AppData\Local\Temp\ccgoOOhI.s 			page 3


  51:./segger-rtt/src/SEGGER_RTT.c **** Purpose : Implementation of SEGGER real-time transfer (RTT) which
  52:./segger-rtt/src/SEGGER_RTT.c ****           allows real-time communication on targets which support
  53:./segger-rtt/src/SEGGER_RTT.c ****           debugger memory accesses while the CPU is running.
  54:./segger-rtt/src/SEGGER_RTT.c **** Revision: $Rev: 29668 $
  55:./segger-rtt/src/SEGGER_RTT.c **** 
  56:./segger-rtt/src/SEGGER_RTT.c **** Additional information:
  57:./segger-rtt/src/SEGGER_RTT.c ****           Type "int" is assumed to be 32-bits in size
  58:./segger-rtt/src/SEGGER_RTT.c ****           H->T    Host to target communication
  59:./segger-rtt/src/SEGGER_RTT.c ****           T->H    Target to host communication
  60:./segger-rtt/src/SEGGER_RTT.c **** 
  61:./segger-rtt/src/SEGGER_RTT.c ****           RTT channel 0 is always present and reserved for Terminal usage.
  62:./segger-rtt/src/SEGGER_RTT.c ****           Name is fixed to "Terminal"
  63:./segger-rtt/src/SEGGER_RTT.c **** 
  64:./segger-rtt/src/SEGGER_RTT.c ****           Effective buffer size: SizeOfBuffer - 1
  65:./segger-rtt/src/SEGGER_RTT.c **** 
  66:./segger-rtt/src/SEGGER_RTT.c ****           WrOff == RdOff:       Buffer is empty
  67:./segger-rtt/src/SEGGER_RTT.c ****           WrOff == (RdOff - 1): Buffer is full
  68:./segger-rtt/src/SEGGER_RTT.c ****           WrOff >  RdOff:       Free space includes wrap-around
  69:./segger-rtt/src/SEGGER_RTT.c ****           WrOff <  RdOff:       Used space includes wrap-around
  70:./segger-rtt/src/SEGGER_RTT.c ****           (WrOff == (SizeOfBuffer - 1)) && (RdOff == 0):
  71:./segger-rtt/src/SEGGER_RTT.c ****                                 Buffer full and wrap-around after next byte
  72:./segger-rtt/src/SEGGER_RTT.c **** 
  73:./segger-rtt/src/SEGGER_RTT.c **** 
  74:./segger-rtt/src/SEGGER_RTT.c **** ----------------------------------------------------------------------
  75:./segger-rtt/src/SEGGER_RTT.c **** */
  76:./segger-rtt/src/SEGGER_RTT.c **** 
  77:./segger-rtt/src/SEGGER_RTT.c **** #include "SEGGER_RTT.h"
  78:./segger-rtt/src/SEGGER_RTT.c **** 
  79:./segger-rtt/src/SEGGER_RTT.c **** #include <string.h>                 // for memcpy
  80:./segger-rtt/src/SEGGER_RTT.c **** 
  81:./segger-rtt/src/SEGGER_RTT.c **** /*********************************************************************
  82:./segger-rtt/src/SEGGER_RTT.c **** *
  83:./segger-rtt/src/SEGGER_RTT.c **** *       Configuration, default values
  84:./segger-rtt/src/SEGGER_RTT.c **** *
  85:./segger-rtt/src/SEGGER_RTT.c **** **********************************************************************
  86:./segger-rtt/src/SEGGER_RTT.c **** */
  87:./segger-rtt/src/SEGGER_RTT.c **** 
  88:./segger-rtt/src/SEGGER_RTT.c **** #if SEGGER_RTT_CPU_CACHE_LINE_SIZE
  89:./segger-rtt/src/SEGGER_RTT.c ****   #ifdef SEGGER_RTT_CB_ALIGN
  90:./segger-rtt/src/SEGGER_RTT.c ****     #error "Custom SEGGER_RTT_CB_ALIGN() is not supported for SEGGER_RTT_CPU_CACHE_LINE_SIZE != 0"
  91:./segger-rtt/src/SEGGER_RTT.c ****   #endif
  92:./segger-rtt/src/SEGGER_RTT.c ****   #ifdef SEGGER_RTT_BUFFER_ALIGN
  93:./segger-rtt/src/SEGGER_RTT.c ****     #error "Custom SEGGER_RTT_BUFFER_ALIGN() is not supported for SEGGER_RTT_CPU_CACHE_LINE_SIZE !=
  94:./segger-rtt/src/SEGGER_RTT.c ****   #endif
  95:./segger-rtt/src/SEGGER_RTT.c ****   #ifdef SEGGER_RTT_PUT_CB_SECTION
  96:./segger-rtt/src/SEGGER_RTT.c ****     #error "Custom SEGGER_RTT_PUT_CB_SECTION() is not supported for SEGGER_RTT_CPU_CACHE_LINE_SIZE 
  97:./segger-rtt/src/SEGGER_RTT.c ****   #endif
  98:./segger-rtt/src/SEGGER_RTT.c ****   #ifdef SEGGER_RTT_PUT_BUFFER_SECTION
  99:./segger-rtt/src/SEGGER_RTT.c ****     #error "Custom SEGGER_RTT_PUT_BUFFER_SECTION() is not supported for SEGGER_RTT_CPU_CACHE_LINE_S
 100:./segger-rtt/src/SEGGER_RTT.c ****   #endif
 101:./segger-rtt/src/SEGGER_RTT.c ****   #ifdef SEGGER_RTT_BUFFER_ALIGNMENT
 102:./segger-rtt/src/SEGGER_RTT.c ****     #error "Custom SEGGER_RTT_BUFFER_ALIGNMENT is not supported for SEGGER_RTT_CPU_CACHE_LINE_SIZE 
 103:./segger-rtt/src/SEGGER_RTT.c ****   #endif
 104:./segger-rtt/src/SEGGER_RTT.c ****   #ifdef SEGGER_RTT_ALIGNMENT
 105:./segger-rtt/src/SEGGER_RTT.c ****     #error "Custom SEGGER_RTT_ALIGNMENT is not supported for SEGGER_RTT_CPU_CACHE_LINE_SIZE != 0"
 106:./segger-rtt/src/SEGGER_RTT.c ****   #endif
 107:./segger-rtt/src/SEGGER_RTT.c **** #endif
ARM GAS  C:\Users\PRAETE~1\AppData\Local\Temp\ccgoOOhI.s 			page 4


 108:./segger-rtt/src/SEGGER_RTT.c **** 
 109:./segger-rtt/src/SEGGER_RTT.c **** #ifndef   BUFFER_SIZE_UP
 110:./segger-rtt/src/SEGGER_RTT.c ****   #define BUFFER_SIZE_UP                                  1024  // Size of the buffer for terminal 
 111:./segger-rtt/src/SEGGER_RTT.c **** #endif
 112:./segger-rtt/src/SEGGER_RTT.c **** 
 113:./segger-rtt/src/SEGGER_RTT.c **** #ifndef   BUFFER_SIZE_DOWN
 114:./segger-rtt/src/SEGGER_RTT.c ****   #define BUFFER_SIZE_DOWN                                16    // Size of the buffer for terminal 
 115:./segger-rtt/src/SEGGER_RTT.c **** #endif
 116:./segger-rtt/src/SEGGER_RTT.c **** 
 117:./segger-rtt/src/SEGGER_RTT.c **** #ifndef   SEGGER_RTT_MAX_NUM_UP_BUFFERS
 118:./segger-rtt/src/SEGGER_RTT.c ****   #define SEGGER_RTT_MAX_NUM_UP_BUFFERS                    2    // Number of up-buffers (T->H) avai
 119:./segger-rtt/src/SEGGER_RTT.c **** #endif
 120:./segger-rtt/src/SEGGER_RTT.c **** 
 121:./segger-rtt/src/SEGGER_RTT.c **** #ifndef   SEGGER_RTT_MAX_NUM_DOWN_BUFFERS
 122:./segger-rtt/src/SEGGER_RTT.c ****   #define SEGGER_RTT_MAX_NUM_DOWN_BUFFERS                  2    // Number of down-buffers (H->T) av
 123:./segger-rtt/src/SEGGER_RTT.c **** #endif
 124:./segger-rtt/src/SEGGER_RTT.c **** 
 125:./segger-rtt/src/SEGGER_RTT.c **** #ifndef   SEGGER_RTT_ALIGNMENT
 126:./segger-rtt/src/SEGGER_RTT.c ****   #define SEGGER_RTT_ALIGNMENT                            SEGGER_RTT_CPU_CACHE_LINE_SIZE
 127:./segger-rtt/src/SEGGER_RTT.c **** #endif
 128:./segger-rtt/src/SEGGER_RTT.c **** 
 129:./segger-rtt/src/SEGGER_RTT.c **** #ifndef   SEGGER_RTT_BUFFER_ALIGNMENT
 130:./segger-rtt/src/SEGGER_RTT.c ****   #define SEGGER_RTT_BUFFER_ALIGNMENT                     SEGGER_RTT_CPU_CACHE_LINE_SIZE
 131:./segger-rtt/src/SEGGER_RTT.c **** #endif
 132:./segger-rtt/src/SEGGER_RTT.c **** 
 133:./segger-rtt/src/SEGGER_RTT.c **** #ifndef   SEGGER_RTT_MODE_DEFAULT
 134:./segger-rtt/src/SEGGER_RTT.c ****   #define SEGGER_RTT_MODE_DEFAULT                         SEGGER_RTT_MODE_NO_BLOCK_SKIP
 135:./segger-rtt/src/SEGGER_RTT.c **** #endif
 136:./segger-rtt/src/SEGGER_RTT.c **** 
 137:./segger-rtt/src/SEGGER_RTT.c **** #ifndef   SEGGER_RTT_LOCK
 138:./segger-rtt/src/SEGGER_RTT.c ****   #define SEGGER_RTT_LOCK()
 139:./segger-rtt/src/SEGGER_RTT.c **** #endif
 140:./segger-rtt/src/SEGGER_RTT.c **** 
 141:./segger-rtt/src/SEGGER_RTT.c **** #ifndef   SEGGER_RTT_UNLOCK
 142:./segger-rtt/src/SEGGER_RTT.c ****   #define SEGGER_RTT_UNLOCK()
 143:./segger-rtt/src/SEGGER_RTT.c **** #endif
 144:./segger-rtt/src/SEGGER_RTT.c **** 
 145:./segger-rtt/src/SEGGER_RTT.c **** #ifndef   STRLEN
 146:./segger-rtt/src/SEGGER_RTT.c ****   #define STRLEN(a)                                       strlen((a))
 147:./segger-rtt/src/SEGGER_RTT.c **** #endif
 148:./segger-rtt/src/SEGGER_RTT.c **** 
 149:./segger-rtt/src/SEGGER_RTT.c **** #ifndef   STRCPY
 150:./segger-rtt/src/SEGGER_RTT.c ****   #define STRCPY(pDest, pSrc)                             strcpy((pDest), (pSrc))
 151:./segger-rtt/src/SEGGER_RTT.c **** #endif
 152:./segger-rtt/src/SEGGER_RTT.c **** 
 153:./segger-rtt/src/SEGGER_RTT.c **** #ifndef   SEGGER_RTT_MEMCPY_USE_BYTELOOP
 154:./segger-rtt/src/SEGGER_RTT.c ****   #define SEGGER_RTT_MEMCPY_USE_BYTELOOP                  0
 155:./segger-rtt/src/SEGGER_RTT.c **** #endif
 156:./segger-rtt/src/SEGGER_RTT.c **** 
 157:./segger-rtt/src/SEGGER_RTT.c **** #ifndef   SEGGER_RTT_MEMCPY
 158:./segger-rtt/src/SEGGER_RTT.c ****   #ifdef  MEMCPY
 159:./segger-rtt/src/SEGGER_RTT.c ****     #define SEGGER_RTT_MEMCPY(pDest, pSrc, NumBytes)      MEMCPY((pDest), (pSrc), (NumBytes))
 160:./segger-rtt/src/SEGGER_RTT.c ****   #else
 161:./segger-rtt/src/SEGGER_RTT.c ****     #define SEGGER_RTT_MEMCPY(pDest, pSrc, NumBytes)      memcpy((pDest), (pSrc), (NumBytes))
 162:./segger-rtt/src/SEGGER_RTT.c ****   #endif
 163:./segger-rtt/src/SEGGER_RTT.c **** #endif
 164:./segger-rtt/src/SEGGER_RTT.c **** 
ARM GAS  C:\Users\PRAETE~1\AppData\Local\Temp\ccgoOOhI.s 			page 5


 165:./segger-rtt/src/SEGGER_RTT.c **** #ifndef   MIN
 166:./segger-rtt/src/SEGGER_RTT.c ****   #define MIN(a, b)                                       (((a) < (b)) ? (a) : (b))
 167:./segger-rtt/src/SEGGER_RTT.c **** #endif
 168:./segger-rtt/src/SEGGER_RTT.c **** 
 169:./segger-rtt/src/SEGGER_RTT.c **** #ifndef   MAX
 170:./segger-rtt/src/SEGGER_RTT.c ****   #define MAX(a, b)                                       (((a) > (b)) ? (a) : (b))
 171:./segger-rtt/src/SEGGER_RTT.c **** #endif
 172:./segger-rtt/src/SEGGER_RTT.c **** 
 173:./segger-rtt/src/SEGGER_RTT.c **** /*********************************************************************
 174:./segger-rtt/src/SEGGER_RTT.c **** *
 175:./segger-rtt/src/SEGGER_RTT.c **** *       Defines, fixed
 176:./segger-rtt/src/SEGGER_RTT.c **** *
 177:./segger-rtt/src/SEGGER_RTT.c **** **********************************************************************
 178:./segger-rtt/src/SEGGER_RTT.c **** */
 179:./segger-rtt/src/SEGGER_RTT.c **** #if (defined __ICCARM__) || (defined __ICCRX__)
 180:./segger-rtt/src/SEGGER_RTT.c ****   #define RTT_PRAGMA(P) _Pragma(#P)
 181:./segger-rtt/src/SEGGER_RTT.c **** #endif
 182:./segger-rtt/src/SEGGER_RTT.c **** 
 183:./segger-rtt/src/SEGGER_RTT.c **** #if SEGGER_RTT_ALIGNMENT || SEGGER_RTT_BUFFER_ALIGNMENT
 184:./segger-rtt/src/SEGGER_RTT.c ****   #if ((defined __GNUC__) || (defined __clang__))
 185:./segger-rtt/src/SEGGER_RTT.c ****     #define SEGGER_RTT_ALIGN(Var, Alignment) Var __attribute__ ((aligned (Alignment)))
 186:./segger-rtt/src/SEGGER_RTT.c ****   #elif (defined __ICCARM__) || (defined __ICCRX__)
 187:./segger-rtt/src/SEGGER_RTT.c ****     #define PRAGMA(A) _Pragma(#A)
 188:./segger-rtt/src/SEGGER_RTT.c **** #define SEGGER_RTT_ALIGN(Var, Alignment) RTT_PRAGMA(data_alignment=Alignment) \
 189:./segger-rtt/src/SEGGER_RTT.c ****                                   Var
 190:./segger-rtt/src/SEGGER_RTT.c ****   #elif (defined __CC_ARM)
 191:./segger-rtt/src/SEGGER_RTT.c ****     #define SEGGER_RTT_ALIGN(Var, Alignment) Var __attribute__ ((aligned (Alignment)))
 192:./segger-rtt/src/SEGGER_RTT.c ****   #else
 193:./segger-rtt/src/SEGGER_RTT.c ****     #error "Alignment not supported for this compiler."
 194:./segger-rtt/src/SEGGER_RTT.c ****   #endif
 195:./segger-rtt/src/SEGGER_RTT.c **** #else
 196:./segger-rtt/src/SEGGER_RTT.c ****   #define SEGGER_RTT_ALIGN(Var, Alignment) Var
 197:./segger-rtt/src/SEGGER_RTT.c **** #endif
 198:./segger-rtt/src/SEGGER_RTT.c **** 
 199:./segger-rtt/src/SEGGER_RTT.c **** #if defined(SEGGER_RTT_SECTION) || defined (SEGGER_RTT_BUFFER_SECTION)
 200:./segger-rtt/src/SEGGER_RTT.c ****   #if ((defined __GNUC__) || (defined __clang__))
 201:./segger-rtt/src/SEGGER_RTT.c ****     #define SEGGER_RTT_PUT_SECTION(Var, Section) __attribute__ ((section (Section))) Var
 202:./segger-rtt/src/SEGGER_RTT.c ****   #elif (defined __ICCARM__) || (defined __ICCRX__)
 203:./segger-rtt/src/SEGGER_RTT.c **** #define SEGGER_RTT_PUT_SECTION(Var, Section) RTT_PRAGMA(location=Section) \
 204:./segger-rtt/src/SEGGER_RTT.c ****                                         Var
 205:./segger-rtt/src/SEGGER_RTT.c ****   #elif (defined __CC_ARM)
 206:./segger-rtt/src/SEGGER_RTT.c ****     #define SEGGER_RTT_PUT_SECTION(Var, Section) __attribute__ ((section (Section)))  Var
 207:./segger-rtt/src/SEGGER_RTT.c ****   #else
 208:./segger-rtt/src/SEGGER_RTT.c ****     #error "Section placement not supported for this compiler."
 209:./segger-rtt/src/SEGGER_RTT.c ****   #endif
 210:./segger-rtt/src/SEGGER_RTT.c **** #else
 211:./segger-rtt/src/SEGGER_RTT.c ****   #define SEGGER_RTT_PUT_SECTION(Var, Section) Var
 212:./segger-rtt/src/SEGGER_RTT.c **** #endif
 213:./segger-rtt/src/SEGGER_RTT.c **** 
 214:./segger-rtt/src/SEGGER_RTT.c **** #if SEGGER_RTT_ALIGNMENT
 215:./segger-rtt/src/SEGGER_RTT.c ****   #define SEGGER_RTT_CB_ALIGN(Var)  SEGGER_RTT_ALIGN(Var, SEGGER_RTT_ALIGNMENT)
 216:./segger-rtt/src/SEGGER_RTT.c **** #else
 217:./segger-rtt/src/SEGGER_RTT.c ****   #define SEGGER_RTT_CB_ALIGN(Var)  Var
 218:./segger-rtt/src/SEGGER_RTT.c **** #endif
 219:./segger-rtt/src/SEGGER_RTT.c **** 
 220:./segger-rtt/src/SEGGER_RTT.c **** #if SEGGER_RTT_BUFFER_ALIGNMENT
 221:./segger-rtt/src/SEGGER_RTT.c ****   #define SEGGER_RTT_BUFFER_ALIGN(Var)  SEGGER_RTT_ALIGN(Var, SEGGER_RTT_BUFFER_ALIGNMENT)
ARM GAS  C:\Users\PRAETE~1\AppData\Local\Temp\ccgoOOhI.s 			page 6


 222:./segger-rtt/src/SEGGER_RTT.c **** #else
 223:./segger-rtt/src/SEGGER_RTT.c ****   #define SEGGER_RTT_BUFFER_ALIGN(Var)  Var
 224:./segger-rtt/src/SEGGER_RTT.c **** #endif
 225:./segger-rtt/src/SEGGER_RTT.c **** 
 226:./segger-rtt/src/SEGGER_RTT.c **** 
 227:./segger-rtt/src/SEGGER_RTT.c **** #if defined(SEGGER_RTT_SECTION)
 228:./segger-rtt/src/SEGGER_RTT.c ****   #define SEGGER_RTT_PUT_CB_SECTION(Var) SEGGER_RTT_PUT_SECTION(Var, SEGGER_RTT_SECTION)
 229:./segger-rtt/src/SEGGER_RTT.c **** #else
 230:./segger-rtt/src/SEGGER_RTT.c ****   #define SEGGER_RTT_PUT_CB_SECTION(Var) Var
 231:./segger-rtt/src/SEGGER_RTT.c **** #endif
 232:./segger-rtt/src/SEGGER_RTT.c **** 
 233:./segger-rtt/src/SEGGER_RTT.c **** #if defined(SEGGER_RTT_BUFFER_SECTION)
 234:./segger-rtt/src/SEGGER_RTT.c ****   #define SEGGER_RTT_PUT_BUFFER_SECTION(Var) SEGGER_RTT_PUT_SECTION(Var, SEGGER_RTT_BUFFER_SECTION)
 235:./segger-rtt/src/SEGGER_RTT.c **** #else
 236:./segger-rtt/src/SEGGER_RTT.c ****   #define SEGGER_RTT_PUT_BUFFER_SECTION(Var) Var
 237:./segger-rtt/src/SEGGER_RTT.c **** #endif
 238:./segger-rtt/src/SEGGER_RTT.c **** 
 239:./segger-rtt/src/SEGGER_RTT.c **** /*********************************************************************
 240:./segger-rtt/src/SEGGER_RTT.c **** *
 241:./segger-rtt/src/SEGGER_RTT.c **** *       Static const data
 242:./segger-rtt/src/SEGGER_RTT.c **** *
 243:./segger-rtt/src/SEGGER_RTT.c **** **********************************************************************
 244:./segger-rtt/src/SEGGER_RTT.c **** */
 245:./segger-rtt/src/SEGGER_RTT.c **** 
 246:./segger-rtt/src/SEGGER_RTT.c **** static const unsigned char _aTerminalId[16] = { '0', '1', '2', '3', '4', '5', '6', '7', '8', '9', '
 247:./segger-rtt/src/SEGGER_RTT.c **** 
 248:./segger-rtt/src/SEGGER_RTT.c **** /*********************************************************************
 249:./segger-rtt/src/SEGGER_RTT.c **** *
 250:./segger-rtt/src/SEGGER_RTT.c **** *       Static data
 251:./segger-rtt/src/SEGGER_RTT.c **** *
 252:./segger-rtt/src/SEGGER_RTT.c **** **********************************************************************
 253:./segger-rtt/src/SEGGER_RTT.c **** */
 254:./segger-rtt/src/SEGGER_RTT.c **** 
 255:./segger-rtt/src/SEGGER_RTT.c **** //
 256:./segger-rtt/src/SEGGER_RTT.c **** // RTT Control Block and allocate buffers for channel 0
 257:./segger-rtt/src/SEGGER_RTT.c **** //
 258:./segger-rtt/src/SEGGER_RTT.c **** #if SEGGER_RTT_CPU_CACHE_LINE_SIZE
 259:./segger-rtt/src/SEGGER_RTT.c ****   #if ((defined __GNUC__) || (defined __clang__))
 260:./segger-rtt/src/SEGGER_RTT.c ****     SEGGER_RTT_CB _SEGGER_RTT                                                             __attribu
 261:./segger-rtt/src/SEGGER_RTT.c ****     static char   _acUpBuffer  [SEGGER_RTT__ROUND_UP_2_CACHE_LINE_SIZE(BUFFER_SIZE_UP)]   __attribu
 262:./segger-rtt/src/SEGGER_RTT.c ****     static char   _acDownBuffer[SEGGER_RTT__ROUND_UP_2_CACHE_LINE_SIZE(BUFFER_SIZE_DOWN)] __attribu
 263:./segger-rtt/src/SEGGER_RTT.c ****   #elif (defined __ICCARM__)
 264:./segger-rtt/src/SEGGER_RTT.c ****     #pragma data_alignment=SEGGER_RTT_CPU_CACHE_LINE_SIZE
 265:./segger-rtt/src/SEGGER_RTT.c ****     SEGGER_RTT_CB _SEGGER_RTT;
 266:./segger-rtt/src/SEGGER_RTT.c ****     #pragma data_alignment=SEGGER_RTT_CPU_CACHE_LINE_SIZE
 267:./segger-rtt/src/SEGGER_RTT.c ****     static char   _acUpBuffer  [SEGGER_RTT__ROUND_UP_2_CACHE_LINE_SIZE(BUFFER_SIZE_UP)];
 268:./segger-rtt/src/SEGGER_RTT.c ****     #pragma data_alignment=SEGGER_RTT_CPU_CACHE_LINE_SIZE
 269:./segger-rtt/src/SEGGER_RTT.c ****     static char   _acDownBuffer[SEGGER_RTT__ROUND_UP_2_CACHE_LINE_SIZE(BUFFER_SIZE_DOWN)];
 270:./segger-rtt/src/SEGGER_RTT.c ****   #else
 271:./segger-rtt/src/SEGGER_RTT.c ****     #error "Don't know how to place _SEGGER_RTT, _acUpBuffer, _acDownBuffer cache-line aligned"
 272:./segger-rtt/src/SEGGER_RTT.c ****   #endif
 273:./segger-rtt/src/SEGGER_RTT.c **** #else
 274:./segger-rtt/src/SEGGER_RTT.c ****   SEGGER_RTT_PUT_CB_SECTION(SEGGER_RTT_CB_ALIGN(SEGGER_RTT_CB _SEGGER_RTT));
 275:./segger-rtt/src/SEGGER_RTT.c ****   SEGGER_RTT_PUT_BUFFER_SECTION(SEGGER_RTT_BUFFER_ALIGN(static char _acUpBuffer  [BUFFER_SIZE_UP]))
 276:./segger-rtt/src/SEGGER_RTT.c ****   SEGGER_RTT_PUT_BUFFER_SECTION(SEGGER_RTT_BUFFER_ALIGN(static char _acDownBuffer[BUFFER_SIZE_DOWN]
 277:./segger-rtt/src/SEGGER_RTT.c **** #endif
 278:./segger-rtt/src/SEGGER_RTT.c **** 
ARM GAS  C:\Users\PRAETE~1\AppData\Local\Temp\ccgoOOhI.s 			page 7


 279:./segger-rtt/src/SEGGER_RTT.c **** static unsigned char _ActiveTerminal;
 280:./segger-rtt/src/SEGGER_RTT.c **** 
 281:./segger-rtt/src/SEGGER_RTT.c **** /*********************************************************************
 282:./segger-rtt/src/SEGGER_RTT.c **** *
 283:./segger-rtt/src/SEGGER_RTT.c **** *       Static functions
 284:./segger-rtt/src/SEGGER_RTT.c **** *
 285:./segger-rtt/src/SEGGER_RTT.c **** **********************************************************************
 286:./segger-rtt/src/SEGGER_RTT.c **** */
 287:./segger-rtt/src/SEGGER_RTT.c **** 
 288:./segger-rtt/src/SEGGER_RTT.c **** /*********************************************************************
 289:./segger-rtt/src/SEGGER_RTT.c **** *
 290:./segger-rtt/src/SEGGER_RTT.c **** *       _DoInit()
 291:./segger-rtt/src/SEGGER_RTT.c **** *
 292:./segger-rtt/src/SEGGER_RTT.c **** *  Function description
 293:./segger-rtt/src/SEGGER_RTT.c **** *    Initializes the control block an buffers.
 294:./segger-rtt/src/SEGGER_RTT.c **** *
 295:./segger-rtt/src/SEGGER_RTT.c **** *  Notes
 296:./segger-rtt/src/SEGGER_RTT.c **** *    (1) May only be called via INIT() to avoid overriding settings.
 297:./segger-rtt/src/SEGGER_RTT.c **** *        The only exception is SEGGER_RTT_Init(), to make an intentional override possible.
 298:./segger-rtt/src/SEGGER_RTT.c **** */
 299:./segger-rtt/src/SEGGER_RTT.c ****   #define INIT()                                                                             \
 300:./segger-rtt/src/SEGGER_RTT.c ****     do {                                                                                     \
 301:./segger-rtt/src/SEGGER_RTT.c ****       volatile SEGGER_RTT_CB* pRTTCBInit;                                                    \
 302:./segger-rtt/src/SEGGER_RTT.c ****       pRTTCBInit = (volatile SEGGER_RTT_CB*)((uintptr_t)&_SEGGER_RTT + SEGGER_RTT_UNCACHED_OFF); \
 303:./segger-rtt/src/SEGGER_RTT.c ****       if (pRTTCBInit->acID[0] != 'S') {                                                      \
 304:./segger-rtt/src/SEGGER_RTT.c ****         _DoInit();                                                                           \
 305:./segger-rtt/src/SEGGER_RTT.c ****       }                                                                                      \
 306:./segger-rtt/src/SEGGER_RTT.c ****     } while (0)
 307:./segger-rtt/src/SEGGER_RTT.c **** 
 308:./segger-rtt/src/SEGGER_RTT.c **** static void _DoInit(void) {
  60              		.loc 1 308 27
  61              		.cfi_startproc
  62              		@ args = 0, pretend = 0, frame = 8
  63              		@ frame_needed = 1, uses_anonymous_args = 0
  64 0000 80B5     		push	{r7, lr}
  65              	.LCFI0:
  66              		.cfi_def_cfa_offset 8
  67              		.cfi_offset 7, -8
  68              		.cfi_offset 14, -4
  69 0002 82B0     		sub	sp, sp, #8
  70              	.LCFI1:
  71              		.cfi_def_cfa_offset 16
  72 0004 00AF     		add	r7, sp, #0
  73              	.LCFI2:
  74              		.cfi_def_cfa_register 7
 309:./segger-rtt/src/SEGGER_RTT.c ****   volatile SEGGER_RTT_CB* p;   // Volatile to make sure that compiler cannot change the order of ac
 310:./segger-rtt/src/SEGGER_RTT.c ****   static const char _aInitStr[] = "\0\0\0\0\0\0TTR REGGES";  // Init complete ID string to make sur
 311:./segger-rtt/src/SEGGER_RTT.c ****   unsigned i;
 312:./segger-rtt/src/SEGGER_RTT.c ****   //
 313:./segger-rtt/src/SEGGER_RTT.c ****   // Initialize control block
 314:./segger-rtt/src/SEGGER_RTT.c ****   //
 315:./segger-rtt/src/SEGGER_RTT.c ****   p                     = (volatile SEGGER_RTT_CB*)((uintptr_t)&_SEGGER_RTT + SEGGER_RTT_UNCACHED_O
  75              		.loc 1 315 25
  76 0006 254B     		ldr	r3, .L4
  77 0008 3B60     		str	r3, [r7]
 316:./segger-rtt/src/SEGGER_RTT.c ****   memset((SEGGER_RTT_CB*)p, 0, sizeof(_SEGGER_RTT));         // Make sure that the RTT CB is always
  78              		.loc 1 316 3
ARM GAS  C:\Users\PRAETE~1\AppData\Local\Temp\ccgoOOhI.s 			page 8


  79 000a A822     		movs	r2, #168
  80 000c 0021     		movs	r1, #0
  81 000e 3868     		ldr	r0, [r7]
  82 0010 FFF7FEFF 		bl	memset
 317:./segger-rtt/src/SEGGER_RTT.c ****   p->MaxNumUpBuffers    = SEGGER_RTT_MAX_NUM_UP_BUFFERS;
  83              		.loc 1 317 25
  84 0014 3B68     		ldr	r3, [r7]
  85 0016 0322     		movs	r2, #3
  86 0018 1A61     		str	r2, [r3, #16]
 318:./segger-rtt/src/SEGGER_RTT.c ****   p->MaxNumDownBuffers  = SEGGER_RTT_MAX_NUM_DOWN_BUFFERS;
  87              		.loc 1 318 25
  88 001a 3B68     		ldr	r3, [r7]
  89 001c 0322     		movs	r2, #3
  90 001e 5A61     		str	r2, [r3, #20]
 319:./segger-rtt/src/SEGGER_RTT.c ****   //
 320:./segger-rtt/src/SEGGER_RTT.c ****   // Initialize up buffer 0
 321:./segger-rtt/src/SEGGER_RTT.c ****   //
 322:./segger-rtt/src/SEGGER_RTT.c ****   p->aUp[0].sName         = "Terminal";
  91              		.loc 1 322 27
  92 0020 3B68     		ldr	r3, [r7]
  93 0022 1F4A     		ldr	r2, .L4+4
  94 0024 9A61     		str	r2, [r3, #24]
 323:./segger-rtt/src/SEGGER_RTT.c ****   p->aUp[0].pBuffer       = _acUpBuffer;
  95              		.loc 1 323 27
  96 0026 3B68     		ldr	r3, [r7]
  97 0028 1E4A     		ldr	r2, .L4+8
  98 002a DA61     		str	r2, [r3, #28]
 324:./segger-rtt/src/SEGGER_RTT.c ****   p->aUp[0].SizeOfBuffer  = BUFFER_SIZE_UP;
  99              		.loc 1 324 27
 100 002c 3B68     		ldr	r3, [r7]
 101 002e 4FF48062 		mov	r2, #1024
 102 0032 1A62     		str	r2, [r3, #32]
 325:./segger-rtt/src/SEGGER_RTT.c ****   p->aUp[0].RdOff         = 0u;
 103              		.loc 1 325 27
 104 0034 3B68     		ldr	r3, [r7]
 105 0036 0022     		movs	r2, #0
 106 0038 9A62     		str	r2, [r3, #40]
 326:./segger-rtt/src/SEGGER_RTT.c ****   p->aUp[0].WrOff         = 0u;
 107              		.loc 1 326 27
 108 003a 3B68     		ldr	r3, [r7]
 109 003c 0022     		movs	r2, #0
 110 003e 5A62     		str	r2, [r3, #36]
 327:./segger-rtt/src/SEGGER_RTT.c ****   p->aUp[0].Flags         = SEGGER_RTT_MODE_DEFAULT;
 111              		.loc 1 327 27
 112 0040 3B68     		ldr	r3, [r7]
 113 0042 0022     		movs	r2, #0
 114 0044 DA62     		str	r2, [r3, #44]
 328:./segger-rtt/src/SEGGER_RTT.c ****   //
 329:./segger-rtt/src/SEGGER_RTT.c ****   // Initialize down buffer 0
 330:./segger-rtt/src/SEGGER_RTT.c ****   //
 331:./segger-rtt/src/SEGGER_RTT.c ****   p->aDown[0].sName         = "Terminal";
 115              		.loc 1 331 29
 116 0046 3B68     		ldr	r3, [r7]
 117 0048 154A     		ldr	r2, .L4+4
 118 004a 1A66     		str	r2, [r3, #96]
 332:./segger-rtt/src/SEGGER_RTT.c ****   p->aDown[0].pBuffer       = _acDownBuffer;
 119              		.loc 1 332 29
ARM GAS  C:\Users\PRAETE~1\AppData\Local\Temp\ccgoOOhI.s 			page 9


 120 004c 3B68     		ldr	r3, [r7]
 121 004e 164A     		ldr	r2, .L4+12
 122 0050 5A66     		str	r2, [r3, #100]
 333:./segger-rtt/src/SEGGER_RTT.c ****   p->aDown[0].SizeOfBuffer  = BUFFER_SIZE_DOWN;
 123              		.loc 1 333 29
 124 0052 3B68     		ldr	r3, [r7]
 125 0054 1022     		movs	r2, #16
 126 0056 9A66     		str	r2, [r3, #104]
 334:./segger-rtt/src/SEGGER_RTT.c ****   p->aDown[0].RdOff         = 0u;
 127              		.loc 1 334 29
 128 0058 3B68     		ldr	r3, [r7]
 129 005a 0022     		movs	r2, #0
 130 005c 1A67     		str	r2, [r3, #112]
 335:./segger-rtt/src/SEGGER_RTT.c ****   p->aDown[0].WrOff         = 0u;
 131              		.loc 1 335 29
 132 005e 3B68     		ldr	r3, [r7]
 133 0060 0022     		movs	r2, #0
 134 0062 DA66     		str	r2, [r3, #108]
 336:./segger-rtt/src/SEGGER_RTT.c ****   p->aDown[0].Flags         = SEGGER_RTT_MODE_DEFAULT;
 135              		.loc 1 336 29
 136 0064 3B68     		ldr	r3, [r7]
 137 0066 0022     		movs	r2, #0
 138 0068 5A67     		str	r2, [r3, #116]
 337:./segger-rtt/src/SEGGER_RTT.c ****   //
 338:./segger-rtt/src/SEGGER_RTT.c ****   // Finish initialization of the control block.
 339:./segger-rtt/src/SEGGER_RTT.c ****   // Copy Id string backwards to make sure that "SEGGER RTT" is not found in initializer memory (us
 340:./segger-rtt/src/SEGGER_RTT.c ****   // as this would cause J-Link to "find" the control block at a wrong address.
 341:./segger-rtt/src/SEGGER_RTT.c ****   //
 342:./segger-rtt/src/SEGGER_RTT.c ****   RTT__DMB();                       // Force order of memory accesses for cores that may perform ou
 343:./segger-rtt/src/SEGGER_RTT.c ****   for (i = 0; i < sizeof(_aInitStr) - 1; ++i) {
 139              		.loc 1 343 10
 140 006a 0023     		movs	r3, #0
 141 006c 7B60     		str	r3, [r7, #4]
 142              		.loc 1 343 3
 143 006e 0CE0     		b	.L2
 144              	.L3:
 344:./segger-rtt/src/SEGGER_RTT.c ****     p->acID[i] = _aInitStr[sizeof(_aInitStr) - 2 - i];  // Skip terminating \0 at the end of the ar
 145              		.loc 1 344 50
 146 0070 7B68     		ldr	r3, [r7, #4]
 147 0072 C3F10F03 		rsb	r3, r3, #15
 148              		.loc 1 344 27
 149 0076 0D4A     		ldr	r2, .L4+16
 150 0078 D15C     		ldrb	r1, [r2, r3]	@ zero_extendqisi2
 151              		.loc 1 344 16
 152 007a 3A68     		ldr	r2, [r7]
 153 007c 7B68     		ldr	r3, [r7, #4]
 154 007e 1344     		add	r3, r3, r2
 155 0080 0A46     		mov	r2, r1
 156 0082 1A70     		strb	r2, [r3]
 343:./segger-rtt/src/SEGGER_RTT.c ****     p->acID[i] = _aInitStr[sizeof(_aInitStr) - 2 - i];  // Skip terminating \0 at the end of the ar
 157              		.loc 1 343 42 discriminator 3
 158 0084 7B68     		ldr	r3, [r7, #4]
 159 0086 0133     		adds	r3, r3, #1
 160 0088 7B60     		str	r3, [r7, #4]
 161              	.L2:
 343:./segger-rtt/src/SEGGER_RTT.c ****     p->acID[i] = _aInitStr[sizeof(_aInitStr) - 2 - i];  // Skip terminating \0 at the end of the ar
 162              		.loc 1 343 17 discriminator 1
ARM GAS  C:\Users\PRAETE~1\AppData\Local\Temp\ccgoOOhI.s 			page 10


 163 008a 7B68     		ldr	r3, [r7, #4]
 164 008c 0F2B     		cmp	r3, #15
 165 008e EFD9     		bls	.L3
 345:./segger-rtt/src/SEGGER_RTT.c ****   }
 346:./segger-rtt/src/SEGGER_RTT.c ****   RTT__DMB();                       // Force order of memory accesses for cores that may perform ou
 347:./segger-rtt/src/SEGGER_RTT.c **** }
 166              		.loc 1 347 1
 167 0090 00BF     		nop
 168 0092 00BF     		nop
 169 0094 0837     		adds	r7, r7, #8
 170              	.LCFI3:
 171              		.cfi_def_cfa_offset 8
 172 0096 BD46     		mov	sp, r7
 173              	.LCFI4:
 174              		.cfi_def_cfa_register 13
 175              		@ sp needed
 176 0098 80BD     		pop	{r7, pc}
 177              	.L5:
 178 009a 00BF     		.align	2
 179              	.L4:
 180 009c 00000000 		.word	_SEGGER_RTT
 181 00a0 00000000 		.word	.LC0
 182 00a4 00000000 		.word	_acUpBuffer
 183 00a8 00000000 		.word	_acDownBuffer
 184 00ac 00000000 		.word	_aInitStr.0
 185              		.cfi_endproc
 186              	.LFE0:
 188              		.section	.text._WriteBlocking,"ax",%progbits
 189              		.align	1
 190              		.syntax unified
 191              		.thumb
 192              		.thumb_func
 194              	_WriteBlocking:
 195              	.LFB1:
 348:./segger-rtt/src/SEGGER_RTT.c **** 
 349:./segger-rtt/src/SEGGER_RTT.c **** /*********************************************************************
 350:./segger-rtt/src/SEGGER_RTT.c **** *
 351:./segger-rtt/src/SEGGER_RTT.c **** *       _WriteBlocking()
 352:./segger-rtt/src/SEGGER_RTT.c **** *
 353:./segger-rtt/src/SEGGER_RTT.c **** *  Function description
 354:./segger-rtt/src/SEGGER_RTT.c **** *    Stores a specified number of characters in SEGGER RTT ring buffer
 355:./segger-rtt/src/SEGGER_RTT.c **** *    and updates the associated write pointer which is periodically
 356:./segger-rtt/src/SEGGER_RTT.c **** *    read by the host.
 357:./segger-rtt/src/SEGGER_RTT.c **** *    The caller is responsible for managing the write chunk sizes as
 358:./segger-rtt/src/SEGGER_RTT.c **** *    _WriteBlocking() will block until all data has been posted successfully.
 359:./segger-rtt/src/SEGGER_RTT.c **** *
 360:./segger-rtt/src/SEGGER_RTT.c **** *  Parameters
 361:./segger-rtt/src/SEGGER_RTT.c **** *    pRing        Ring buffer to post to.
 362:./segger-rtt/src/SEGGER_RTT.c **** *    pBuffer      Pointer to character array. Does not need to point to a \0 terminated string.
 363:./segger-rtt/src/SEGGER_RTT.c **** *    NumBytes     Number of bytes to be stored in the SEGGER RTT control block.
 364:./segger-rtt/src/SEGGER_RTT.c **** *
 365:./segger-rtt/src/SEGGER_RTT.c **** *  Return value
 366:./segger-rtt/src/SEGGER_RTT.c **** *    >= 0 - Number of bytes written into buffer.
 367:./segger-rtt/src/SEGGER_RTT.c **** */
 368:./segger-rtt/src/SEGGER_RTT.c **** static unsigned _WriteBlocking(SEGGER_RTT_BUFFER_UP* pRing, const char* pBuffer, unsigned NumBytes)
 196              		.loc 1 368 101
 197              		.cfi_startproc
ARM GAS  C:\Users\PRAETE~1\AppData\Local\Temp\ccgoOOhI.s 			page 11


 198              		@ args = 0, pretend = 0, frame = 40
 199              		@ frame_needed = 1, uses_anonymous_args = 0
 200 0000 80B5     		push	{r7, lr}
 201              	.LCFI5:
 202              		.cfi_def_cfa_offset 8
 203              		.cfi_offset 7, -8
 204              		.cfi_offset 14, -4
 205 0002 8AB0     		sub	sp, sp, #40
 206              	.LCFI6:
 207              		.cfi_def_cfa_offset 48
 208 0004 00AF     		add	r7, sp, #0
 209              	.LCFI7:
 210              		.cfi_def_cfa_register 7
 211 0006 F860     		str	r0, [r7, #12]
 212 0008 B960     		str	r1, [r7, #8]
 213 000a 7A60     		str	r2, [r7, #4]
 369:./segger-rtt/src/SEGGER_RTT.c ****   unsigned NumBytesToWrite;
 370:./segger-rtt/src/SEGGER_RTT.c ****   unsigned NumBytesWritten;
 371:./segger-rtt/src/SEGGER_RTT.c ****   unsigned RdOff;
 372:./segger-rtt/src/SEGGER_RTT.c ****   unsigned WrOff;
 373:./segger-rtt/src/SEGGER_RTT.c ****   volatile char* pDst;
 374:./segger-rtt/src/SEGGER_RTT.c ****   //
 375:./segger-rtt/src/SEGGER_RTT.c ****   // Write data to buffer and handle wrap-around if necessary
 376:./segger-rtt/src/SEGGER_RTT.c ****   //
 377:./segger-rtt/src/SEGGER_RTT.c ****   NumBytesWritten = 0u;
 214              		.loc 1 377 19
 215 000c 0023     		movs	r3, #0
 216 000e 3B62     		str	r3, [r7, #32]
 378:./segger-rtt/src/SEGGER_RTT.c ****   WrOff = pRing->WrOff;
 217              		.loc 1 378 9
 218 0010 FB68     		ldr	r3, [r7, #12]
 219 0012 DB68     		ldr	r3, [r3, #12]
 220 0014 FB61     		str	r3, [r7, #28]
 221              	.L10:
 379:./segger-rtt/src/SEGGER_RTT.c ****   do {
 380:./segger-rtt/src/SEGGER_RTT.c ****     RdOff = pRing->RdOff;                         // May be changed by host (debug probe) in the me
 222              		.loc 1 380 11
 223 0016 FB68     		ldr	r3, [r7, #12]
 224 0018 1B69     		ldr	r3, [r3, #16]
 225 001a BB61     		str	r3, [r7, #24]
 381:./segger-rtt/src/SEGGER_RTT.c ****     if (RdOff > WrOff) {
 226              		.loc 1 381 8
 227 001c BA69     		ldr	r2, [r7, #24]
 228 001e FB69     		ldr	r3, [r7, #28]
 229 0020 9A42     		cmp	r2, r3
 230 0022 05D9     		bls	.L7
 382:./segger-rtt/src/SEGGER_RTT.c ****       NumBytesToWrite = RdOff - WrOff - 1u;
 231              		.loc 1 382 31
 232 0024 BA69     		ldr	r2, [r7, #24]
 233 0026 FB69     		ldr	r3, [r7, #28]
 234 0028 D31A     		subs	r3, r2, r3
 235              		.loc 1 382 23
 236 002a 013B     		subs	r3, r3, #1
 237 002c 7B62     		str	r3, [r7, #36]
 238 002e 07E0     		b	.L8
 239              	.L7:
 383:./segger-rtt/src/SEGGER_RTT.c ****     } else {
ARM GAS  C:\Users\PRAETE~1\AppData\Local\Temp\ccgoOOhI.s 			page 12


 384:./segger-rtt/src/SEGGER_RTT.c ****       NumBytesToWrite = pRing->SizeOfBuffer - (WrOff - RdOff + 1u);
 240              		.loc 1 384 30
 241 0030 FB68     		ldr	r3, [r7, #12]
 242 0032 9A68     		ldr	r2, [r3, #8]
 243              		.loc 1 384 62
 244 0034 B969     		ldr	r1, [r7, #24]
 245 0036 FB69     		ldr	r3, [r7, #28]
 246 0038 CB1A     		subs	r3, r1, r3
 247              		.loc 1 384 45
 248 003a 1344     		add	r3, r3, r2
 249              		.loc 1 384 23
 250 003c 013B     		subs	r3, r3, #1
 251 003e 7B62     		str	r3, [r7, #36]
 252              	.L8:
 385:./segger-rtt/src/SEGGER_RTT.c ****     }
 386:./segger-rtt/src/SEGGER_RTT.c ****     NumBytesToWrite = MIN(NumBytesToWrite, (pRing->SizeOfBuffer - WrOff));      // Number of bytes 
 253              		.loc 1 386 23
 254 0040 FB68     		ldr	r3, [r7, #12]
 255 0042 9A68     		ldr	r2, [r3, #8]
 256 0044 FB69     		ldr	r3, [r7, #28]
 257 0046 D31A     		subs	r3, r2, r3
 258              		.loc 1 386 21
 259 0048 7A6A     		ldr	r2, [r7, #36]
 260 004a 9342     		cmp	r3, r2
 261 004c 28BF     		it	cs
 262 004e 1346     		movcs	r3, r2
 263 0050 7B62     		str	r3, [r7, #36]
 387:./segger-rtt/src/SEGGER_RTT.c ****     NumBytesToWrite = MIN(NumBytesToWrite, NumBytes);
 264              		.loc 1 387 21
 265 0052 7A6A     		ldr	r2, [r7, #36]
 266 0054 7B68     		ldr	r3, [r7, #4]
 267 0056 9342     		cmp	r3, r2
 268 0058 28BF     		it	cs
 269 005a 1346     		movcs	r3, r2
 270 005c 7B62     		str	r3, [r7, #36]
 388:./segger-rtt/src/SEGGER_RTT.c ****     pDst = (pRing->pBuffer + WrOff) + SEGGER_RTT_UNCACHED_OFF;
 271              		.loc 1 388 18
 272 005e FB68     		ldr	r3, [r7, #12]
 273 0060 5A68     		ldr	r2, [r3, #4]
 274              		.loc 1 388 10
 275 0062 FB69     		ldr	r3, [r7, #28]
 276 0064 1344     		add	r3, r3, r2
 277 0066 7B61     		str	r3, [r7, #20]
 389:./segger-rtt/src/SEGGER_RTT.c **** #if SEGGER_RTT_MEMCPY_USE_BYTELOOP
 390:./segger-rtt/src/SEGGER_RTT.c ****     NumBytesWritten += NumBytesToWrite;
 391:./segger-rtt/src/SEGGER_RTT.c ****     NumBytes        -= NumBytesToWrite;
 392:./segger-rtt/src/SEGGER_RTT.c ****     WrOff           += NumBytesToWrite;
 393:./segger-rtt/src/SEGGER_RTT.c ****     while (NumBytesToWrite--) {
 394:./segger-rtt/src/SEGGER_RTT.c ****       *pDst++ = *pBuffer++;
 395:./segger-rtt/src/SEGGER_RTT.c ****     };
 396:./segger-rtt/src/SEGGER_RTT.c **** #else
 397:./segger-rtt/src/SEGGER_RTT.c ****     SEGGER_RTT_MEMCPY((void*)pDst, pBuffer, NumBytesToWrite);
 278              		.loc 1 397 5
 279 0068 7A6A     		ldr	r2, [r7, #36]
 280 006a B968     		ldr	r1, [r7, #8]
 281 006c 7869     		ldr	r0, [r7, #20]
 282 006e FFF7FEFF 		bl	memcpy
ARM GAS  C:\Users\PRAETE~1\AppData\Local\Temp\ccgoOOhI.s 			page 13


 398:./segger-rtt/src/SEGGER_RTT.c ****     NumBytesWritten += NumBytesToWrite;
 283              		.loc 1 398 21
 284 0072 3A6A     		ldr	r2, [r7, #32]
 285 0074 7B6A     		ldr	r3, [r7, #36]
 286 0076 1344     		add	r3, r3, r2
 287 0078 3B62     		str	r3, [r7, #32]
 399:./segger-rtt/src/SEGGER_RTT.c ****     pBuffer         += NumBytesToWrite;
 288              		.loc 1 399 21
 289 007a BA68     		ldr	r2, [r7, #8]
 290 007c 7B6A     		ldr	r3, [r7, #36]
 291 007e 1344     		add	r3, r3, r2
 292 0080 BB60     		str	r3, [r7, #8]
 400:./segger-rtt/src/SEGGER_RTT.c ****     NumBytes        -= NumBytesToWrite;
 293              		.loc 1 400 21
 294 0082 7A68     		ldr	r2, [r7, #4]
 295 0084 7B6A     		ldr	r3, [r7, #36]
 296 0086 D31A     		subs	r3, r2, r3
 297 0088 7B60     		str	r3, [r7, #4]
 401:./segger-rtt/src/SEGGER_RTT.c ****     WrOff           += NumBytesToWrite;
 298              		.loc 1 401 21
 299 008a FA69     		ldr	r2, [r7, #28]
 300 008c 7B6A     		ldr	r3, [r7, #36]
 301 008e 1344     		add	r3, r3, r2
 302 0090 FB61     		str	r3, [r7, #28]
 402:./segger-rtt/src/SEGGER_RTT.c **** #endif
 403:./segger-rtt/src/SEGGER_RTT.c ****     if (WrOff == pRing->SizeOfBuffer) {
 303              		.loc 1 403 23
 304 0092 FB68     		ldr	r3, [r7, #12]
 305 0094 9B68     		ldr	r3, [r3, #8]
 306              		.loc 1 403 8
 307 0096 FA69     		ldr	r2, [r7, #28]
 308 0098 9A42     		cmp	r2, r3
 309 009a 01D1     		bne	.L9
 404:./segger-rtt/src/SEGGER_RTT.c ****       WrOff = 0u;
 310              		.loc 1 404 13
 311 009c 0023     		movs	r3, #0
 312 009e FB61     		str	r3, [r7, #28]
 313              	.L9:
 405:./segger-rtt/src/SEGGER_RTT.c ****     }
 406:./segger-rtt/src/SEGGER_RTT.c ****     RTT__DMB();                     // Force data write to be complete before writing the <WrOff>, 
 407:./segger-rtt/src/SEGGER_RTT.c ****     pRing->WrOff = WrOff;
 314              		.loc 1 407 18
 315 00a0 FB68     		ldr	r3, [r7, #12]
 316 00a2 FA69     		ldr	r2, [r7, #28]
 317 00a4 DA60     		str	r2, [r3, #12]
 408:./segger-rtt/src/SEGGER_RTT.c ****   } while (NumBytes);
 318              		.loc 1 408 12
 319 00a6 7B68     		ldr	r3, [r7, #4]
 320 00a8 002B     		cmp	r3, #0
 321 00aa B4D1     		bne	.L10
 409:./segger-rtt/src/SEGGER_RTT.c ****   return NumBytesWritten;
 322              		.loc 1 409 10
 323 00ac 3B6A     		ldr	r3, [r7, #32]
 410:./segger-rtt/src/SEGGER_RTT.c **** }
 324              		.loc 1 410 1
 325 00ae 1846     		mov	r0, r3
 326 00b0 2837     		adds	r7, r7, #40
ARM GAS  C:\Users\PRAETE~1\AppData\Local\Temp\ccgoOOhI.s 			page 14


 327              	.LCFI8:
 328              		.cfi_def_cfa_offset 8
 329 00b2 BD46     		mov	sp, r7
 330              	.LCFI9:
 331              		.cfi_def_cfa_register 13
 332              		@ sp needed
 333 00b4 80BD     		pop	{r7, pc}
 334              		.cfi_endproc
 335              	.LFE1:
 337              		.section	.text._WriteNoCheck,"ax",%progbits
 338              		.align	1
 339              		.syntax unified
 340              		.thumb
 341              		.thumb_func
 343              	_WriteNoCheck:
 344              	.LFB2:
 411:./segger-rtt/src/SEGGER_RTT.c **** 
 412:./segger-rtt/src/SEGGER_RTT.c **** /*********************************************************************
 413:./segger-rtt/src/SEGGER_RTT.c **** *
 414:./segger-rtt/src/SEGGER_RTT.c **** *       _WriteNoCheck()
 415:./segger-rtt/src/SEGGER_RTT.c **** *
 416:./segger-rtt/src/SEGGER_RTT.c **** *  Function description
 417:./segger-rtt/src/SEGGER_RTT.c **** *    Stores a specified number of characters in SEGGER RTT ring buffer
 418:./segger-rtt/src/SEGGER_RTT.c **** *    and updates the associated write pointer which is periodically
 419:./segger-rtt/src/SEGGER_RTT.c **** *    read by the host.
 420:./segger-rtt/src/SEGGER_RTT.c **** *    It is callers responsibility to make sure data actually fits in buffer.
 421:./segger-rtt/src/SEGGER_RTT.c **** *
 422:./segger-rtt/src/SEGGER_RTT.c **** *  Parameters
 423:./segger-rtt/src/SEGGER_RTT.c **** *    pRing        Ring buffer to post to.
 424:./segger-rtt/src/SEGGER_RTT.c **** *    pBuffer      Pointer to character array. Does not need to point to a \0 terminated string.
 425:./segger-rtt/src/SEGGER_RTT.c **** *    NumBytes     Number of bytes to be stored in the SEGGER RTT control block.
 426:./segger-rtt/src/SEGGER_RTT.c **** *
 427:./segger-rtt/src/SEGGER_RTT.c **** *  Notes
 428:./segger-rtt/src/SEGGER_RTT.c **** *    (1) If there might not be enough space in the "Up"-buffer, call _WriteBlocking
 429:./segger-rtt/src/SEGGER_RTT.c **** */
 430:./segger-rtt/src/SEGGER_RTT.c **** static void _WriteNoCheck(SEGGER_RTT_BUFFER_UP* pRing, const char* pData, unsigned NumBytes) {
 345              		.loc 1 430 94
 346              		.cfi_startproc
 347              		@ args = 0, pretend = 0, frame = 32
 348              		@ frame_needed = 1, uses_anonymous_args = 0
 349 0000 80B5     		push	{r7, lr}
 350              	.LCFI10:
 351              		.cfi_def_cfa_offset 8
 352              		.cfi_offset 7, -8
 353              		.cfi_offset 14, -4
 354 0002 88B0     		sub	sp, sp, #32
 355              	.LCFI11:
 356              		.cfi_def_cfa_offset 40
 357 0004 00AF     		add	r7, sp, #0
 358              	.LCFI12:
 359              		.cfi_def_cfa_register 7
 360 0006 F860     		str	r0, [r7, #12]
 361 0008 B960     		str	r1, [r7, #8]
 362 000a 7A60     		str	r2, [r7, #4]
 431:./segger-rtt/src/SEGGER_RTT.c ****   unsigned NumBytesAtOnce;
 432:./segger-rtt/src/SEGGER_RTT.c ****   unsigned WrOff;
 433:./segger-rtt/src/SEGGER_RTT.c ****   unsigned Rem;
ARM GAS  C:\Users\PRAETE~1\AppData\Local\Temp\ccgoOOhI.s 			page 15


 434:./segger-rtt/src/SEGGER_RTT.c ****   volatile char* pDst;
 435:./segger-rtt/src/SEGGER_RTT.c **** 
 436:./segger-rtt/src/SEGGER_RTT.c ****   WrOff = pRing->WrOff;
 363              		.loc 1 436 9
 364 000c FB68     		ldr	r3, [r7, #12]
 365 000e DB68     		ldr	r3, [r3, #12]
 366 0010 FB61     		str	r3, [r7, #28]
 437:./segger-rtt/src/SEGGER_RTT.c ****   Rem = pRing->SizeOfBuffer - WrOff;
 367              		.loc 1 437 14
 368 0012 FB68     		ldr	r3, [r7, #12]
 369 0014 9A68     		ldr	r2, [r3, #8]
 370              		.loc 1 437 7
 371 0016 FB69     		ldr	r3, [r7, #28]
 372 0018 D31A     		subs	r3, r2, r3
 373 001a BB61     		str	r3, [r7, #24]
 438:./segger-rtt/src/SEGGER_RTT.c ****   if (Rem > NumBytes) {
 374              		.loc 1 438 6
 375 001c BA69     		ldr	r2, [r7, #24]
 376 001e 7B68     		ldr	r3, [r7, #4]
 377 0020 9A42     		cmp	r2, r3
 378 0022 0FD9     		bls	.L13
 439:./segger-rtt/src/SEGGER_RTT.c ****     //
 440:./segger-rtt/src/SEGGER_RTT.c ****     // All data fits before wrap around
 441:./segger-rtt/src/SEGGER_RTT.c ****     //
 442:./segger-rtt/src/SEGGER_RTT.c ****     pDst = (pRing->pBuffer + WrOff) + SEGGER_RTT_UNCACHED_OFF;
 379              		.loc 1 442 18
 380 0024 FB68     		ldr	r3, [r7, #12]
 381 0026 5A68     		ldr	r2, [r3, #4]
 382              		.loc 1 442 10
 383 0028 FB69     		ldr	r3, [r7, #28]
 384 002a 1344     		add	r3, r3, r2
 385 002c 3B61     		str	r3, [r7, #16]
 443:./segger-rtt/src/SEGGER_RTT.c **** #if SEGGER_RTT_MEMCPY_USE_BYTELOOP
 444:./segger-rtt/src/SEGGER_RTT.c ****     WrOff += NumBytes;
 445:./segger-rtt/src/SEGGER_RTT.c ****     while (NumBytes--) {
 446:./segger-rtt/src/SEGGER_RTT.c ****       *pDst++ = *pData++;
 447:./segger-rtt/src/SEGGER_RTT.c ****     };
 448:./segger-rtt/src/SEGGER_RTT.c ****     RTT__DMB();                     // Force data write to be complete before writing the <WrOff>, 
 449:./segger-rtt/src/SEGGER_RTT.c ****     pRing->WrOff = WrOff;
 450:./segger-rtt/src/SEGGER_RTT.c **** #else
 451:./segger-rtt/src/SEGGER_RTT.c ****     SEGGER_RTT_MEMCPY((void*)pDst, pData, NumBytes);
 386              		.loc 1 451 5
 387 002e 7A68     		ldr	r2, [r7, #4]
 388 0030 B968     		ldr	r1, [r7, #8]
 389 0032 3869     		ldr	r0, [r7, #16]
 390 0034 FFF7FEFF 		bl	memcpy
 452:./segger-rtt/src/SEGGER_RTT.c ****     RTT__DMB();                     // Force data write to be complete before writing the <WrOff>, 
 453:./segger-rtt/src/SEGGER_RTT.c ****     pRing->WrOff = WrOff + NumBytes;
 391              		.loc 1 453 26
 392 0038 FA69     		ldr	r2, [r7, #28]
 393 003a 7B68     		ldr	r3, [r7, #4]
 394 003c 1A44     		add	r2, r2, r3
 395              		.loc 1 453 18
 396 003e FB68     		ldr	r3, [r7, #12]
 397 0040 DA60     		str	r2, [r3, #12]
 454:./segger-rtt/src/SEGGER_RTT.c **** #endif
 455:./segger-rtt/src/SEGGER_RTT.c ****   } else {
ARM GAS  C:\Users\PRAETE~1\AppData\Local\Temp\ccgoOOhI.s 			page 16


 456:./segger-rtt/src/SEGGER_RTT.c ****     //
 457:./segger-rtt/src/SEGGER_RTT.c ****     // We reach the end of the buffer, so need to wrap around
 458:./segger-rtt/src/SEGGER_RTT.c ****     //
 459:./segger-rtt/src/SEGGER_RTT.c **** #if SEGGER_RTT_MEMCPY_USE_BYTELOOP
 460:./segger-rtt/src/SEGGER_RTT.c ****     pDst = (pRing->pBuffer + WrOff) + SEGGER_RTT_UNCACHED_OFF;
 461:./segger-rtt/src/SEGGER_RTT.c ****     NumBytesAtOnce = Rem;
 462:./segger-rtt/src/SEGGER_RTT.c ****     while (NumBytesAtOnce--) {
 463:./segger-rtt/src/SEGGER_RTT.c ****       *pDst++ = *pData++;
 464:./segger-rtt/src/SEGGER_RTT.c ****     };
 465:./segger-rtt/src/SEGGER_RTT.c ****     pDst = pRing->pBuffer + SEGGER_RTT_UNCACHED_OFF;
 466:./segger-rtt/src/SEGGER_RTT.c ****     NumBytesAtOnce = NumBytes - Rem;
 467:./segger-rtt/src/SEGGER_RTT.c ****     while (NumBytesAtOnce--) {
 468:./segger-rtt/src/SEGGER_RTT.c ****       *pDst++ = *pData++;
 469:./segger-rtt/src/SEGGER_RTT.c ****     };
 470:./segger-rtt/src/SEGGER_RTT.c ****     RTT__DMB();                     // Force data write to be complete before writing the <WrOff>, 
 471:./segger-rtt/src/SEGGER_RTT.c ****     pRing->WrOff = NumBytes - Rem;
 472:./segger-rtt/src/SEGGER_RTT.c **** #else
 473:./segger-rtt/src/SEGGER_RTT.c ****     NumBytesAtOnce = Rem;
 474:./segger-rtt/src/SEGGER_RTT.c ****     pDst = (pRing->pBuffer + WrOff) + SEGGER_RTT_UNCACHED_OFF;
 475:./segger-rtt/src/SEGGER_RTT.c ****     SEGGER_RTT_MEMCPY((void*)pDst, pData, NumBytesAtOnce);
 476:./segger-rtt/src/SEGGER_RTT.c ****     NumBytesAtOnce = NumBytes - Rem;
 477:./segger-rtt/src/SEGGER_RTT.c ****     pDst = pRing->pBuffer + SEGGER_RTT_UNCACHED_OFF;
 478:./segger-rtt/src/SEGGER_RTT.c ****     SEGGER_RTT_MEMCPY((void*)pDst, pData + Rem, NumBytesAtOnce);
 479:./segger-rtt/src/SEGGER_RTT.c ****     RTT__DMB();                     // Force data write to be complete before writing the <WrOff>, 
 480:./segger-rtt/src/SEGGER_RTT.c ****     pRing->WrOff = NumBytesAtOnce;
 481:./segger-rtt/src/SEGGER_RTT.c **** #endif
 482:./segger-rtt/src/SEGGER_RTT.c ****   }
 483:./segger-rtt/src/SEGGER_RTT.c **** }
 398              		.loc 1 483 1
 399 0042 1DE0     		b	.L15
 400              	.L13:
 473:./segger-rtt/src/SEGGER_RTT.c ****     pDst = (pRing->pBuffer + WrOff) + SEGGER_RTT_UNCACHED_OFF;
 401              		.loc 1 473 20
 402 0044 BB69     		ldr	r3, [r7, #24]
 403 0046 7B61     		str	r3, [r7, #20]
 474:./segger-rtt/src/SEGGER_RTT.c ****     SEGGER_RTT_MEMCPY((void*)pDst, pData, NumBytesAtOnce);
 404              		.loc 1 474 18
 405 0048 FB68     		ldr	r3, [r7, #12]
 406 004a 5A68     		ldr	r2, [r3, #4]
 474:./segger-rtt/src/SEGGER_RTT.c ****     SEGGER_RTT_MEMCPY((void*)pDst, pData, NumBytesAtOnce);
 407              		.loc 1 474 10
 408 004c FB69     		ldr	r3, [r7, #28]
 409 004e 1344     		add	r3, r3, r2
 410 0050 3B61     		str	r3, [r7, #16]
 475:./segger-rtt/src/SEGGER_RTT.c ****     NumBytesAtOnce = NumBytes - Rem;
 411              		.loc 1 475 5
 412 0052 7A69     		ldr	r2, [r7, #20]
 413 0054 B968     		ldr	r1, [r7, #8]
 414 0056 3869     		ldr	r0, [r7, #16]
 415 0058 FFF7FEFF 		bl	memcpy
 476:./segger-rtt/src/SEGGER_RTT.c ****     pDst = pRing->pBuffer + SEGGER_RTT_UNCACHED_OFF;
 416              		.loc 1 476 20
 417 005c 7A68     		ldr	r2, [r7, #4]
 418 005e BB69     		ldr	r3, [r7, #24]
 419 0060 D31A     		subs	r3, r2, r3
 420 0062 7B61     		str	r3, [r7, #20]
 477:./segger-rtt/src/SEGGER_RTT.c ****     SEGGER_RTT_MEMCPY((void*)pDst, pData + Rem, NumBytesAtOnce);
ARM GAS  C:\Users\PRAETE~1\AppData\Local\Temp\ccgoOOhI.s 			page 17


 421              		.loc 1 477 10
 422 0064 FB68     		ldr	r3, [r7, #12]
 423 0066 5B68     		ldr	r3, [r3, #4]
 424 0068 3B61     		str	r3, [r7, #16]
 478:./segger-rtt/src/SEGGER_RTT.c ****     RTT__DMB();                     // Force data write to be complete before writing the <WrOff>, 
 425              		.loc 1 478 5
 426 006a BA68     		ldr	r2, [r7, #8]
 427 006c BB69     		ldr	r3, [r7, #24]
 428 006e 1344     		add	r3, r3, r2
 429 0070 7A69     		ldr	r2, [r7, #20]
 430 0072 1946     		mov	r1, r3
 431 0074 3869     		ldr	r0, [r7, #16]
 432 0076 FFF7FEFF 		bl	memcpy
 480:./segger-rtt/src/SEGGER_RTT.c **** #endif
 433              		.loc 1 480 18
 434 007a FB68     		ldr	r3, [r7, #12]
 435 007c 7A69     		ldr	r2, [r7, #20]
 436 007e DA60     		str	r2, [r3, #12]
 437              	.L15:
 438              		.loc 1 483 1
 439 0080 00BF     		nop
 440 0082 2037     		adds	r7, r7, #32
 441              	.LCFI13:
 442              		.cfi_def_cfa_offset 8
 443 0084 BD46     		mov	sp, r7
 444              	.LCFI14:
 445              		.cfi_def_cfa_register 13
 446              		@ sp needed
 447 0086 80BD     		pop	{r7, pc}
 448              		.cfi_endproc
 449              	.LFE2:
 451              		.section	.text._PostTerminalSwitch,"ax",%progbits
 452              		.align	1
 453              		.syntax unified
 454              		.thumb
 455              		.thumb_func
 457              	_PostTerminalSwitch:
 458              	.LFB3:
 484:./segger-rtt/src/SEGGER_RTT.c **** 
 485:./segger-rtt/src/SEGGER_RTT.c **** /*********************************************************************
 486:./segger-rtt/src/SEGGER_RTT.c **** *
 487:./segger-rtt/src/SEGGER_RTT.c **** *       _PostTerminalSwitch()
 488:./segger-rtt/src/SEGGER_RTT.c **** *
 489:./segger-rtt/src/SEGGER_RTT.c **** *  Function description
 490:./segger-rtt/src/SEGGER_RTT.c **** *    Switch terminal to the given terminal ID.  It is the caller's
 491:./segger-rtt/src/SEGGER_RTT.c **** *    responsibility to ensure the terminal ID is correct and there is
 492:./segger-rtt/src/SEGGER_RTT.c **** *    enough space in the buffer for this to complete successfully.
 493:./segger-rtt/src/SEGGER_RTT.c **** *
 494:./segger-rtt/src/SEGGER_RTT.c **** *  Parameters
 495:./segger-rtt/src/SEGGER_RTT.c **** *    pRing        Ring buffer to post to.
 496:./segger-rtt/src/SEGGER_RTT.c **** *    TerminalId   Terminal ID to switch to.
 497:./segger-rtt/src/SEGGER_RTT.c **** */
 498:./segger-rtt/src/SEGGER_RTT.c **** static void _PostTerminalSwitch(SEGGER_RTT_BUFFER_UP* pRing, unsigned char TerminalId) {
 459              		.loc 1 498 88
 460              		.cfi_startproc
 461              		@ args = 0, pretend = 0, frame = 16
 462              		@ frame_needed = 1, uses_anonymous_args = 0
ARM GAS  C:\Users\PRAETE~1\AppData\Local\Temp\ccgoOOhI.s 			page 18


 463 0000 80B5     		push	{r7, lr}
 464              	.LCFI15:
 465              		.cfi_def_cfa_offset 8
 466              		.cfi_offset 7, -8
 467              		.cfi_offset 14, -4
 468 0002 84B0     		sub	sp, sp, #16
 469              	.LCFI16:
 470              		.cfi_def_cfa_offset 24
 471 0004 00AF     		add	r7, sp, #0
 472              	.LCFI17:
 473              		.cfi_def_cfa_register 7
 474 0006 7860     		str	r0, [r7, #4]
 475 0008 0B46     		mov	r3, r1
 476 000a FB70     		strb	r3, [r7, #3]
 499:./segger-rtt/src/SEGGER_RTT.c ****   unsigned char ac[2];
 500:./segger-rtt/src/SEGGER_RTT.c **** 
 501:./segger-rtt/src/SEGGER_RTT.c ****   ac[0] = 0xFFu;
 477              		.loc 1 501 9
 478 000c FF23     		movs	r3, #255
 479 000e 3B73     		strb	r3, [r7, #12]
 502:./segger-rtt/src/SEGGER_RTT.c ****   ac[1] = _aTerminalId[TerminalId];  // Caller made already sure that TerminalId does not exceed ou
 480              		.loc 1 502 23
 481 0010 FB78     		ldrb	r3, [r7, #3]	@ zero_extendqisi2
 482 0012 074A     		ldr	r2, .L17
 483 0014 D35C     		ldrb	r3, [r2, r3]	@ zero_extendqisi2
 484              		.loc 1 502 9
 485 0016 7B73     		strb	r3, [r7, #13]
 503:./segger-rtt/src/SEGGER_RTT.c ****   _WriteBlocking(pRing, (const char*)ac, 2u);
 486              		.loc 1 503 3
 487 0018 07F10C03 		add	r3, r7, #12
 488 001c 0222     		movs	r2, #2
 489 001e 1946     		mov	r1, r3
 490 0020 7868     		ldr	r0, [r7, #4]
 491 0022 FFF7FEFF 		bl	_WriteBlocking
 504:./segger-rtt/src/SEGGER_RTT.c **** }
 492              		.loc 1 504 1
 493 0026 00BF     		nop
 494 0028 1037     		adds	r7, r7, #16
 495              	.LCFI18:
 496              		.cfi_def_cfa_offset 8
 497 002a BD46     		mov	sp, r7
 498              	.LCFI19:
 499              		.cfi_def_cfa_register 13
 500              		@ sp needed
 501 002c 80BD     		pop	{r7, pc}
 502              	.L18:
 503 002e 00BF     		.align	2
 504              	.L17:
 505 0030 00000000 		.word	_aTerminalId
 506              		.cfi_endproc
 507              	.LFE3:
 509              		.section	.text._GetAvailWriteSpace,"ax",%progbits
 510              		.align	1
 511              		.syntax unified
 512              		.thumb
 513              		.thumb_func
 515              	_GetAvailWriteSpace:
ARM GAS  C:\Users\PRAETE~1\AppData\Local\Temp\ccgoOOhI.s 			page 19


 516              	.LFB4:
 505:./segger-rtt/src/SEGGER_RTT.c **** 
 506:./segger-rtt/src/SEGGER_RTT.c **** /*********************************************************************
 507:./segger-rtt/src/SEGGER_RTT.c **** *
 508:./segger-rtt/src/SEGGER_RTT.c **** *       _GetAvailWriteSpace()
 509:./segger-rtt/src/SEGGER_RTT.c **** *
 510:./segger-rtt/src/SEGGER_RTT.c **** *  Function description
 511:./segger-rtt/src/SEGGER_RTT.c **** *    Returns the number of bytes that can be written to the ring
 512:./segger-rtt/src/SEGGER_RTT.c **** *    buffer without blocking.
 513:./segger-rtt/src/SEGGER_RTT.c **** *
 514:./segger-rtt/src/SEGGER_RTT.c **** *  Parameters
 515:./segger-rtt/src/SEGGER_RTT.c **** *    pRing        Ring buffer to check.
 516:./segger-rtt/src/SEGGER_RTT.c **** *
 517:./segger-rtt/src/SEGGER_RTT.c **** *  Return value
 518:./segger-rtt/src/SEGGER_RTT.c **** *    Number of bytes that are free in the buffer.
 519:./segger-rtt/src/SEGGER_RTT.c **** */
 520:./segger-rtt/src/SEGGER_RTT.c **** static unsigned _GetAvailWriteSpace(SEGGER_RTT_BUFFER_UP* pRing) {
 517              		.loc 1 520 66
 518              		.cfi_startproc
 519              		@ args = 0, pretend = 0, frame = 24
 520              		@ frame_needed = 1, uses_anonymous_args = 0
 521              		@ link register save eliminated.
 522 0000 80B4     		push	{r7}
 523              	.LCFI20:
 524              		.cfi_def_cfa_offset 4
 525              		.cfi_offset 7, -4
 526 0002 87B0     		sub	sp, sp, #28
 527              	.LCFI21:
 528              		.cfi_def_cfa_offset 32
 529 0004 00AF     		add	r7, sp, #0
 530              	.LCFI22:
 531              		.cfi_def_cfa_register 7
 532 0006 7860     		str	r0, [r7, #4]
 521:./segger-rtt/src/SEGGER_RTT.c ****   unsigned RdOff;
 522:./segger-rtt/src/SEGGER_RTT.c ****   unsigned WrOff;
 523:./segger-rtt/src/SEGGER_RTT.c ****   unsigned r;
 524:./segger-rtt/src/SEGGER_RTT.c ****   //
 525:./segger-rtt/src/SEGGER_RTT.c ****   // Avoid warnings regarding volatile access order.  It's not a problem
 526:./segger-rtt/src/SEGGER_RTT.c ****   // in this case, but dampen compiler enthusiasm.
 527:./segger-rtt/src/SEGGER_RTT.c ****   //
 528:./segger-rtt/src/SEGGER_RTT.c ****   RdOff = pRing->RdOff;
 533              		.loc 1 528 9
 534 0008 7B68     		ldr	r3, [r7, #4]
 535 000a 1B69     		ldr	r3, [r3, #16]
 536 000c 3B61     		str	r3, [r7, #16]
 529:./segger-rtt/src/SEGGER_RTT.c ****   WrOff = pRing->WrOff;
 537              		.loc 1 529 9
 538 000e 7B68     		ldr	r3, [r7, #4]
 539 0010 DB68     		ldr	r3, [r3, #12]
 540 0012 FB60     		str	r3, [r7, #12]
 530:./segger-rtt/src/SEGGER_RTT.c ****   if (RdOff <= WrOff) {
 541              		.loc 1 530 6
 542 0014 3A69     		ldr	r2, [r7, #16]
 543 0016 FB68     		ldr	r3, [r7, #12]
 544 0018 9A42     		cmp	r2, r3
 545 001a 08D8     		bhi	.L20
 531:./segger-rtt/src/SEGGER_RTT.c ****     r = pRing->SizeOfBuffer - 1u - WrOff + RdOff;
ARM GAS  C:\Users\PRAETE~1\AppData\Local\Temp\ccgoOOhI.s 			page 20


 546              		.loc 1 531 14
 547 001c 7B68     		ldr	r3, [r7, #4]
 548 001e 9A68     		ldr	r2, [r3, #8]
 549              		.loc 1 531 34
 550 0020 FB68     		ldr	r3, [r7, #12]
 551 0022 D21A     		subs	r2, r2, r3
 552              		.loc 1 531 42
 553 0024 3B69     		ldr	r3, [r7, #16]
 554 0026 1344     		add	r3, r3, r2
 555              		.loc 1 531 7
 556 0028 013B     		subs	r3, r3, #1
 557 002a 7B61     		str	r3, [r7, #20]
 558 002c 04E0     		b	.L21
 559              	.L20:
 532:./segger-rtt/src/SEGGER_RTT.c ****   } else {
 533:./segger-rtt/src/SEGGER_RTT.c ****     r = RdOff - WrOff - 1u;
 560              		.loc 1 533 15
 561 002e 3A69     		ldr	r2, [r7, #16]
 562 0030 FB68     		ldr	r3, [r7, #12]
 563 0032 D31A     		subs	r3, r2, r3
 564              		.loc 1 533 7
 565 0034 013B     		subs	r3, r3, #1
 566 0036 7B61     		str	r3, [r7, #20]
 567              	.L21:
 534:./segger-rtt/src/SEGGER_RTT.c ****   }
 535:./segger-rtt/src/SEGGER_RTT.c ****   return r;
 568              		.loc 1 535 10
 569 0038 7B69     		ldr	r3, [r7, #20]
 536:./segger-rtt/src/SEGGER_RTT.c **** }
 570              		.loc 1 536 1
 571 003a 1846     		mov	r0, r3
 572 003c 1C37     		adds	r7, r7, #28
 573              	.LCFI23:
 574              		.cfi_def_cfa_offset 4
 575 003e BD46     		mov	sp, r7
 576              	.LCFI24:
 577              		.cfi_def_cfa_register 13
 578              		@ sp needed
 579 0040 80BC     		pop	{r7}
 580              	.LCFI25:
 581              		.cfi_restore 7
 582              		.cfi_def_cfa_offset 0
 583 0042 7047     		bx	lr
 584              		.cfi_endproc
 585              	.LFE4:
 587              		.section	.text.SEGGER_RTT_ReadUpBufferNoLock,"ax",%progbits
 588              		.align	1
 589              		.global	SEGGER_RTT_ReadUpBufferNoLock
 590              		.syntax unified
 591              		.thumb
 592              		.thumb_func
 594              	SEGGER_RTT_ReadUpBufferNoLock:
 595              	.LFB5:
 537:./segger-rtt/src/SEGGER_RTT.c **** 
 538:./segger-rtt/src/SEGGER_RTT.c **** /*********************************************************************
 539:./segger-rtt/src/SEGGER_RTT.c **** *
 540:./segger-rtt/src/SEGGER_RTT.c **** *       Public code
ARM GAS  C:\Users\PRAETE~1\AppData\Local\Temp\ccgoOOhI.s 			page 21


 541:./segger-rtt/src/SEGGER_RTT.c **** *
 542:./segger-rtt/src/SEGGER_RTT.c **** **********************************************************************
 543:./segger-rtt/src/SEGGER_RTT.c **** */
 544:./segger-rtt/src/SEGGER_RTT.c **** 
 545:./segger-rtt/src/SEGGER_RTT.c **** /*********************************************************************
 546:./segger-rtt/src/SEGGER_RTT.c **** *
 547:./segger-rtt/src/SEGGER_RTT.c **** *       SEGGER_RTT_ReadUpBufferNoLock()
 548:./segger-rtt/src/SEGGER_RTT.c **** *
 549:./segger-rtt/src/SEGGER_RTT.c **** *  Function description
 550:./segger-rtt/src/SEGGER_RTT.c **** *    Reads characters from SEGGER real-time-terminal control block
 551:./segger-rtt/src/SEGGER_RTT.c **** *    which have been previously stored by the application.
 552:./segger-rtt/src/SEGGER_RTT.c **** *    Do not lock against interrupts and multiple access.
 553:./segger-rtt/src/SEGGER_RTT.c **** *    Used to do the same operation that J-Link does, to transfer
 554:./segger-rtt/src/SEGGER_RTT.c **** *    RTT data via other channels, such as TCP/IP or UART.
 555:./segger-rtt/src/SEGGER_RTT.c **** *
 556:./segger-rtt/src/SEGGER_RTT.c **** *  Parameters
 557:./segger-rtt/src/SEGGER_RTT.c **** *    BufferIndex  Index of Up-buffer to be used.
 558:./segger-rtt/src/SEGGER_RTT.c **** *    pBuffer      Pointer to buffer provided by target application, to copy characters from RTT-up-
 559:./segger-rtt/src/SEGGER_RTT.c **** *    BufferSize   Size of the target application buffer.
 560:./segger-rtt/src/SEGGER_RTT.c **** *
 561:./segger-rtt/src/SEGGER_RTT.c **** *  Return value
 562:./segger-rtt/src/SEGGER_RTT.c **** *    Number of bytes that have been read.
 563:./segger-rtt/src/SEGGER_RTT.c **** *
 564:./segger-rtt/src/SEGGER_RTT.c **** *  Additional information
 565:./segger-rtt/src/SEGGER_RTT.c **** *    This function must not be called when J-Link might also do RTT.
 566:./segger-rtt/src/SEGGER_RTT.c **** */
 567:./segger-rtt/src/SEGGER_RTT.c **** unsigned SEGGER_RTT_ReadUpBufferNoLock(unsigned BufferIndex, void* pData, unsigned BufferSize) {
 596              		.loc 1 567 96
 597              		.cfi_startproc
 598              		@ args = 0, pretend = 0, frame = 48
 599              		@ frame_needed = 1, uses_anonymous_args = 0
 600 0000 80B5     		push	{r7, lr}
 601              	.LCFI26:
 602              		.cfi_def_cfa_offset 8
 603              		.cfi_offset 7, -8
 604              		.cfi_offset 14, -4
 605 0002 8CB0     		sub	sp, sp, #48
 606              	.LCFI27:
 607              		.cfi_def_cfa_offset 56
 608 0004 00AF     		add	r7, sp, #0
 609              	.LCFI28:
 610              		.cfi_def_cfa_register 7
 611 0006 F860     		str	r0, [r7, #12]
 612 0008 B960     		str	r1, [r7, #8]
 613 000a 7A60     		str	r2, [r7, #4]
 614              	.LBB2:
 568:./segger-rtt/src/SEGGER_RTT.c ****   unsigned                NumBytesRem;
 569:./segger-rtt/src/SEGGER_RTT.c ****   unsigned                NumBytesRead;
 570:./segger-rtt/src/SEGGER_RTT.c ****   unsigned                RdOff;
 571:./segger-rtt/src/SEGGER_RTT.c ****   unsigned                WrOff;
 572:./segger-rtt/src/SEGGER_RTT.c ****   unsigned char*          pBuffer;
 573:./segger-rtt/src/SEGGER_RTT.c ****   SEGGER_RTT_BUFFER_UP*   pRing;
 574:./segger-rtt/src/SEGGER_RTT.c ****   volatile char*          pSrc;
 575:./segger-rtt/src/SEGGER_RTT.c **** 
 576:./segger-rtt/src/SEGGER_RTT.c ****   INIT();
 615              		.loc 1 576 3
 616 000c 3E4B     		ldr	r3, .L29
ARM GAS  C:\Users\PRAETE~1\AppData\Local\Temp\ccgoOOhI.s 			page 22


 617 000e 3B62     		str	r3, [r7, #32]
 618 0010 3B6A     		ldr	r3, [r7, #32]
 619 0012 1B78     		ldrb	r3, [r3]
 620 0014 DBB2     		uxtb	r3, r3
 621 0016 532B     		cmp	r3, #83
 622 0018 01D0     		beq	.L24
 623              		.loc 1 576 3 is_stmt 0 discriminator 1
 624 001a FFF7FEFF 		bl	_DoInit
 625              	.L24:
 626              	.LBE2:
 577:./segger-rtt/src/SEGGER_RTT.c ****   pRing = (SEGGER_RTT_BUFFER_UP*)((uintptr_t)&_SEGGER_RTT.aUp[BufferIndex] + SEGGER_RTT_UNCACHED_OF
 627              		.loc 1 577 9 is_stmt 1
 628 001e FB68     		ldr	r3, [r7, #12]
 629 0020 5A1C     		adds	r2, r3, #1
 630 0022 1346     		mov	r3, r2
 631 0024 5B00     		lsls	r3, r3, #1
 632 0026 1344     		add	r3, r3, r2
 633 0028 DB00     		lsls	r3, r3, #3
 634 002a 374A     		ldr	r2, .L29
 635 002c 1344     		add	r3, r3, r2
 636 002e FB61     		str	r3, [r7, #28]
 578:./segger-rtt/src/SEGGER_RTT.c ****   pBuffer = (unsigned char*)pData;
 637              		.loc 1 578 11
 638 0030 BB68     		ldr	r3, [r7, #8]
 639 0032 7B62     		str	r3, [r7, #36]
 579:./segger-rtt/src/SEGGER_RTT.c ****   RdOff = pRing->RdOff;
 640              		.loc 1 579 9
 641 0034 FB69     		ldr	r3, [r7, #28]
 642 0036 1B69     		ldr	r3, [r3, #16]
 643 0038 BB62     		str	r3, [r7, #40]
 580:./segger-rtt/src/SEGGER_RTT.c ****   WrOff = pRing->WrOff;
 644              		.loc 1 580 9
 645 003a FB69     		ldr	r3, [r7, #28]
 646 003c DB68     		ldr	r3, [r3, #12]
 647 003e BB61     		str	r3, [r7, #24]
 581:./segger-rtt/src/SEGGER_RTT.c ****   NumBytesRead = 0u;
 648              		.loc 1 581 16
 649 0040 0023     		movs	r3, #0
 650 0042 FB62     		str	r3, [r7, #44]
 582:./segger-rtt/src/SEGGER_RTT.c ****   //
 583:./segger-rtt/src/SEGGER_RTT.c ****   // Read from current read position to wrap-around of buffer, first
 584:./segger-rtt/src/SEGGER_RTT.c ****   //
 585:./segger-rtt/src/SEGGER_RTT.c ****   if (RdOff > WrOff) {
 651              		.loc 1 585 6
 652 0044 BA6A     		ldr	r2, [r7, #40]
 653 0046 BB69     		ldr	r3, [r7, #24]
 654 0048 9A42     		cmp	r2, r3
 655 004a 2BD9     		bls	.L25
 586:./segger-rtt/src/SEGGER_RTT.c ****     NumBytesRem = pRing->SizeOfBuffer - RdOff;
 656              		.loc 1 586 24
 657 004c FB69     		ldr	r3, [r7, #28]
 658 004e 9A68     		ldr	r2, [r3, #8]
 659              		.loc 1 586 17
 660 0050 BB6A     		ldr	r3, [r7, #40]
 661 0052 D31A     		subs	r3, r2, r3
 662 0054 7B61     		str	r3, [r7, #20]
 587:./segger-rtt/src/SEGGER_RTT.c ****     NumBytesRem = MIN(NumBytesRem, BufferSize);
ARM GAS  C:\Users\PRAETE~1\AppData\Local\Temp\ccgoOOhI.s 			page 23


 663              		.loc 1 587 17
 664 0056 7A69     		ldr	r2, [r7, #20]
 665 0058 7B68     		ldr	r3, [r7, #4]
 666 005a 9342     		cmp	r3, r2
 667 005c 28BF     		it	cs
 668 005e 1346     		movcs	r3, r2
 669 0060 7B61     		str	r3, [r7, #20]
 588:./segger-rtt/src/SEGGER_RTT.c ****     pSrc = (pRing->pBuffer + RdOff) + SEGGER_RTT_UNCACHED_OFF;
 670              		.loc 1 588 18
 671 0062 FB69     		ldr	r3, [r7, #28]
 672 0064 5A68     		ldr	r2, [r3, #4]
 673              		.loc 1 588 10
 674 0066 BB6A     		ldr	r3, [r7, #40]
 675 0068 1344     		add	r3, r3, r2
 676 006a 3B61     		str	r3, [r7, #16]
 589:./segger-rtt/src/SEGGER_RTT.c **** #if SEGGER_RTT_MEMCPY_USE_BYTELOOP
 590:./segger-rtt/src/SEGGER_RTT.c ****     NumBytesRead += NumBytesRem;
 591:./segger-rtt/src/SEGGER_RTT.c ****     BufferSize   -= NumBytesRem;
 592:./segger-rtt/src/SEGGER_RTT.c ****     RdOff        += NumBytesRem;
 593:./segger-rtt/src/SEGGER_RTT.c ****     while (NumBytesRem--) {
 594:./segger-rtt/src/SEGGER_RTT.c ****       *pBuffer++ = *pSrc++;
 595:./segger-rtt/src/SEGGER_RTT.c ****     };
 596:./segger-rtt/src/SEGGER_RTT.c **** #else
 597:./segger-rtt/src/SEGGER_RTT.c ****     SEGGER_RTT_MEMCPY(pBuffer, (void*)pSrc, NumBytesRem);
 677              		.loc 1 597 5
 678 006c 7A69     		ldr	r2, [r7, #20]
 679 006e 3969     		ldr	r1, [r7, #16]
 680 0070 786A     		ldr	r0, [r7, #36]
 681 0072 FFF7FEFF 		bl	memcpy
 598:./segger-rtt/src/SEGGER_RTT.c ****     NumBytesRead += NumBytesRem;
 682              		.loc 1 598 18
 683 0076 FA6A     		ldr	r2, [r7, #44]
 684 0078 7B69     		ldr	r3, [r7, #20]
 685 007a 1344     		add	r3, r3, r2
 686 007c FB62     		str	r3, [r7, #44]
 599:./segger-rtt/src/SEGGER_RTT.c ****     pBuffer      += NumBytesRem;
 687              		.loc 1 599 18
 688 007e 7A6A     		ldr	r2, [r7, #36]
 689 0080 7B69     		ldr	r3, [r7, #20]
 690 0082 1344     		add	r3, r3, r2
 691 0084 7B62     		str	r3, [r7, #36]
 600:./segger-rtt/src/SEGGER_RTT.c ****     BufferSize   -= NumBytesRem;
 692              		.loc 1 600 18
 693 0086 7A68     		ldr	r2, [r7, #4]
 694 0088 7B69     		ldr	r3, [r7, #20]
 695 008a D31A     		subs	r3, r2, r3
 696 008c 7B60     		str	r3, [r7, #4]
 601:./segger-rtt/src/SEGGER_RTT.c ****     RdOff        += NumBytesRem;
 697              		.loc 1 601 18
 698 008e BA6A     		ldr	r2, [r7, #40]
 699 0090 7B69     		ldr	r3, [r7, #20]
 700 0092 1344     		add	r3, r3, r2
 701 0094 BB62     		str	r3, [r7, #40]
 602:./segger-rtt/src/SEGGER_RTT.c **** #endif
 603:./segger-rtt/src/SEGGER_RTT.c ****     //
 604:./segger-rtt/src/SEGGER_RTT.c ****     // Handle wrap-around of buffer
 605:./segger-rtt/src/SEGGER_RTT.c ****     //
ARM GAS  C:\Users\PRAETE~1\AppData\Local\Temp\ccgoOOhI.s 			page 24


 606:./segger-rtt/src/SEGGER_RTT.c ****     if (RdOff == pRing->SizeOfBuffer) {
 702              		.loc 1 606 23
 703 0096 FB69     		ldr	r3, [r7, #28]
 704 0098 9B68     		ldr	r3, [r3, #8]
 705              		.loc 1 606 8
 706 009a BA6A     		ldr	r2, [r7, #40]
 707 009c 9A42     		cmp	r2, r3
 708 009e 01D1     		bne	.L25
 607:./segger-rtt/src/SEGGER_RTT.c ****       RdOff = 0u;
 709              		.loc 1 607 13
 710 00a0 0023     		movs	r3, #0
 711 00a2 BB62     		str	r3, [r7, #40]
 712              	.L25:
 608:./segger-rtt/src/SEGGER_RTT.c ****     }
 609:./segger-rtt/src/SEGGER_RTT.c ****   }
 610:./segger-rtt/src/SEGGER_RTT.c ****   //
 611:./segger-rtt/src/SEGGER_RTT.c ****   // Read remaining items of buffer
 612:./segger-rtt/src/SEGGER_RTT.c ****   //
 613:./segger-rtt/src/SEGGER_RTT.c ****   NumBytesRem = WrOff - RdOff;
 713              		.loc 1 613 15
 714 00a4 BA69     		ldr	r2, [r7, #24]
 715 00a6 BB6A     		ldr	r3, [r7, #40]
 716 00a8 D31A     		subs	r3, r2, r3
 717 00aa 7B61     		str	r3, [r7, #20]
 614:./segger-rtt/src/SEGGER_RTT.c ****   NumBytesRem = MIN(NumBytesRem, BufferSize);
 718              		.loc 1 614 15
 719 00ac 7A69     		ldr	r2, [r7, #20]
 720 00ae 7B68     		ldr	r3, [r7, #4]
 721 00b0 9342     		cmp	r3, r2
 722 00b2 28BF     		it	cs
 723 00b4 1346     		movcs	r3, r2
 724 00b6 7B61     		str	r3, [r7, #20]
 615:./segger-rtt/src/SEGGER_RTT.c ****   if (NumBytesRem > 0u) {
 725              		.loc 1 615 6
 726 00b8 7B69     		ldr	r3, [r7, #20]
 727 00ba 002B     		cmp	r3, #0
 728 00bc 19D0     		beq	.L26
 616:./segger-rtt/src/SEGGER_RTT.c ****     pSrc = (pRing->pBuffer + RdOff) + SEGGER_RTT_UNCACHED_OFF;
 729              		.loc 1 616 18
 730 00be FB69     		ldr	r3, [r7, #28]
 731 00c0 5A68     		ldr	r2, [r3, #4]
 732              		.loc 1 616 10
 733 00c2 BB6A     		ldr	r3, [r7, #40]
 734 00c4 1344     		add	r3, r3, r2
 735 00c6 3B61     		str	r3, [r7, #16]
 617:./segger-rtt/src/SEGGER_RTT.c **** #if SEGGER_RTT_MEMCPY_USE_BYTELOOP
 618:./segger-rtt/src/SEGGER_RTT.c ****     NumBytesRead += NumBytesRem;
 619:./segger-rtt/src/SEGGER_RTT.c ****     BufferSize   -= NumBytesRem;
 620:./segger-rtt/src/SEGGER_RTT.c ****     RdOff        += NumBytesRem;
 621:./segger-rtt/src/SEGGER_RTT.c ****     while (NumBytesRem--) {
 622:./segger-rtt/src/SEGGER_RTT.c ****       *pBuffer++ = *pSrc++;
 623:./segger-rtt/src/SEGGER_RTT.c ****     };
 624:./segger-rtt/src/SEGGER_RTT.c **** #else
 625:./segger-rtt/src/SEGGER_RTT.c ****     SEGGER_RTT_MEMCPY(pBuffer, (void*)pSrc, NumBytesRem);
 736              		.loc 1 625 5
 737 00c8 7A69     		ldr	r2, [r7, #20]
 738 00ca 3969     		ldr	r1, [r7, #16]
ARM GAS  C:\Users\PRAETE~1\AppData\Local\Temp\ccgoOOhI.s 			page 25


 739 00cc 786A     		ldr	r0, [r7, #36]
 740 00ce FFF7FEFF 		bl	memcpy
 626:./segger-rtt/src/SEGGER_RTT.c ****     NumBytesRead += NumBytesRem;
 741              		.loc 1 626 18
 742 00d2 FA6A     		ldr	r2, [r7, #44]
 743 00d4 7B69     		ldr	r3, [r7, #20]
 744 00d6 1344     		add	r3, r3, r2
 745 00d8 FB62     		str	r3, [r7, #44]
 627:./segger-rtt/src/SEGGER_RTT.c ****     pBuffer      += NumBytesRem;
 746              		.loc 1 627 18
 747 00da 7A6A     		ldr	r2, [r7, #36]
 748 00dc 7B69     		ldr	r3, [r7, #20]
 749 00de 1344     		add	r3, r3, r2
 750 00e0 7B62     		str	r3, [r7, #36]
 628:./segger-rtt/src/SEGGER_RTT.c ****     BufferSize   -= NumBytesRem;
 751              		.loc 1 628 18
 752 00e2 7A68     		ldr	r2, [r7, #4]
 753 00e4 7B69     		ldr	r3, [r7, #20]
 754 00e6 D31A     		subs	r3, r2, r3
 755 00e8 7B60     		str	r3, [r7, #4]
 629:./segger-rtt/src/SEGGER_RTT.c ****     RdOff        += NumBytesRem;
 756              		.loc 1 629 18
 757 00ea BA6A     		ldr	r2, [r7, #40]
 758 00ec 7B69     		ldr	r3, [r7, #20]
 759 00ee 1344     		add	r3, r3, r2
 760 00f0 BB62     		str	r3, [r7, #40]
 761              	.L26:
 630:./segger-rtt/src/SEGGER_RTT.c **** #endif
 631:./segger-rtt/src/SEGGER_RTT.c ****   }
 632:./segger-rtt/src/SEGGER_RTT.c ****   //
 633:./segger-rtt/src/SEGGER_RTT.c ****   // Update read offset of buffer
 634:./segger-rtt/src/SEGGER_RTT.c ****   //
 635:./segger-rtt/src/SEGGER_RTT.c ****   if (NumBytesRead) {
 762              		.loc 1 635 6
 763 00f2 FB6A     		ldr	r3, [r7, #44]
 764 00f4 002B     		cmp	r3, #0
 765 00f6 02D0     		beq	.L27
 636:./segger-rtt/src/SEGGER_RTT.c ****     pRing->RdOff = RdOff;
 766              		.loc 1 636 18
 767 00f8 FB69     		ldr	r3, [r7, #28]
 768 00fa BA6A     		ldr	r2, [r7, #40]
 769 00fc 1A61     		str	r2, [r3, #16]
 770              	.L27:
 637:./segger-rtt/src/SEGGER_RTT.c ****   }
 638:./segger-rtt/src/SEGGER_RTT.c ****   //
 639:./segger-rtt/src/SEGGER_RTT.c ****   return NumBytesRead;
 771              		.loc 1 639 10
 772 00fe FB6A     		ldr	r3, [r7, #44]
 640:./segger-rtt/src/SEGGER_RTT.c **** }
 773              		.loc 1 640 1
 774 0100 1846     		mov	r0, r3
 775 0102 3037     		adds	r7, r7, #48
 776              	.LCFI29:
 777              		.cfi_def_cfa_offset 8
 778 0104 BD46     		mov	sp, r7
 779              	.LCFI30:
 780              		.cfi_def_cfa_register 13
ARM GAS  C:\Users\PRAETE~1\AppData\Local\Temp\ccgoOOhI.s 			page 26


 781              		@ sp needed
 782 0106 80BD     		pop	{r7, pc}
 783              	.L30:
 784              		.align	2
 785              	.L29:
 786 0108 00000000 		.word	_SEGGER_RTT
 787              		.cfi_endproc
 788              	.LFE5:
 790              		.section	.text.SEGGER_RTT_ReadNoLock,"ax",%progbits
 791              		.align	1
 792              		.global	SEGGER_RTT_ReadNoLock
 793              		.syntax unified
 794              		.thumb
 795              		.thumb_func
 797              	SEGGER_RTT_ReadNoLock:
 798              	.LFB6:
 641:./segger-rtt/src/SEGGER_RTT.c **** 
 642:./segger-rtt/src/SEGGER_RTT.c **** /*********************************************************************
 643:./segger-rtt/src/SEGGER_RTT.c **** *
 644:./segger-rtt/src/SEGGER_RTT.c **** *       SEGGER_RTT_ReadNoLock()
 645:./segger-rtt/src/SEGGER_RTT.c **** *
 646:./segger-rtt/src/SEGGER_RTT.c **** *  Function description
 647:./segger-rtt/src/SEGGER_RTT.c **** *    Reads characters from SEGGER real-time-terminal control block
 648:./segger-rtt/src/SEGGER_RTT.c **** *    which have been previously stored by the host.
 649:./segger-rtt/src/SEGGER_RTT.c **** *    Do not lock against interrupts and multiple access.
 650:./segger-rtt/src/SEGGER_RTT.c **** *
 651:./segger-rtt/src/SEGGER_RTT.c **** *  Parameters
 652:./segger-rtt/src/SEGGER_RTT.c **** *    BufferIndex  Index of Down-buffer to be used (e.g. 0 for "Terminal").
 653:./segger-rtt/src/SEGGER_RTT.c **** *    pBuffer      Pointer to buffer provided by target application, to copy characters from RTT-dow
 654:./segger-rtt/src/SEGGER_RTT.c **** *    BufferSize   Size of the target application buffer.
 655:./segger-rtt/src/SEGGER_RTT.c **** *
 656:./segger-rtt/src/SEGGER_RTT.c **** *  Return value
 657:./segger-rtt/src/SEGGER_RTT.c **** *    Number of bytes that have been read.
 658:./segger-rtt/src/SEGGER_RTT.c **** */
 659:./segger-rtt/src/SEGGER_RTT.c **** unsigned SEGGER_RTT_ReadNoLock(unsigned BufferIndex, void* pData, unsigned BufferSize) {
 799              		.loc 1 659 88
 800              		.cfi_startproc
 801              		@ args = 0, pretend = 0, frame = 48
 802              		@ frame_needed = 1, uses_anonymous_args = 0
 803 0000 80B5     		push	{r7, lr}
 804              	.LCFI31:
 805              		.cfi_def_cfa_offset 8
 806              		.cfi_offset 7, -8
 807              		.cfi_offset 14, -4
 808 0002 8CB0     		sub	sp, sp, #48
 809              	.LCFI32:
 810              		.cfi_def_cfa_offset 56
 811 0004 00AF     		add	r7, sp, #0
 812              	.LCFI33:
 813              		.cfi_def_cfa_register 7
 814 0006 F860     		str	r0, [r7, #12]
 815 0008 B960     		str	r1, [r7, #8]
 816 000a 7A60     		str	r2, [r7, #4]
 817              	.LBB3:
 660:./segger-rtt/src/SEGGER_RTT.c ****   unsigned                NumBytesRem;
 661:./segger-rtt/src/SEGGER_RTT.c ****   unsigned                NumBytesRead;
 662:./segger-rtt/src/SEGGER_RTT.c ****   unsigned                RdOff;
ARM GAS  C:\Users\PRAETE~1\AppData\Local\Temp\ccgoOOhI.s 			page 27


 663:./segger-rtt/src/SEGGER_RTT.c ****   unsigned                WrOff;
 664:./segger-rtt/src/SEGGER_RTT.c ****   unsigned char*          pBuffer;
 665:./segger-rtt/src/SEGGER_RTT.c ****   SEGGER_RTT_BUFFER_DOWN* pRing;
 666:./segger-rtt/src/SEGGER_RTT.c ****   volatile char*          pSrc;
 667:./segger-rtt/src/SEGGER_RTT.c ****   //
 668:./segger-rtt/src/SEGGER_RTT.c ****   INIT();
 818              		.loc 1 668 3
 819 000c 3E4B     		ldr	r3, .L37
 820 000e 3B62     		str	r3, [r7, #32]
 821 0010 3B6A     		ldr	r3, [r7, #32]
 822 0012 1B78     		ldrb	r3, [r3]
 823 0014 DBB2     		uxtb	r3, r3
 824 0016 532B     		cmp	r3, #83
 825 0018 01D0     		beq	.L32
 826              		.loc 1 668 3 is_stmt 0 discriminator 1
 827 001a FFF7FEFF 		bl	_DoInit
 828              	.L32:
 829              	.LBE3:
 669:./segger-rtt/src/SEGGER_RTT.c ****   pRing = (SEGGER_RTT_BUFFER_DOWN*)((uintptr_t)&_SEGGER_RTT.aDown[BufferIndex] + SEGGER_RTT_UNCACHE
 830              		.loc 1 669 9 is_stmt 1
 831 001e FA68     		ldr	r2, [r7, #12]
 832 0020 1346     		mov	r3, r2
 833 0022 5B00     		lsls	r3, r3, #1
 834 0024 1344     		add	r3, r3, r2
 835 0026 DB00     		lsls	r3, r3, #3
 836 0028 6033     		adds	r3, r3, #96
 837 002a 374A     		ldr	r2, .L37
 838 002c 1344     		add	r3, r3, r2
 839 002e FB61     		str	r3, [r7, #28]
 670:./segger-rtt/src/SEGGER_RTT.c ****   pBuffer = (unsigned char*)pData;
 840              		.loc 1 670 11
 841 0030 BB68     		ldr	r3, [r7, #8]
 842 0032 7B62     		str	r3, [r7, #36]
 671:./segger-rtt/src/SEGGER_RTT.c ****   RdOff = pRing->RdOff;
 843              		.loc 1 671 9
 844 0034 FB69     		ldr	r3, [r7, #28]
 845 0036 1B69     		ldr	r3, [r3, #16]
 846 0038 BB62     		str	r3, [r7, #40]
 672:./segger-rtt/src/SEGGER_RTT.c ****   WrOff = pRing->WrOff;
 847              		.loc 1 672 9
 848 003a FB69     		ldr	r3, [r7, #28]
 849 003c DB68     		ldr	r3, [r3, #12]
 850 003e BB61     		str	r3, [r7, #24]
 673:./segger-rtt/src/SEGGER_RTT.c ****   NumBytesRead = 0u;
 851              		.loc 1 673 16
 852 0040 0023     		movs	r3, #0
 853 0042 FB62     		str	r3, [r7, #44]
 674:./segger-rtt/src/SEGGER_RTT.c ****   //
 675:./segger-rtt/src/SEGGER_RTT.c ****   // Read from current read position to wrap-around of buffer, first
 676:./segger-rtt/src/SEGGER_RTT.c ****   //
 677:./segger-rtt/src/SEGGER_RTT.c ****   if (RdOff > WrOff) {
 854              		.loc 1 677 6
 855 0044 BA6A     		ldr	r2, [r7, #40]
 856 0046 BB69     		ldr	r3, [r7, #24]
 857 0048 9A42     		cmp	r2, r3
 858 004a 2BD9     		bls	.L33
 678:./segger-rtt/src/SEGGER_RTT.c ****     NumBytesRem = pRing->SizeOfBuffer - RdOff;
ARM GAS  C:\Users\PRAETE~1\AppData\Local\Temp\ccgoOOhI.s 			page 28


 859              		.loc 1 678 24
 860 004c FB69     		ldr	r3, [r7, #28]
 861 004e 9A68     		ldr	r2, [r3, #8]
 862              		.loc 1 678 17
 863 0050 BB6A     		ldr	r3, [r7, #40]
 864 0052 D31A     		subs	r3, r2, r3
 865 0054 7B61     		str	r3, [r7, #20]
 679:./segger-rtt/src/SEGGER_RTT.c ****     NumBytesRem = MIN(NumBytesRem, BufferSize);
 866              		.loc 1 679 17
 867 0056 7A69     		ldr	r2, [r7, #20]
 868 0058 7B68     		ldr	r3, [r7, #4]
 869 005a 9342     		cmp	r3, r2
 870 005c 28BF     		it	cs
 871 005e 1346     		movcs	r3, r2
 872 0060 7B61     		str	r3, [r7, #20]
 680:./segger-rtt/src/SEGGER_RTT.c ****     pSrc = (pRing->pBuffer + RdOff) + SEGGER_RTT_UNCACHED_OFF;
 873              		.loc 1 680 18
 874 0062 FB69     		ldr	r3, [r7, #28]
 875 0064 5A68     		ldr	r2, [r3, #4]
 876              		.loc 1 680 10
 877 0066 BB6A     		ldr	r3, [r7, #40]
 878 0068 1344     		add	r3, r3, r2
 879 006a 3B61     		str	r3, [r7, #16]
 681:./segger-rtt/src/SEGGER_RTT.c **** #if SEGGER_RTT_MEMCPY_USE_BYTELOOP
 682:./segger-rtt/src/SEGGER_RTT.c ****     NumBytesRead += NumBytesRem;
 683:./segger-rtt/src/SEGGER_RTT.c ****     BufferSize   -= NumBytesRem;
 684:./segger-rtt/src/SEGGER_RTT.c ****     RdOff        += NumBytesRem;
 685:./segger-rtt/src/SEGGER_RTT.c ****     while (NumBytesRem--) {
 686:./segger-rtt/src/SEGGER_RTT.c ****       *pBuffer++ = *pSrc++;
 687:./segger-rtt/src/SEGGER_RTT.c ****     };
 688:./segger-rtt/src/SEGGER_RTT.c **** #else
 689:./segger-rtt/src/SEGGER_RTT.c ****     SEGGER_RTT_MEMCPY(pBuffer, (void*)pSrc, NumBytesRem);
 880              		.loc 1 689 5
 881 006c 7A69     		ldr	r2, [r7, #20]
 882 006e 3969     		ldr	r1, [r7, #16]
 883 0070 786A     		ldr	r0, [r7, #36]
 884 0072 FFF7FEFF 		bl	memcpy
 690:./segger-rtt/src/SEGGER_RTT.c ****     NumBytesRead += NumBytesRem;
 885              		.loc 1 690 18
 886 0076 FA6A     		ldr	r2, [r7, #44]
 887 0078 7B69     		ldr	r3, [r7, #20]
 888 007a 1344     		add	r3, r3, r2
 889 007c FB62     		str	r3, [r7, #44]
 691:./segger-rtt/src/SEGGER_RTT.c ****     pBuffer      += NumBytesRem;
 890              		.loc 1 691 18
 891 007e 7A6A     		ldr	r2, [r7, #36]
 892 0080 7B69     		ldr	r3, [r7, #20]
 893 0082 1344     		add	r3, r3, r2
 894 0084 7B62     		str	r3, [r7, #36]
 692:./segger-rtt/src/SEGGER_RTT.c ****     BufferSize   -= NumBytesRem;
 895              		.loc 1 692 18
 896 0086 7A68     		ldr	r2, [r7, #4]
 897 0088 7B69     		ldr	r3, [r7, #20]
 898 008a D31A     		subs	r3, r2, r3
 899 008c 7B60     		str	r3, [r7, #4]
 693:./segger-rtt/src/SEGGER_RTT.c ****     RdOff        += NumBytesRem;
 900              		.loc 1 693 18
ARM GAS  C:\Users\PRAETE~1\AppData\Local\Temp\ccgoOOhI.s 			page 29


 901 008e BA6A     		ldr	r2, [r7, #40]
 902 0090 7B69     		ldr	r3, [r7, #20]
 903 0092 1344     		add	r3, r3, r2
 904 0094 BB62     		str	r3, [r7, #40]
 694:./segger-rtt/src/SEGGER_RTT.c **** #endif
 695:./segger-rtt/src/SEGGER_RTT.c ****     //
 696:./segger-rtt/src/SEGGER_RTT.c ****     // Handle wrap-around of buffer
 697:./segger-rtt/src/SEGGER_RTT.c ****     //
 698:./segger-rtt/src/SEGGER_RTT.c ****     if (RdOff == pRing->SizeOfBuffer) {
 905              		.loc 1 698 23
 906 0096 FB69     		ldr	r3, [r7, #28]
 907 0098 9B68     		ldr	r3, [r3, #8]
 908              		.loc 1 698 8
 909 009a BA6A     		ldr	r2, [r7, #40]
 910 009c 9A42     		cmp	r2, r3
 911 009e 01D1     		bne	.L33
 699:./segger-rtt/src/SEGGER_RTT.c ****       RdOff = 0u;
 912              		.loc 1 699 13
 913 00a0 0023     		movs	r3, #0
 914 00a2 BB62     		str	r3, [r7, #40]
 915              	.L33:
 700:./segger-rtt/src/SEGGER_RTT.c ****     }
 701:./segger-rtt/src/SEGGER_RTT.c ****   }
 702:./segger-rtt/src/SEGGER_RTT.c ****   //
 703:./segger-rtt/src/SEGGER_RTT.c ****   // Read remaining items of buffer
 704:./segger-rtt/src/SEGGER_RTT.c ****   //
 705:./segger-rtt/src/SEGGER_RTT.c ****   NumBytesRem = WrOff - RdOff;
 916              		.loc 1 705 15
 917 00a4 BA69     		ldr	r2, [r7, #24]
 918 00a6 BB6A     		ldr	r3, [r7, #40]
 919 00a8 D31A     		subs	r3, r2, r3
 920 00aa 7B61     		str	r3, [r7, #20]
 706:./segger-rtt/src/SEGGER_RTT.c ****   NumBytesRem = MIN(NumBytesRem, BufferSize);
 921              		.loc 1 706 15
 922 00ac 7A69     		ldr	r2, [r7, #20]
 923 00ae 7B68     		ldr	r3, [r7, #4]
 924 00b0 9342     		cmp	r3, r2
 925 00b2 28BF     		it	cs
 926 00b4 1346     		movcs	r3, r2
 927 00b6 7B61     		str	r3, [r7, #20]
 707:./segger-rtt/src/SEGGER_RTT.c ****   if (NumBytesRem > 0u) {
 928              		.loc 1 707 6
 929 00b8 7B69     		ldr	r3, [r7, #20]
 930 00ba 002B     		cmp	r3, #0
 931 00bc 19D0     		beq	.L34
 708:./segger-rtt/src/SEGGER_RTT.c ****     pSrc = (pRing->pBuffer + RdOff) + SEGGER_RTT_UNCACHED_OFF;
 932              		.loc 1 708 18
 933 00be FB69     		ldr	r3, [r7, #28]
 934 00c0 5A68     		ldr	r2, [r3, #4]
 935              		.loc 1 708 10
 936 00c2 BB6A     		ldr	r3, [r7, #40]
 937 00c4 1344     		add	r3, r3, r2
 938 00c6 3B61     		str	r3, [r7, #16]
 709:./segger-rtt/src/SEGGER_RTT.c **** #if SEGGER_RTT_MEMCPY_USE_BYTELOOP
 710:./segger-rtt/src/SEGGER_RTT.c ****     NumBytesRead += NumBytesRem;
 711:./segger-rtt/src/SEGGER_RTT.c ****     BufferSize   -= NumBytesRem;
 712:./segger-rtt/src/SEGGER_RTT.c ****     RdOff        += NumBytesRem;
ARM GAS  C:\Users\PRAETE~1\AppData\Local\Temp\ccgoOOhI.s 			page 30


 713:./segger-rtt/src/SEGGER_RTT.c ****     while (NumBytesRem--) {
 714:./segger-rtt/src/SEGGER_RTT.c ****       *pBuffer++ = *pSrc++;
 715:./segger-rtt/src/SEGGER_RTT.c ****     };
 716:./segger-rtt/src/SEGGER_RTT.c **** #else
 717:./segger-rtt/src/SEGGER_RTT.c ****     SEGGER_RTT_MEMCPY(pBuffer, (void*)pSrc, NumBytesRem);
 939              		.loc 1 717 5
 940 00c8 7A69     		ldr	r2, [r7, #20]
 941 00ca 3969     		ldr	r1, [r7, #16]
 942 00cc 786A     		ldr	r0, [r7, #36]
 943 00ce FFF7FEFF 		bl	memcpy
 718:./segger-rtt/src/SEGGER_RTT.c ****     NumBytesRead += NumBytesRem;
 944              		.loc 1 718 18
 945 00d2 FA6A     		ldr	r2, [r7, #44]
 946 00d4 7B69     		ldr	r3, [r7, #20]
 947 00d6 1344     		add	r3, r3, r2
 948 00d8 FB62     		str	r3, [r7, #44]
 719:./segger-rtt/src/SEGGER_RTT.c ****     pBuffer      += NumBytesRem;
 949              		.loc 1 719 18
 950 00da 7A6A     		ldr	r2, [r7, #36]
 951 00dc 7B69     		ldr	r3, [r7, #20]
 952 00de 1344     		add	r3, r3, r2
 953 00e0 7B62     		str	r3, [r7, #36]
 720:./segger-rtt/src/SEGGER_RTT.c ****     BufferSize   -= NumBytesRem;
 954              		.loc 1 720 18
 955 00e2 7A68     		ldr	r2, [r7, #4]
 956 00e4 7B69     		ldr	r3, [r7, #20]
 957 00e6 D31A     		subs	r3, r2, r3
 958 00e8 7B60     		str	r3, [r7, #4]
 721:./segger-rtt/src/SEGGER_RTT.c ****     RdOff        += NumBytesRem;
 959              		.loc 1 721 18
 960 00ea BA6A     		ldr	r2, [r7, #40]
 961 00ec 7B69     		ldr	r3, [r7, #20]
 962 00ee 1344     		add	r3, r3, r2
 963 00f0 BB62     		str	r3, [r7, #40]
 964              	.L34:
 722:./segger-rtt/src/SEGGER_RTT.c **** #endif
 723:./segger-rtt/src/SEGGER_RTT.c ****   }
 724:./segger-rtt/src/SEGGER_RTT.c ****   if (NumBytesRead) {
 965              		.loc 1 724 6
 966 00f2 FB6A     		ldr	r3, [r7, #44]
 967 00f4 002B     		cmp	r3, #0
 968 00f6 02D0     		beq	.L35
 725:./segger-rtt/src/SEGGER_RTT.c ****     pRing->RdOff = RdOff;
 969              		.loc 1 725 18
 970 00f8 FB69     		ldr	r3, [r7, #28]
 971 00fa BA6A     		ldr	r2, [r7, #40]
 972 00fc 1A61     		str	r2, [r3, #16]
 973              	.L35:
 726:./segger-rtt/src/SEGGER_RTT.c ****   }
 727:./segger-rtt/src/SEGGER_RTT.c ****   //
 728:./segger-rtt/src/SEGGER_RTT.c ****   return NumBytesRead;
 974              		.loc 1 728 10
 975 00fe FB6A     		ldr	r3, [r7, #44]
 729:./segger-rtt/src/SEGGER_RTT.c **** }
 976              		.loc 1 729 1
 977 0100 1846     		mov	r0, r3
 978 0102 3037     		adds	r7, r7, #48
ARM GAS  C:\Users\PRAETE~1\AppData\Local\Temp\ccgoOOhI.s 			page 31


 979              	.LCFI34:
 980              		.cfi_def_cfa_offset 8
 981 0104 BD46     		mov	sp, r7
 982              	.LCFI35:
 983              		.cfi_def_cfa_register 13
 984              		@ sp needed
 985 0106 80BD     		pop	{r7, pc}
 986              	.L38:
 987              		.align	2
 988              	.L37:
 989 0108 00000000 		.word	_SEGGER_RTT
 990              		.cfi_endproc
 991              	.LFE6:
 993              		.section	.text.SEGGER_RTT_ReadUpBuffer,"ax",%progbits
 994              		.align	1
 995              		.global	SEGGER_RTT_ReadUpBuffer
 996              		.syntax unified
 997              		.thumb
 998              		.thumb_func
 1000              	SEGGER_RTT_ReadUpBuffer:
 1001              	.LFB7:
 730:./segger-rtt/src/SEGGER_RTT.c **** 
 731:./segger-rtt/src/SEGGER_RTT.c **** /*********************************************************************
 732:./segger-rtt/src/SEGGER_RTT.c **** *
 733:./segger-rtt/src/SEGGER_RTT.c **** *       SEGGER_RTT_ReadUpBuffer
 734:./segger-rtt/src/SEGGER_RTT.c **** *
 735:./segger-rtt/src/SEGGER_RTT.c **** *  Function description
 736:./segger-rtt/src/SEGGER_RTT.c **** *    Reads characters from SEGGER real-time-terminal control block
 737:./segger-rtt/src/SEGGER_RTT.c **** *    which have been previously stored by the application.
 738:./segger-rtt/src/SEGGER_RTT.c **** *    Used to do the same operation that J-Link does, to transfer
 739:./segger-rtt/src/SEGGER_RTT.c **** *    RTT data via other channels, such as TCP/IP or UART.
 740:./segger-rtt/src/SEGGER_RTT.c **** *
 741:./segger-rtt/src/SEGGER_RTT.c **** *  Parameters
 742:./segger-rtt/src/SEGGER_RTT.c **** *    BufferIndex  Index of Up-buffer to be used.
 743:./segger-rtt/src/SEGGER_RTT.c **** *    pBuffer      Pointer to buffer provided by target application, to copy characters from RTT-up-
 744:./segger-rtt/src/SEGGER_RTT.c **** *    BufferSize   Size of the target application buffer.
 745:./segger-rtt/src/SEGGER_RTT.c **** *
 746:./segger-rtt/src/SEGGER_RTT.c **** *  Return value
 747:./segger-rtt/src/SEGGER_RTT.c **** *    Number of bytes that have been read.
 748:./segger-rtt/src/SEGGER_RTT.c **** *
 749:./segger-rtt/src/SEGGER_RTT.c **** *  Additional information
 750:./segger-rtt/src/SEGGER_RTT.c **** *    This function must not be called when J-Link might also do RTT.
 751:./segger-rtt/src/SEGGER_RTT.c **** *    This function locks against all other RTT operations. I.e. during
 752:./segger-rtt/src/SEGGER_RTT.c **** *    the read operation, writing is also locked.
 753:./segger-rtt/src/SEGGER_RTT.c **** *    If only one consumer reads from the up buffer,
 754:./segger-rtt/src/SEGGER_RTT.c **** *    call sEGGER_RTT_ReadUpBufferNoLock() instead.
 755:./segger-rtt/src/SEGGER_RTT.c **** */
 756:./segger-rtt/src/SEGGER_RTT.c **** unsigned SEGGER_RTT_ReadUpBuffer(unsigned BufferIndex, void* pBuffer, unsigned BufferSize) {
 1002              		.loc 1 756 92
 1003              		.cfi_startproc
 1004              		@ args = 0, pretend = 0, frame = 24
 1005              		@ frame_needed = 1, uses_anonymous_args = 0
 1006 0000 80B5     		push	{r7, lr}
 1007              	.LCFI36:
 1008              		.cfi_def_cfa_offset 8
 1009              		.cfi_offset 7, -8
 1010              		.cfi_offset 14, -4
ARM GAS  C:\Users\PRAETE~1\AppData\Local\Temp\ccgoOOhI.s 			page 32


 1011 0002 86B0     		sub	sp, sp, #24
 1012              	.LCFI37:
 1013              		.cfi_def_cfa_offset 32
 1014 0004 00AF     		add	r7, sp, #0
 1015              	.LCFI38:
 1016              		.cfi_def_cfa_register 7
 1017 0006 F860     		str	r0, [r7, #12]
 1018 0008 B960     		str	r1, [r7, #8]
 1019 000a 7A60     		str	r2, [r7, #4]
 1020              	.LBB4:
 757:./segger-rtt/src/SEGGER_RTT.c ****   unsigned NumBytesRead;
 758:./segger-rtt/src/SEGGER_RTT.c **** 
 759:./segger-rtt/src/SEGGER_RTT.c ****   SEGGER_RTT_LOCK();
 1021              		.loc 1 759 3
 1022              		.syntax unified
 1023              	@ 759 "./segger-rtt/src/SEGGER_RTT.c" 1
 1024 000c EFF31183 		mrs   r3, basepri  
 1025 0010 4FF02001 		mov   r1, #32       
 1026 0014 81F31188 		msr   basepri, r1  
 1027              		
 1028              	@ 0 "" 2
 1029              		.thumb
 1030              		.syntax unified
 1031 0018 7B61     		str	r3, [r7, #20]
 760:./segger-rtt/src/SEGGER_RTT.c ****   //
 761:./segger-rtt/src/SEGGER_RTT.c ****   // Call the non-locking read function
 762:./segger-rtt/src/SEGGER_RTT.c ****   //
 763:./segger-rtt/src/SEGGER_RTT.c ****   NumBytesRead = SEGGER_RTT_ReadUpBufferNoLock(BufferIndex, pBuffer, BufferSize);
 1032              		.loc 1 763 18
 1033 001a 7A68     		ldr	r2, [r7, #4]
 1034 001c B968     		ldr	r1, [r7, #8]
 1035 001e F868     		ldr	r0, [r7, #12]
 1036 0020 FFF7FEFF 		bl	SEGGER_RTT_ReadUpBufferNoLock
 1037 0024 3861     		str	r0, [r7, #16]
 764:./segger-rtt/src/SEGGER_RTT.c ****   //
 765:./segger-rtt/src/SEGGER_RTT.c ****   // Finish up.
 766:./segger-rtt/src/SEGGER_RTT.c ****   //
 767:./segger-rtt/src/SEGGER_RTT.c ****   SEGGER_RTT_UNLOCK();
 1038              		.loc 1 767 3
 1039 0026 7B69     		ldr	r3, [r7, #20]
 1040              		.syntax unified
 1041              	@ 767 "./segger-rtt/src/SEGGER_RTT.c" 1
 1042 0028 83F31188 		msr   basepri, r3  
 1043              		
 1044              	@ 0 "" 2
 1045              		.thumb
 1046              		.syntax unified
 1047              	.LBE4:
 768:./segger-rtt/src/SEGGER_RTT.c ****   //
 769:./segger-rtt/src/SEGGER_RTT.c ****   return NumBytesRead;
 1048              		.loc 1 769 10
 1049 002c 3B69     		ldr	r3, [r7, #16]
 770:./segger-rtt/src/SEGGER_RTT.c **** }
 1050              		.loc 1 770 1
 1051 002e 1846     		mov	r0, r3
 1052 0030 1837     		adds	r7, r7, #24
 1053              	.LCFI39:
ARM GAS  C:\Users\PRAETE~1\AppData\Local\Temp\ccgoOOhI.s 			page 33


 1054              		.cfi_def_cfa_offset 8
 1055 0032 BD46     		mov	sp, r7
 1056              	.LCFI40:
 1057              		.cfi_def_cfa_register 13
 1058              		@ sp needed
 1059 0034 80BD     		pop	{r7, pc}
 1060              		.cfi_endproc
 1061              	.LFE7:
 1063              		.section	.text.SEGGER_RTT_Read,"ax",%progbits
 1064              		.align	1
 1065              		.global	SEGGER_RTT_Read
 1066              		.syntax unified
 1067              		.thumb
 1068              		.thumb_func
 1070              	SEGGER_RTT_Read:
 1071              	.LFB8:
 771:./segger-rtt/src/SEGGER_RTT.c **** 
 772:./segger-rtt/src/SEGGER_RTT.c **** /*********************************************************************
 773:./segger-rtt/src/SEGGER_RTT.c **** *
 774:./segger-rtt/src/SEGGER_RTT.c **** *       SEGGER_RTT_Read
 775:./segger-rtt/src/SEGGER_RTT.c **** *
 776:./segger-rtt/src/SEGGER_RTT.c **** *  Function description
 777:./segger-rtt/src/SEGGER_RTT.c **** *    Reads characters from SEGGER real-time-terminal control block
 778:./segger-rtt/src/SEGGER_RTT.c **** *    which have been previously stored by the host.
 779:./segger-rtt/src/SEGGER_RTT.c **** *
 780:./segger-rtt/src/SEGGER_RTT.c **** *  Parameters
 781:./segger-rtt/src/SEGGER_RTT.c **** *    BufferIndex  Index of Down-buffer to be used (e.g. 0 for "Terminal").
 782:./segger-rtt/src/SEGGER_RTT.c **** *    pBuffer      Pointer to buffer provided by target application, to copy characters from RTT-dow
 783:./segger-rtt/src/SEGGER_RTT.c **** *    BufferSize   Size of the target application buffer.
 784:./segger-rtt/src/SEGGER_RTT.c **** *
 785:./segger-rtt/src/SEGGER_RTT.c **** *  Return value
 786:./segger-rtt/src/SEGGER_RTT.c **** *    Number of bytes that have been read.
 787:./segger-rtt/src/SEGGER_RTT.c **** */
 788:./segger-rtt/src/SEGGER_RTT.c **** unsigned SEGGER_RTT_Read(unsigned BufferIndex, void* pBuffer, unsigned BufferSize) {
 1072              		.loc 1 788 84
 1073              		.cfi_startproc
 1074              		@ args = 0, pretend = 0, frame = 24
 1075              		@ frame_needed = 1, uses_anonymous_args = 0
 1076 0000 80B5     		push	{r7, lr}
 1077              	.LCFI41:
 1078              		.cfi_def_cfa_offset 8
 1079              		.cfi_offset 7, -8
 1080              		.cfi_offset 14, -4
 1081 0002 86B0     		sub	sp, sp, #24
 1082              	.LCFI42:
 1083              		.cfi_def_cfa_offset 32
 1084 0004 00AF     		add	r7, sp, #0
 1085              	.LCFI43:
 1086              		.cfi_def_cfa_register 7
 1087 0006 F860     		str	r0, [r7, #12]
 1088 0008 B960     		str	r1, [r7, #8]
 1089 000a 7A60     		str	r2, [r7, #4]
 1090              	.LBB5:
 789:./segger-rtt/src/SEGGER_RTT.c ****   unsigned NumBytesRead;
 790:./segger-rtt/src/SEGGER_RTT.c **** 
 791:./segger-rtt/src/SEGGER_RTT.c ****   SEGGER_RTT_LOCK();
 1091              		.loc 1 791 3
ARM GAS  C:\Users\PRAETE~1\AppData\Local\Temp\ccgoOOhI.s 			page 34


 1092              		.syntax unified
 1093              	@ 791 "./segger-rtt/src/SEGGER_RTT.c" 1
 1094 000c EFF31183 		mrs   r3, basepri  
 1095 0010 4FF02001 		mov   r1, #32       
 1096 0014 81F31188 		msr   basepri, r1  
 1097              		
 1098              	@ 0 "" 2
 1099              		.thumb
 1100              		.syntax unified
 1101 0018 7B61     		str	r3, [r7, #20]
 792:./segger-rtt/src/SEGGER_RTT.c ****   //
 793:./segger-rtt/src/SEGGER_RTT.c ****   // Call the non-locking read function
 794:./segger-rtt/src/SEGGER_RTT.c ****   //
 795:./segger-rtt/src/SEGGER_RTT.c ****   NumBytesRead = SEGGER_RTT_ReadNoLock(BufferIndex, pBuffer, BufferSize);
 1102              		.loc 1 795 18
 1103 001a 7A68     		ldr	r2, [r7, #4]
 1104 001c B968     		ldr	r1, [r7, #8]
 1105 001e F868     		ldr	r0, [r7, #12]
 1106 0020 FFF7FEFF 		bl	SEGGER_RTT_ReadNoLock
 1107 0024 3861     		str	r0, [r7, #16]
 796:./segger-rtt/src/SEGGER_RTT.c ****   //
 797:./segger-rtt/src/SEGGER_RTT.c ****   // Finish up.
 798:./segger-rtt/src/SEGGER_RTT.c ****   //
 799:./segger-rtt/src/SEGGER_RTT.c ****   SEGGER_RTT_UNLOCK();
 1108              		.loc 1 799 3
 1109 0026 7B69     		ldr	r3, [r7, #20]
 1110              		.syntax unified
 1111              	@ 799 "./segger-rtt/src/SEGGER_RTT.c" 1
 1112 0028 83F31188 		msr   basepri, r3  
 1113              		
 1114              	@ 0 "" 2
 1115              		.thumb
 1116              		.syntax unified
 1117              	.LBE5:
 800:./segger-rtt/src/SEGGER_RTT.c ****   //
 801:./segger-rtt/src/SEGGER_RTT.c ****   return NumBytesRead;
 1118              		.loc 1 801 10
 1119 002c 3B69     		ldr	r3, [r7, #16]
 802:./segger-rtt/src/SEGGER_RTT.c **** }
 1120              		.loc 1 802 1
 1121 002e 1846     		mov	r0, r3
 1122 0030 1837     		adds	r7, r7, #24
 1123              	.LCFI44:
 1124              		.cfi_def_cfa_offset 8
 1125 0032 BD46     		mov	sp, r7
 1126              	.LCFI45:
 1127              		.cfi_def_cfa_register 13
 1128              		@ sp needed
 1129 0034 80BD     		pop	{r7, pc}
 1130              		.cfi_endproc
 1131              	.LFE8:
 1133              		.section	.text.SEGGER_RTT_WriteWithOverwriteNoLock,"ax",%progbits
 1134              		.align	1
 1135              		.global	SEGGER_RTT_WriteWithOverwriteNoLock
 1136              		.syntax unified
 1137              		.thumb
 1138              		.thumb_func
ARM GAS  C:\Users\PRAETE~1\AppData\Local\Temp\ccgoOOhI.s 			page 35


 1140              	SEGGER_RTT_WriteWithOverwriteNoLock:
 1141              	.LFB9:
 803:./segger-rtt/src/SEGGER_RTT.c **** 
 804:./segger-rtt/src/SEGGER_RTT.c **** /*********************************************************************
 805:./segger-rtt/src/SEGGER_RTT.c **** *
 806:./segger-rtt/src/SEGGER_RTT.c **** *       SEGGER_RTT_WriteWithOverwriteNoLock
 807:./segger-rtt/src/SEGGER_RTT.c **** *
 808:./segger-rtt/src/SEGGER_RTT.c **** *  Function description
 809:./segger-rtt/src/SEGGER_RTT.c **** *    Stores a specified number of characters in SEGGER RTT
 810:./segger-rtt/src/SEGGER_RTT.c **** *    control block.
 811:./segger-rtt/src/SEGGER_RTT.c **** *    SEGGER_RTT_WriteWithOverwriteNoLock does not lock the application
 812:./segger-rtt/src/SEGGER_RTT.c **** *    and overwrites data if the data does not fit into the buffer.
 813:./segger-rtt/src/SEGGER_RTT.c **** *
 814:./segger-rtt/src/SEGGER_RTT.c **** *  Parameters
 815:./segger-rtt/src/SEGGER_RTT.c **** *    BufferIndex  Index of "Up"-buffer to be used (e.g. 0 for "Terminal").
 816:./segger-rtt/src/SEGGER_RTT.c **** *    pBuffer      Pointer to character array. Does not need to point to a \0 terminated string.
 817:./segger-rtt/src/SEGGER_RTT.c **** *    NumBytes     Number of bytes to be stored in the SEGGER RTT control block.
 818:./segger-rtt/src/SEGGER_RTT.c **** *
 819:./segger-rtt/src/SEGGER_RTT.c **** *  Notes
 820:./segger-rtt/src/SEGGER_RTT.c **** *    (1) If there is not enough space in the "Up"-buffer, data is overwritten.
 821:./segger-rtt/src/SEGGER_RTT.c **** *    (2) For performance reasons this function does not call Init()
 822:./segger-rtt/src/SEGGER_RTT.c **** *        and may only be called after RTT has been initialized.
 823:./segger-rtt/src/SEGGER_RTT.c **** *        Either by calling SEGGER_RTT_Init() or calling another RTT API function first.
 824:./segger-rtt/src/SEGGER_RTT.c **** *    (3) Do not use SEGGER_RTT_WriteWithOverwriteNoLock if a J-Link
 825:./segger-rtt/src/SEGGER_RTT.c **** *        connection reads RTT data.
 826:./segger-rtt/src/SEGGER_RTT.c **** */
 827:./segger-rtt/src/SEGGER_RTT.c **** void SEGGER_RTT_WriteWithOverwriteNoLock(unsigned BufferIndex, const void* pBuffer, unsigned NumByt
 1142              		.loc 1 827 104
 1143              		.cfi_startproc
 1144              		@ args = 0, pretend = 0, frame = 32
 1145              		@ frame_needed = 1, uses_anonymous_args = 0
 1146 0000 80B5     		push	{r7, lr}
 1147              	.LCFI46:
 1148              		.cfi_def_cfa_offset 8
 1149              		.cfi_offset 7, -8
 1150              		.cfi_offset 14, -4
 1151 0002 88B0     		sub	sp, sp, #32
 1152              	.LCFI47:
 1153              		.cfi_def_cfa_offset 40
 1154 0004 00AF     		add	r7, sp, #0
 1155              	.LCFI48:
 1156              		.cfi_def_cfa_register 7
 1157 0006 F860     		str	r0, [r7, #12]
 1158 0008 B960     		str	r1, [r7, #8]
 1159 000a 7A60     		str	r2, [r7, #4]
 828:./segger-rtt/src/SEGGER_RTT.c ****   const char*           pData;
 829:./segger-rtt/src/SEGGER_RTT.c ****   SEGGER_RTT_BUFFER_UP* pRing;
 830:./segger-rtt/src/SEGGER_RTT.c ****   unsigned              Avail;
 831:./segger-rtt/src/SEGGER_RTT.c ****   volatile char*        pDst;
 832:./segger-rtt/src/SEGGER_RTT.c ****   //
 833:./segger-rtt/src/SEGGER_RTT.c ****   // Get "to-host" ring buffer and copy some elements into local variables.
 834:./segger-rtt/src/SEGGER_RTT.c ****   //
 835:./segger-rtt/src/SEGGER_RTT.c ****   pData = (const char *)pBuffer;
 1160              		.loc 1 835 9
 1161 000c BB68     		ldr	r3, [r7, #8]
 1162 000e FB61     		str	r3, [r7, #28]
 836:./segger-rtt/src/SEGGER_RTT.c ****   pRing = (SEGGER_RTT_BUFFER_UP*)((uintptr_t)&_SEGGER_RTT.aUp[BufferIndex] + SEGGER_RTT_UNCACHED_OF
ARM GAS  C:\Users\PRAETE~1\AppData\Local\Temp\ccgoOOhI.s 			page 36


 1163              		.loc 1 836 9
 1164 0010 FB68     		ldr	r3, [r7, #12]
 1165 0012 5A1C     		adds	r2, r3, #1
 1166 0014 1346     		mov	r3, r2
 1167 0016 5B00     		lsls	r3, r3, #1
 1168 0018 1344     		add	r3, r3, r2
 1169 001a DB00     		lsls	r3, r3, #3
 1170 001c 3E4A     		ldr	r2, .L53
 1171 001e 1344     		add	r3, r3, r2
 1172 0020 7B61     		str	r3, [r7, #20]
 837:./segger-rtt/src/SEGGER_RTT.c ****   //
 838:./segger-rtt/src/SEGGER_RTT.c ****   // Check if we will overwrite data and need to adjust the RdOff.
 839:./segger-rtt/src/SEGGER_RTT.c ****   //
 840:./segger-rtt/src/SEGGER_RTT.c ****   if (pRing->WrOff == pRing->RdOff) {
 1173              		.loc 1 840 12
 1174 0022 7B69     		ldr	r3, [r7, #20]
 1175 0024 DA68     		ldr	r2, [r3, #12]
 1176              		.loc 1 840 28
 1177 0026 7B69     		ldr	r3, [r7, #20]
 1178 0028 1B69     		ldr	r3, [r3, #16]
 1179              		.loc 1 840 6
 1180 002a 9A42     		cmp	r2, r3
 1181 002c 04D1     		bne	.L44
 841:./segger-rtt/src/SEGGER_RTT.c ****     Avail = pRing->SizeOfBuffer - 1u;
 1182              		.loc 1 841 18
 1183 002e 7B69     		ldr	r3, [r7, #20]
 1184 0030 9B68     		ldr	r3, [r3, #8]
 1185              		.loc 1 841 11
 1186 0032 013B     		subs	r3, r3, #1
 1187 0034 BB61     		str	r3, [r7, #24]
 1188 0036 17E0     		b	.L45
 1189              	.L44:
 842:./segger-rtt/src/SEGGER_RTT.c ****   } else if ( pRing->WrOff < pRing->RdOff) {
 1190              		.loc 1 842 20
 1191 0038 7B69     		ldr	r3, [r7, #20]
 1192 003a DA68     		ldr	r2, [r3, #12]
 1193              		.loc 1 842 35
 1194 003c 7B69     		ldr	r3, [r7, #20]
 1195 003e 1B69     		ldr	r3, [r3, #16]
 1196              		.loc 1 842 13
 1197 0040 9A42     		cmp	r2, r3
 1198 0042 07D2     		bcs	.L46
 843:./segger-rtt/src/SEGGER_RTT.c ****     Avail = pRing->RdOff - pRing->WrOff - 1u;
 1199              		.loc 1 843 18
 1200 0044 7B69     		ldr	r3, [r7, #20]
 1201 0046 1A69     		ldr	r2, [r3, #16]
 1202              		.loc 1 843 33
 1203 0048 7B69     		ldr	r3, [r7, #20]
 1204 004a DB68     		ldr	r3, [r3, #12]
 1205              		.loc 1 843 26
 1206 004c D31A     		subs	r3, r2, r3
 1207              		.loc 1 843 11
 1208 004e 013B     		subs	r3, r3, #1
 1209 0050 BB61     		str	r3, [r7, #24]
 1210 0052 09E0     		b	.L45
 1211              	.L46:
 844:./segger-rtt/src/SEGGER_RTT.c ****   } else {
ARM GAS  C:\Users\PRAETE~1\AppData\Local\Temp\ccgoOOhI.s 			page 37


 845:./segger-rtt/src/SEGGER_RTT.c ****     Avail = pRing->RdOff - pRing->WrOff - 1u + pRing->SizeOfBuffer;
 1212              		.loc 1 845 18
 1213 0054 7B69     		ldr	r3, [r7, #20]
 1214 0056 1A69     		ldr	r2, [r3, #16]
 1215              		.loc 1 845 33
 1216 0058 7B69     		ldr	r3, [r7, #20]
 1217 005a DB68     		ldr	r3, [r3, #12]
 1218              		.loc 1 845 26
 1219 005c D21A     		subs	r2, r2, r3
 1220              		.loc 1 845 53
 1221 005e 7B69     		ldr	r3, [r7, #20]
 1222 0060 9B68     		ldr	r3, [r3, #8]
 1223              		.loc 1 845 46
 1224 0062 1344     		add	r3, r3, r2
 1225              		.loc 1 845 11
 1226 0064 013B     		subs	r3, r3, #1
 1227 0066 BB61     		str	r3, [r7, #24]
 1228              	.L45:
 846:./segger-rtt/src/SEGGER_RTT.c ****   }
 847:./segger-rtt/src/SEGGER_RTT.c ****   if (NumBytes > Avail) {
 1229              		.loc 1 847 6
 1230 0068 7A68     		ldr	r2, [r7, #4]
 1231 006a BB69     		ldr	r3, [r7, #24]
 1232 006c 9A42     		cmp	r2, r3
 1233 006e 15D9     		bls	.L47
 848:./segger-rtt/src/SEGGER_RTT.c ****     pRing->RdOff += (NumBytes - Avail);
 1234              		.loc 1 848 10
 1235 0070 7B69     		ldr	r3, [r7, #20]
 1236 0072 1A69     		ldr	r2, [r3, #16]
 1237              		.loc 1 848 31
 1238 0074 7968     		ldr	r1, [r7, #4]
 1239 0076 BB69     		ldr	r3, [r7, #24]
 1240 0078 CB1A     		subs	r3, r1, r3
 1241              		.loc 1 848 18
 1242 007a 1A44     		add	r2, r2, r3
 1243 007c 7B69     		ldr	r3, [r7, #20]
 1244 007e 1A61     		str	r2, [r3, #16]
 849:./segger-rtt/src/SEGGER_RTT.c ****     while (pRing->RdOff >= pRing->SizeOfBuffer) {
 1245              		.loc 1 849 11
 1246 0080 06E0     		b	.L48
 1247              	.L49:
 850:./segger-rtt/src/SEGGER_RTT.c ****       pRing->RdOff -= pRing->SizeOfBuffer;
 1248              		.loc 1 850 12
 1249 0082 7B69     		ldr	r3, [r7, #20]
 1250 0084 1A69     		ldr	r2, [r3, #16]
 1251              		.loc 1 850 28
 1252 0086 7B69     		ldr	r3, [r7, #20]
 1253 0088 9B68     		ldr	r3, [r3, #8]
 1254              		.loc 1 850 20
 1255 008a D21A     		subs	r2, r2, r3
 1256 008c 7B69     		ldr	r3, [r7, #20]
 1257 008e 1A61     		str	r2, [r3, #16]
 1258              	.L48:
 849:./segger-rtt/src/SEGGER_RTT.c ****     while (pRing->RdOff >= pRing->SizeOfBuffer) {
 1259              		.loc 1 849 17
 1260 0090 7B69     		ldr	r3, [r7, #20]
 1261 0092 1A69     		ldr	r2, [r3, #16]
ARM GAS  C:\Users\PRAETE~1\AppData\Local\Temp\ccgoOOhI.s 			page 38


 849:./segger-rtt/src/SEGGER_RTT.c ****     while (pRing->RdOff >= pRing->SizeOfBuffer) {
 1262              		.loc 1 849 33
 1263 0094 7B69     		ldr	r3, [r7, #20]
 1264 0096 9B68     		ldr	r3, [r3, #8]
 849:./segger-rtt/src/SEGGER_RTT.c ****     while (pRing->RdOff >= pRing->SizeOfBuffer) {
 1265              		.loc 1 849 25
 1266 0098 9A42     		cmp	r2, r3
 1267 009a F2D2     		bcs	.L49
 1268              	.L47:
 851:./segger-rtt/src/SEGGER_RTT.c ****     }
 852:./segger-rtt/src/SEGGER_RTT.c ****   }
 853:./segger-rtt/src/SEGGER_RTT.c ****   //
 854:./segger-rtt/src/SEGGER_RTT.c ****   // Write all data, no need to check the RdOff, but possibly handle multiple wrap-arounds
 855:./segger-rtt/src/SEGGER_RTT.c ****   //
 856:./segger-rtt/src/SEGGER_RTT.c ****   Avail = pRing->SizeOfBuffer - pRing->WrOff;
 1269              		.loc 1 856 16
 1270 009c 7B69     		ldr	r3, [r7, #20]
 1271 009e 9A68     		ldr	r2, [r3, #8]
 1272              		.loc 1 856 38
 1273 00a0 7B69     		ldr	r3, [r7, #20]
 1274 00a2 DB68     		ldr	r3, [r3, #12]
 1275              		.loc 1 856 9
 1276 00a4 D31A     		subs	r3, r2, r3
 1277 00a6 BB61     		str	r3, [r7, #24]
 1278              	.L52:
 857:./segger-rtt/src/SEGGER_RTT.c ****   do {
 858:./segger-rtt/src/SEGGER_RTT.c ****     if (Avail > NumBytes) {
 1279              		.loc 1 858 8
 1280 00a8 BA69     		ldr	r2, [r7, #24]
 1281 00aa 7B68     		ldr	r3, [r7, #4]
 1282 00ac 9A42     		cmp	r2, r3
 1283 00ae 11D9     		bls	.L50
 859:./segger-rtt/src/SEGGER_RTT.c ****       //
 860:./segger-rtt/src/SEGGER_RTT.c ****       // Last round
 861:./segger-rtt/src/SEGGER_RTT.c ****       //
 862:./segger-rtt/src/SEGGER_RTT.c ****       pDst = (pRing->pBuffer + pRing->WrOff) + SEGGER_RTT_UNCACHED_OFF;
 1284              		.loc 1 862 20
 1285 00b0 7B69     		ldr	r3, [r7, #20]
 1286 00b2 5A68     		ldr	r2, [r3, #4]
 1287              		.loc 1 862 37
 1288 00b4 7B69     		ldr	r3, [r7, #20]
 1289 00b6 DB68     		ldr	r3, [r3, #12]
 1290              		.loc 1 862 12
 1291 00b8 1344     		add	r3, r3, r2
 1292 00ba 3B61     		str	r3, [r7, #16]
 863:./segger-rtt/src/SEGGER_RTT.c **** #if SEGGER_RTT_MEMCPY_USE_BYTELOOP
 864:./segger-rtt/src/SEGGER_RTT.c ****       Avail = NumBytes;
 865:./segger-rtt/src/SEGGER_RTT.c ****       while (NumBytes--) {
 866:./segger-rtt/src/SEGGER_RTT.c ****         *pDst++ = *pData++;
 867:./segger-rtt/src/SEGGER_RTT.c ****       };
 868:./segger-rtt/src/SEGGER_RTT.c ****       RTT__DMB();                     // Force data write to be complete before writing the <WrOff>
 869:./segger-rtt/src/SEGGER_RTT.c ****       pRing->WrOff += Avail;
 870:./segger-rtt/src/SEGGER_RTT.c **** #else
 871:./segger-rtt/src/SEGGER_RTT.c ****       SEGGER_RTT_MEMCPY((void*)pDst, pData, NumBytes);
 1293              		.loc 1 871 7
 1294 00bc 7A68     		ldr	r2, [r7, #4]
 1295 00be F969     		ldr	r1, [r7, #28]
ARM GAS  C:\Users\PRAETE~1\AppData\Local\Temp\ccgoOOhI.s 			page 39


 1296 00c0 3869     		ldr	r0, [r7, #16]
 1297 00c2 FFF7FEFF 		bl	memcpy
 872:./segger-rtt/src/SEGGER_RTT.c ****       RTT__DMB();                     // Force data write to be complete before writing the <WrOff>
 873:./segger-rtt/src/SEGGER_RTT.c ****       pRing->WrOff += NumBytes;
 1298              		.loc 1 873 12
 1299 00c6 7B69     		ldr	r3, [r7, #20]
 1300 00c8 DA68     		ldr	r2, [r3, #12]
 1301              		.loc 1 873 20
 1302 00ca 7B68     		ldr	r3, [r7, #4]
 1303 00cc 1A44     		add	r2, r2, r3
 1304 00ce 7B69     		ldr	r3, [r7, #20]
 1305 00d0 DA60     		str	r2, [r3, #12]
 874:./segger-rtt/src/SEGGER_RTT.c **** #endif
 875:./segger-rtt/src/SEGGER_RTT.c ****       break;
 1306              		.loc 1 875 7
 1307 00d2 1DE0     		b	.L51
 1308              	.L50:
 876:./segger-rtt/src/SEGGER_RTT.c ****     } else {
 877:./segger-rtt/src/SEGGER_RTT.c ****       //
 878:./segger-rtt/src/SEGGER_RTT.c ****       //  Wrap-around necessary, write until wrap-around and reset WrOff
 879:./segger-rtt/src/SEGGER_RTT.c ****       //
 880:./segger-rtt/src/SEGGER_RTT.c ****       pDst = (pRing->pBuffer + pRing->WrOff) + SEGGER_RTT_UNCACHED_OFF;
 1309              		.loc 1 880 20
 1310 00d4 7B69     		ldr	r3, [r7, #20]
 1311 00d6 5A68     		ldr	r2, [r3, #4]
 1312              		.loc 1 880 37
 1313 00d8 7B69     		ldr	r3, [r7, #20]
 1314 00da DB68     		ldr	r3, [r3, #12]
 1315              		.loc 1 880 12
 1316 00dc 1344     		add	r3, r3, r2
 1317 00de 3B61     		str	r3, [r7, #16]
 881:./segger-rtt/src/SEGGER_RTT.c **** #if SEGGER_RTT_MEMCPY_USE_BYTELOOP
 882:./segger-rtt/src/SEGGER_RTT.c ****       NumBytes -= Avail;
 883:./segger-rtt/src/SEGGER_RTT.c ****       while (Avail--) {
 884:./segger-rtt/src/SEGGER_RTT.c ****         *pDst++ = *pData++;
 885:./segger-rtt/src/SEGGER_RTT.c ****       };
 886:./segger-rtt/src/SEGGER_RTT.c ****       RTT__DMB();                     // Force data write to be complete before writing the <WrOff>
 887:./segger-rtt/src/SEGGER_RTT.c ****       pRing->WrOff = 0;
 888:./segger-rtt/src/SEGGER_RTT.c **** #else
 889:./segger-rtt/src/SEGGER_RTT.c ****       SEGGER_RTT_MEMCPY((void*)pDst, pData, Avail);
 1318              		.loc 1 889 7
 1319 00e0 BA69     		ldr	r2, [r7, #24]
 1320 00e2 F969     		ldr	r1, [r7, #28]
 1321 00e4 3869     		ldr	r0, [r7, #16]
 1322 00e6 FFF7FEFF 		bl	memcpy
 890:./segger-rtt/src/SEGGER_RTT.c ****       pData += Avail;
 1323              		.loc 1 890 13
 1324 00ea FA69     		ldr	r2, [r7, #28]
 1325 00ec BB69     		ldr	r3, [r7, #24]
 1326 00ee 1344     		add	r3, r3, r2
 1327 00f0 FB61     		str	r3, [r7, #28]
 891:./segger-rtt/src/SEGGER_RTT.c ****       RTT__DMB();                     // Force data write to be complete before writing the <WrOff>
 892:./segger-rtt/src/SEGGER_RTT.c ****       pRing->WrOff = 0;
 1328              		.loc 1 892 20
 1329 00f2 7B69     		ldr	r3, [r7, #20]
 1330 00f4 0022     		movs	r2, #0
 1331 00f6 DA60     		str	r2, [r3, #12]
ARM GAS  C:\Users\PRAETE~1\AppData\Local\Temp\ccgoOOhI.s 			page 40


 893:./segger-rtt/src/SEGGER_RTT.c ****       NumBytes -= Avail;
 1332              		.loc 1 893 16
 1333 00f8 7A68     		ldr	r2, [r7, #4]
 1334 00fa BB69     		ldr	r3, [r7, #24]
 1335 00fc D31A     		subs	r3, r2, r3
 1336 00fe 7B60     		str	r3, [r7, #4]
 894:./segger-rtt/src/SEGGER_RTT.c **** #endif
 895:./segger-rtt/src/SEGGER_RTT.c ****       Avail = (pRing->SizeOfBuffer - 1);
 1337              		.loc 1 895 21
 1338 0100 7B69     		ldr	r3, [r7, #20]
 1339 0102 9B68     		ldr	r3, [r3, #8]
 1340              		.loc 1 895 13
 1341 0104 013B     		subs	r3, r3, #1
 1342 0106 BB61     		str	r3, [r7, #24]
 896:./segger-rtt/src/SEGGER_RTT.c ****     }
 897:./segger-rtt/src/SEGGER_RTT.c ****   } while (NumBytes);
 1343              		.loc 1 897 12
 1344 0108 7B68     		ldr	r3, [r7, #4]
 1345 010a 002B     		cmp	r3, #0
 1346 010c CCD1     		bne	.L52
 898:./segger-rtt/src/SEGGER_RTT.c **** }
 1347              		.loc 1 898 1
 1348 010e 00BF     		nop
 1349              	.L51:
 1350 0110 00BF     		nop
 1351 0112 2037     		adds	r7, r7, #32
 1352              	.LCFI49:
 1353              		.cfi_def_cfa_offset 8
 1354 0114 BD46     		mov	sp, r7
 1355              	.LCFI50:
 1356              		.cfi_def_cfa_register 13
 1357              		@ sp needed
 1358 0116 80BD     		pop	{r7, pc}
 1359              	.L54:
 1360              		.align	2
 1361              	.L53:
 1362 0118 00000000 		.word	_SEGGER_RTT
 1363              		.cfi_endproc
 1364              	.LFE9:
 1366              		.section	.text.SEGGER_RTT_WriteDownBufferNoLock,"ax",%progbits
 1367              		.align	1
 1368              		.global	SEGGER_RTT_WriteDownBufferNoLock
 1369              		.syntax unified
 1370              		.thumb
 1371              		.thumb_func
 1373              	SEGGER_RTT_WriteDownBufferNoLock:
 1374              	.LFB10:
 899:./segger-rtt/src/SEGGER_RTT.c **** 
 900:./segger-rtt/src/SEGGER_RTT.c **** /*********************************************************************
 901:./segger-rtt/src/SEGGER_RTT.c **** *
 902:./segger-rtt/src/SEGGER_RTT.c **** *       SEGGER_RTT_WriteSkipNoLock
 903:./segger-rtt/src/SEGGER_RTT.c **** *
 904:./segger-rtt/src/SEGGER_RTT.c **** *  Function description
 905:./segger-rtt/src/SEGGER_RTT.c **** *    Stores a specified number of characters in SEGGER RTT
 906:./segger-rtt/src/SEGGER_RTT.c **** *    control block which is then read by the host.
 907:./segger-rtt/src/SEGGER_RTT.c **** *    SEGGER_RTT_WriteSkipNoLock does not lock the application and
 908:./segger-rtt/src/SEGGER_RTT.c **** *    skips all data, if the data does not fit into the buffer.
ARM GAS  C:\Users\PRAETE~1\AppData\Local\Temp\ccgoOOhI.s 			page 41


 909:./segger-rtt/src/SEGGER_RTT.c **** *
 910:./segger-rtt/src/SEGGER_RTT.c **** *  Parameters
 911:./segger-rtt/src/SEGGER_RTT.c **** *    BufferIndex  Index of "Up"-buffer to be used (e.g. 0 for "Terminal").
 912:./segger-rtt/src/SEGGER_RTT.c **** *    pBuffer      Pointer to character array. Does not need to point to a \0 terminated string.
 913:./segger-rtt/src/SEGGER_RTT.c **** *    NumBytes     Number of bytes to be stored in the SEGGER RTT control block.
 914:./segger-rtt/src/SEGGER_RTT.c **** *                 MUST be > 0!!!
 915:./segger-rtt/src/SEGGER_RTT.c **** *                 This is done for performance reasons, so no initial check has do be done.
 916:./segger-rtt/src/SEGGER_RTT.c **** *
 917:./segger-rtt/src/SEGGER_RTT.c **** *  Return value
 918:./segger-rtt/src/SEGGER_RTT.c **** *    1: Data has been copied
 919:./segger-rtt/src/SEGGER_RTT.c **** *    0: No space, data has not been copied
 920:./segger-rtt/src/SEGGER_RTT.c **** *
 921:./segger-rtt/src/SEGGER_RTT.c **** *  Notes
 922:./segger-rtt/src/SEGGER_RTT.c **** *    (1) If there is not enough space in the "Up"-buffer, all data is dropped.
 923:./segger-rtt/src/SEGGER_RTT.c **** *    (2) For performance reasons this function does not call Init()
 924:./segger-rtt/src/SEGGER_RTT.c **** *        and may only be called after RTT has been initialized.
 925:./segger-rtt/src/SEGGER_RTT.c **** *        Either by calling SEGGER_RTT_Init() or calling another RTT API function first.
 926:./segger-rtt/src/SEGGER_RTT.c **** */
 927:./segger-rtt/src/SEGGER_RTT.c **** #if (RTT_USE_ASM == 0)
 928:./segger-rtt/src/SEGGER_RTT.c **** unsigned SEGGER_RTT_WriteSkipNoLock(unsigned BufferIndex, const void* pBuffer, unsigned NumBytes) {
 929:./segger-rtt/src/SEGGER_RTT.c ****   const char*           pData;
 930:./segger-rtt/src/SEGGER_RTT.c ****   SEGGER_RTT_BUFFER_UP* pRing;
 931:./segger-rtt/src/SEGGER_RTT.c ****   unsigned              Avail;
 932:./segger-rtt/src/SEGGER_RTT.c ****   unsigned              RdOff;
 933:./segger-rtt/src/SEGGER_RTT.c ****   unsigned              WrOff;
 934:./segger-rtt/src/SEGGER_RTT.c ****   unsigned              Rem;
 935:./segger-rtt/src/SEGGER_RTT.c ****   volatile char*        pDst;
 936:./segger-rtt/src/SEGGER_RTT.c ****   //
 937:./segger-rtt/src/SEGGER_RTT.c ****   // Cases:
 938:./segger-rtt/src/SEGGER_RTT.c ****   //   1) RdOff <= WrOff => Space until wrap-around is sufficient
 939:./segger-rtt/src/SEGGER_RTT.c ****   //   2) RdOff <= WrOff => Space after wrap-around needed (copy in 2 chunks)
 940:./segger-rtt/src/SEGGER_RTT.c ****   //   3) RdOff <  WrOff => No space in buf
 941:./segger-rtt/src/SEGGER_RTT.c ****   //   4) RdOff >  WrOff => Space is sufficient
 942:./segger-rtt/src/SEGGER_RTT.c ****   //   5) RdOff >  WrOff => No space in buf
 943:./segger-rtt/src/SEGGER_RTT.c ****   //
 944:./segger-rtt/src/SEGGER_RTT.c ****   // 1) is the most common case for large buffers and assuming that J-Link reads the data fast enou
 945:./segger-rtt/src/SEGGER_RTT.c ****   //
 946:./segger-rtt/src/SEGGER_RTT.c ****   pData = (const char *)pBuffer;
 947:./segger-rtt/src/SEGGER_RTT.c ****   pRing = (SEGGER_RTT_BUFFER_UP*)((uintptr_t)&_SEGGER_RTT.aUp[BufferIndex] + SEGGER_RTT_UNCACHED_OF
 948:./segger-rtt/src/SEGGER_RTT.c ****   RdOff = pRing->RdOff;
 949:./segger-rtt/src/SEGGER_RTT.c ****   WrOff = pRing->WrOff;
 950:./segger-rtt/src/SEGGER_RTT.c ****   pDst = (pRing->pBuffer + WrOff) + SEGGER_RTT_UNCACHED_OFF;
 951:./segger-rtt/src/SEGGER_RTT.c ****   if (RdOff <= WrOff) {                                 // Case 1), 2) or 3)
 952:./segger-rtt/src/SEGGER_RTT.c ****     Avail = pRing->SizeOfBuffer - WrOff - 1u;           // Space until wrap-around (assume 1 byte n
 953:./segger-rtt/src/SEGGER_RTT.c ****     if (Avail >= NumBytes) {                            // Case 1)?
 954:./segger-rtt/src/SEGGER_RTT.c ****       memcpy((void*)pDst, pData, NumBytes);
 955:./segger-rtt/src/SEGGER_RTT.c ****       RTT__DMB();                     // Force data write to be complete before writing the <WrOff>
 956:./segger-rtt/src/SEGGER_RTT.c ****       pRing->WrOff = WrOff + NumBytes;
 957:./segger-rtt/src/SEGGER_RTT.c ****       return 1;
 958:./segger-rtt/src/SEGGER_RTT.c ****     }
 959:./segger-rtt/src/SEGGER_RTT.c ****     Avail += RdOff;                                     // Space incl. wrap-around
 960:./segger-rtt/src/SEGGER_RTT.c ****     if (Avail >= NumBytes) {                            // Case 2? => If not, we have case 3) (does
 961:./segger-rtt/src/SEGGER_RTT.c ****       Rem = pRing->SizeOfBuffer - WrOff;                // Space until end of buffer
 962:./segger-rtt/src/SEGGER_RTT.c ****       memcpy((void*)pDst, pData, Rem);                  // Copy 1st chunk
 963:./segger-rtt/src/SEGGER_RTT.c ****       NumBytes -= Rem;
 964:./segger-rtt/src/SEGGER_RTT.c ****       //
 965:./segger-rtt/src/SEGGER_RTT.c ****       // Special case: First check that assumed RdOff == 0 calculated that last element before wrap
ARM GAS  C:\Users\PRAETE~1\AppData\Local\Temp\ccgoOOhI.s 			page 42


 966:./segger-rtt/src/SEGGER_RTT.c ****       // But 2nd check (considering space until wrap-around and until RdOff) revealed that RdOff is
 967:./segger-rtt/src/SEGGER_RTT.c ****       // In this case, we may use a copy straight until buffer end anyway without needing to copy 2
 968:./segger-rtt/src/SEGGER_RTT.c ****       // Therefore, check if 2nd memcpy is necessary at all
 969:./segger-rtt/src/SEGGER_RTT.c ****       //
 970:./segger-rtt/src/SEGGER_RTT.c ****       if (NumBytes) {
 971:./segger-rtt/src/SEGGER_RTT.c ****         pDst = pRing->pBuffer + SEGGER_RTT_UNCACHED_OFF;
 972:./segger-rtt/src/SEGGER_RTT.c ****         memcpy((void*)pDst, pData + Rem, NumBytes);
 973:./segger-rtt/src/SEGGER_RTT.c ****       }
 974:./segger-rtt/src/SEGGER_RTT.c ****       RTT__DMB();                     // Force data write to be complete before writing the <WrOff>
 975:./segger-rtt/src/SEGGER_RTT.c ****       pRing->WrOff = NumBytes;
 976:./segger-rtt/src/SEGGER_RTT.c ****       return 1;
 977:./segger-rtt/src/SEGGER_RTT.c ****     }
 978:./segger-rtt/src/SEGGER_RTT.c ****   } else {                                             // Potential case 4)
 979:./segger-rtt/src/SEGGER_RTT.c ****     Avail = RdOff - WrOff - 1u;
 980:./segger-rtt/src/SEGGER_RTT.c ****     if (Avail >= NumBytes) {                           // Case 4)? => If not, we have case 5) (does
 981:./segger-rtt/src/SEGGER_RTT.c ****       memcpy((void*)pDst, pData, NumBytes);
 982:./segger-rtt/src/SEGGER_RTT.c ****       RTT__DMB();                     // Force data write to be complete before writing the <WrOff>
 983:./segger-rtt/src/SEGGER_RTT.c ****       pRing->WrOff = WrOff + NumBytes;
 984:./segger-rtt/src/SEGGER_RTT.c ****       return 1;
 985:./segger-rtt/src/SEGGER_RTT.c ****     }
 986:./segger-rtt/src/SEGGER_RTT.c ****   }
 987:./segger-rtt/src/SEGGER_RTT.c ****   return 0;     // No space in buffer
 988:./segger-rtt/src/SEGGER_RTT.c **** }
 989:./segger-rtt/src/SEGGER_RTT.c **** #endif
 990:./segger-rtt/src/SEGGER_RTT.c **** 
 991:./segger-rtt/src/SEGGER_RTT.c **** /*********************************************************************
 992:./segger-rtt/src/SEGGER_RTT.c **** *
 993:./segger-rtt/src/SEGGER_RTT.c **** *       SEGGER_RTT_WriteDownBufferNoLock
 994:./segger-rtt/src/SEGGER_RTT.c **** *
 995:./segger-rtt/src/SEGGER_RTT.c **** *  Function description
 996:./segger-rtt/src/SEGGER_RTT.c **** *    Stores a specified number of characters in SEGGER RTT
 997:./segger-rtt/src/SEGGER_RTT.c **** *    control block inside a <Down> buffer.
 998:./segger-rtt/src/SEGGER_RTT.c **** *    SEGGER_RTT_WriteDownBufferNoLock does not lock the application.
 999:./segger-rtt/src/SEGGER_RTT.c **** *    Used to do the same operation that J-Link does, to transfer
1000:./segger-rtt/src/SEGGER_RTT.c **** *    RTT data from other channels, such as TCP/IP or UART.
1001:./segger-rtt/src/SEGGER_RTT.c **** *
1002:./segger-rtt/src/SEGGER_RTT.c **** *  Parameters
1003:./segger-rtt/src/SEGGER_RTT.c **** *    BufferIndex  Index of "Down"-buffer to be used.
1004:./segger-rtt/src/SEGGER_RTT.c **** *    pBuffer      Pointer to character array. Does not need to point to a \0 terminated string.
1005:./segger-rtt/src/SEGGER_RTT.c **** *    NumBytes     Number of bytes to be stored in the SEGGER RTT control block.
1006:./segger-rtt/src/SEGGER_RTT.c **** *
1007:./segger-rtt/src/SEGGER_RTT.c **** *  Return value
1008:./segger-rtt/src/SEGGER_RTT.c **** *    Number of bytes which have been stored in the "Down"-buffer.
1009:./segger-rtt/src/SEGGER_RTT.c **** *
1010:./segger-rtt/src/SEGGER_RTT.c **** *  Notes
1011:./segger-rtt/src/SEGGER_RTT.c **** *    (1) Data is stored according to buffer flags.
1012:./segger-rtt/src/SEGGER_RTT.c **** *    (2) For performance reasons this function does not call Init()
1013:./segger-rtt/src/SEGGER_RTT.c **** *        and may only be called after RTT has been initialized.
1014:./segger-rtt/src/SEGGER_RTT.c **** *        Either by calling SEGGER_RTT_Init() or calling another RTT API function first.
1015:./segger-rtt/src/SEGGER_RTT.c **** *
1016:./segger-rtt/src/SEGGER_RTT.c **** *  Additional information
1017:./segger-rtt/src/SEGGER_RTT.c **** *    This function must not be called when J-Link might also do RTT.
1018:./segger-rtt/src/SEGGER_RTT.c **** */
1019:./segger-rtt/src/SEGGER_RTT.c **** unsigned SEGGER_RTT_WriteDownBufferNoLock(unsigned BufferIndex, const void* pBuffer, unsigned NumBy
 1375              		.loc 1 1019 105
 1376              		.cfi_startproc
 1377              		@ args = 0, pretend = 0, frame = 32
ARM GAS  C:\Users\PRAETE~1\AppData\Local\Temp\ccgoOOhI.s 			page 43


 1378              		@ frame_needed = 1, uses_anonymous_args = 0
 1379 0000 80B5     		push	{r7, lr}
 1380              	.LCFI51:
 1381              		.cfi_def_cfa_offset 8
 1382              		.cfi_offset 7, -8
 1383              		.cfi_offset 14, -4
 1384 0002 88B0     		sub	sp, sp, #32
 1385              	.LCFI52:
 1386              		.cfi_def_cfa_offset 40
 1387 0004 00AF     		add	r7, sp, #0
 1388              	.LCFI53:
 1389              		.cfi_def_cfa_register 7
 1390 0006 F860     		str	r0, [r7, #12]
 1391 0008 B960     		str	r1, [r7, #8]
 1392 000a 7A60     		str	r2, [r7, #4]
1020:./segger-rtt/src/SEGGER_RTT.c ****   unsigned                Status;
1021:./segger-rtt/src/SEGGER_RTT.c ****   unsigned                Avail;
1022:./segger-rtt/src/SEGGER_RTT.c ****   const char*             pData;
1023:./segger-rtt/src/SEGGER_RTT.c ****   SEGGER_RTT_BUFFER_UP*   pRing;
1024:./segger-rtt/src/SEGGER_RTT.c ****   //
1025:./segger-rtt/src/SEGGER_RTT.c ****   // Get "to-target" ring buffer.
1026:./segger-rtt/src/SEGGER_RTT.c ****   // It is save to cast that to a "to-host" buffer. Up and Down buffer differ in volatility of offs
1027:./segger-rtt/src/SEGGER_RTT.c ****   //
1028:./segger-rtt/src/SEGGER_RTT.c ****   pData = (const char *)pBuffer;
 1393              		.loc 1 1028 9
 1394 000c BB68     		ldr	r3, [r7, #8]
 1395 000e BB61     		str	r3, [r7, #24]
1029:./segger-rtt/src/SEGGER_RTT.c ****   pRing = (SEGGER_RTT_BUFFER_UP*)((uintptr_t)&_SEGGER_RTT.aDown[BufferIndex] + SEGGER_RTT_UNCACHED_
 1396              		.loc 1 1029 9
 1397 0010 FA68     		ldr	r2, [r7, #12]
 1398 0012 1346     		mov	r3, r2
 1399 0014 5B00     		lsls	r3, r3, #1
 1400 0016 1344     		add	r3, r3, r2
 1401 0018 DB00     		lsls	r3, r3, #3
 1402 001a 6033     		adds	r3, r3, #96
 1403 001c 1F4A     		ldr	r2, .L64
 1404 001e 1344     		add	r3, r3, r2
 1405 0020 7B61     		str	r3, [r7, #20]
1030:./segger-rtt/src/SEGGER_RTT.c ****   //
1031:./segger-rtt/src/SEGGER_RTT.c ****   // How we output depends upon the mode...
1032:./segger-rtt/src/SEGGER_RTT.c ****   //
1033:./segger-rtt/src/SEGGER_RTT.c ****   switch (pRing->Flags) {
 1406              		.loc 1 1033 16
 1407 0022 7B69     		ldr	r3, [r7, #20]
 1408 0024 5B69     		ldr	r3, [r3, #20]
 1409              		.loc 1 1033 3
 1410 0026 022B     		cmp	r3, #2
 1411 0028 29D0     		beq	.L56
 1412 002a 022B     		cmp	r3, #2
 1413 002c 2ED8     		bhi	.L57
 1414 002e 002B     		cmp	r3, #0
 1415 0030 02D0     		beq	.L58
 1416 0032 012B     		cmp	r3, #1
 1417 0034 13D0     		beq	.L59
 1418 0036 29E0     		b	.L57
 1419              	.L58:
1034:./segger-rtt/src/SEGGER_RTT.c ****   case SEGGER_RTT_MODE_NO_BLOCK_SKIP:
ARM GAS  C:\Users\PRAETE~1\AppData\Local\Temp\ccgoOOhI.s 			page 44


1035:./segger-rtt/src/SEGGER_RTT.c ****     //
1036:./segger-rtt/src/SEGGER_RTT.c ****     // If we are in skip mode and there is no space for the whole
1037:./segger-rtt/src/SEGGER_RTT.c ****     // of this output, don't bother.
1038:./segger-rtt/src/SEGGER_RTT.c ****     //
1039:./segger-rtt/src/SEGGER_RTT.c ****     Avail = _GetAvailWriteSpace(pRing);
 1420              		.loc 1 1039 13
 1421 0038 7869     		ldr	r0, [r7, #20]
 1422 003a FFF7FEFF 		bl	_GetAvailWriteSpace
 1423 003e 3861     		str	r0, [r7, #16]
1040:./segger-rtt/src/SEGGER_RTT.c ****     if (Avail < NumBytes) {
 1424              		.loc 1 1040 8
 1425 0040 3A69     		ldr	r2, [r7, #16]
 1426 0042 7B68     		ldr	r3, [r7, #4]
 1427 0044 9A42     		cmp	r2, r3
 1428 0046 02D2     		bcs	.L60
1041:./segger-rtt/src/SEGGER_RTT.c ****       Status = 0u;
 1429              		.loc 1 1041 14
 1430 0048 0023     		movs	r3, #0
 1431 004a FB61     		str	r3, [r7, #28]
1042:./segger-rtt/src/SEGGER_RTT.c ****     } else {
1043:./segger-rtt/src/SEGGER_RTT.c ****       Status = NumBytes;
1044:./segger-rtt/src/SEGGER_RTT.c ****       _WriteNoCheck(pRing, pData, NumBytes);
1045:./segger-rtt/src/SEGGER_RTT.c ****     }
1046:./segger-rtt/src/SEGGER_RTT.c ****     break;
 1432              		.loc 1 1046 5
 1433 004c 21E0     		b	.L62
 1434              	.L60:
1043:./segger-rtt/src/SEGGER_RTT.c ****       _WriteNoCheck(pRing, pData, NumBytes);
 1435              		.loc 1 1043 14
 1436 004e 7B68     		ldr	r3, [r7, #4]
 1437 0050 FB61     		str	r3, [r7, #28]
1044:./segger-rtt/src/SEGGER_RTT.c ****     }
 1438              		.loc 1 1044 7
 1439 0052 7A68     		ldr	r2, [r7, #4]
 1440 0054 B969     		ldr	r1, [r7, #24]
 1441 0056 7869     		ldr	r0, [r7, #20]
 1442 0058 FFF7FEFF 		bl	_WriteNoCheck
 1443              		.loc 1 1046 5
 1444 005c 19E0     		b	.L62
 1445              	.L59:
1047:./segger-rtt/src/SEGGER_RTT.c ****   case SEGGER_RTT_MODE_NO_BLOCK_TRIM:
1048:./segger-rtt/src/SEGGER_RTT.c ****     //
1049:./segger-rtt/src/SEGGER_RTT.c ****     // If we are in trim mode, trim to what we can output without blocking.
1050:./segger-rtt/src/SEGGER_RTT.c ****     //
1051:./segger-rtt/src/SEGGER_RTT.c ****     Avail = _GetAvailWriteSpace(pRing);
 1446              		.loc 1 1051 13
 1447 005e 7869     		ldr	r0, [r7, #20]
 1448 0060 FFF7FEFF 		bl	_GetAvailWriteSpace
 1449 0064 3861     		str	r0, [r7, #16]
1052:./segger-rtt/src/SEGGER_RTT.c ****     Status = Avail < NumBytes ? Avail : NumBytes;
 1450              		.loc 1 1052 12
 1451 0066 7A68     		ldr	r2, [r7, #4]
 1452 0068 3B69     		ldr	r3, [r7, #16]
 1453 006a 9342     		cmp	r3, r2
 1454 006c 28BF     		it	cs
 1455 006e 1346     		movcs	r3, r2
 1456 0070 FB61     		str	r3, [r7, #28]
ARM GAS  C:\Users\PRAETE~1\AppData\Local\Temp\ccgoOOhI.s 			page 45


1053:./segger-rtt/src/SEGGER_RTT.c ****     _WriteNoCheck(pRing, pData, Status);
 1457              		.loc 1 1053 5
 1458 0072 FA69     		ldr	r2, [r7, #28]
 1459 0074 B969     		ldr	r1, [r7, #24]
 1460 0076 7869     		ldr	r0, [r7, #20]
 1461 0078 FFF7FEFF 		bl	_WriteNoCheck
1054:./segger-rtt/src/SEGGER_RTT.c ****     break;
 1462              		.loc 1 1054 5
 1463 007c 09E0     		b	.L62
 1464              	.L56:
1055:./segger-rtt/src/SEGGER_RTT.c ****   case SEGGER_RTT_MODE_BLOCK_IF_FIFO_FULL:
1056:./segger-rtt/src/SEGGER_RTT.c ****     //
1057:./segger-rtt/src/SEGGER_RTT.c ****     // If we are in blocking mode, output everything.
1058:./segger-rtt/src/SEGGER_RTT.c ****     //
1059:./segger-rtt/src/SEGGER_RTT.c ****     Status = _WriteBlocking(pRing, pData, NumBytes);
 1465              		.loc 1 1059 14
 1466 007e 7A68     		ldr	r2, [r7, #4]
 1467 0080 B969     		ldr	r1, [r7, #24]
 1468 0082 7869     		ldr	r0, [r7, #20]
 1469 0084 FFF7FEFF 		bl	_WriteBlocking
 1470 0088 F861     		str	r0, [r7, #28]
1060:./segger-rtt/src/SEGGER_RTT.c ****     break;
 1471              		.loc 1 1060 5
 1472 008a 02E0     		b	.L62
 1473              	.L57:
1061:./segger-rtt/src/SEGGER_RTT.c ****   default:
1062:./segger-rtt/src/SEGGER_RTT.c ****     Status = 0u;
 1474              		.loc 1 1062 12
 1475 008c 0023     		movs	r3, #0
 1476 008e FB61     		str	r3, [r7, #28]
1063:./segger-rtt/src/SEGGER_RTT.c ****     break;
 1477              		.loc 1 1063 5
 1478 0090 00BF     		nop
 1479              	.L62:
1064:./segger-rtt/src/SEGGER_RTT.c ****   }
1065:./segger-rtt/src/SEGGER_RTT.c ****   //
1066:./segger-rtt/src/SEGGER_RTT.c ****   // Finish up.
1067:./segger-rtt/src/SEGGER_RTT.c ****   //
1068:./segger-rtt/src/SEGGER_RTT.c ****   return Status;
 1480              		.loc 1 1068 10
 1481 0092 FB69     		ldr	r3, [r7, #28]
1069:./segger-rtt/src/SEGGER_RTT.c **** }
 1482              		.loc 1 1069 1
 1483 0094 1846     		mov	r0, r3
 1484 0096 2037     		adds	r7, r7, #32
 1485              	.LCFI54:
 1486              		.cfi_def_cfa_offset 8
 1487 0098 BD46     		mov	sp, r7
 1488              	.LCFI55:
 1489              		.cfi_def_cfa_register 13
 1490              		@ sp needed
 1491 009a 80BD     		pop	{r7, pc}
 1492              	.L65:
 1493              		.align	2
 1494              	.L64:
 1495 009c 00000000 		.word	_SEGGER_RTT
 1496              		.cfi_endproc
ARM GAS  C:\Users\PRAETE~1\AppData\Local\Temp\ccgoOOhI.s 			page 46


 1497              	.LFE10:
 1499              		.section	.text.SEGGER_RTT_WriteNoLock,"ax",%progbits
 1500              		.align	1
 1501              		.global	SEGGER_RTT_WriteNoLock
 1502              		.syntax unified
 1503              		.thumb
 1504              		.thumb_func
 1506              	SEGGER_RTT_WriteNoLock:
 1507              	.LFB11:
1070:./segger-rtt/src/SEGGER_RTT.c **** 
1071:./segger-rtt/src/SEGGER_RTT.c **** /*********************************************************************
1072:./segger-rtt/src/SEGGER_RTT.c **** *
1073:./segger-rtt/src/SEGGER_RTT.c **** *       SEGGER_RTT_WriteNoLock
1074:./segger-rtt/src/SEGGER_RTT.c **** *
1075:./segger-rtt/src/SEGGER_RTT.c **** *  Function description
1076:./segger-rtt/src/SEGGER_RTT.c **** *    Stores a specified number of characters in SEGGER RTT
1077:./segger-rtt/src/SEGGER_RTT.c **** *    control block which is then read by the host.
1078:./segger-rtt/src/SEGGER_RTT.c **** *    SEGGER_RTT_WriteNoLock does not lock the application.
1079:./segger-rtt/src/SEGGER_RTT.c **** *
1080:./segger-rtt/src/SEGGER_RTT.c **** *  Parameters
1081:./segger-rtt/src/SEGGER_RTT.c **** *    BufferIndex  Index of "Up"-buffer to be used (e.g. 0 for "Terminal").
1082:./segger-rtt/src/SEGGER_RTT.c **** *    pBuffer      Pointer to character array. Does not need to point to a \0 terminated string.
1083:./segger-rtt/src/SEGGER_RTT.c **** *    NumBytes     Number of bytes to be stored in the SEGGER RTT control block.
1084:./segger-rtt/src/SEGGER_RTT.c **** *
1085:./segger-rtt/src/SEGGER_RTT.c **** *  Return value
1086:./segger-rtt/src/SEGGER_RTT.c **** *    Number of bytes which have been stored in the "Up"-buffer.
1087:./segger-rtt/src/SEGGER_RTT.c **** *
1088:./segger-rtt/src/SEGGER_RTT.c **** *  Notes
1089:./segger-rtt/src/SEGGER_RTT.c **** *    (1) Data is stored according to buffer flags.
1090:./segger-rtt/src/SEGGER_RTT.c **** *    (2) For performance reasons this function does not call Init()
1091:./segger-rtt/src/SEGGER_RTT.c **** *        and may only be called after RTT has been initialized.
1092:./segger-rtt/src/SEGGER_RTT.c **** *        Either by calling SEGGER_RTT_Init() or calling another RTT API function first.
1093:./segger-rtt/src/SEGGER_RTT.c **** */
1094:./segger-rtt/src/SEGGER_RTT.c **** unsigned SEGGER_RTT_WriteNoLock(unsigned BufferIndex, const void* pBuffer, unsigned NumBytes) {
 1508              		.loc 1 1094 95
 1509              		.cfi_startproc
 1510              		@ args = 0, pretend = 0, frame = 32
 1511              		@ frame_needed = 1, uses_anonymous_args = 0
 1512 0000 80B5     		push	{r7, lr}
 1513              	.LCFI56:
 1514              		.cfi_def_cfa_offset 8
 1515              		.cfi_offset 7, -8
 1516              		.cfi_offset 14, -4
 1517 0002 88B0     		sub	sp, sp, #32
 1518              	.LCFI57:
 1519              		.cfi_def_cfa_offset 40
 1520 0004 00AF     		add	r7, sp, #0
 1521              	.LCFI58:
 1522              		.cfi_def_cfa_register 7
 1523 0006 F860     		str	r0, [r7, #12]
 1524 0008 B960     		str	r1, [r7, #8]
 1525 000a 7A60     		str	r2, [r7, #4]
1095:./segger-rtt/src/SEGGER_RTT.c ****   unsigned              Status;
1096:./segger-rtt/src/SEGGER_RTT.c ****   unsigned              Avail;
1097:./segger-rtt/src/SEGGER_RTT.c ****   const char*           pData;
1098:./segger-rtt/src/SEGGER_RTT.c ****   SEGGER_RTT_BUFFER_UP* pRing;
1099:./segger-rtt/src/SEGGER_RTT.c ****   //
ARM GAS  C:\Users\PRAETE~1\AppData\Local\Temp\ccgoOOhI.s 			page 47


1100:./segger-rtt/src/SEGGER_RTT.c ****   // Get "to-host" ring buffer.
1101:./segger-rtt/src/SEGGER_RTT.c ****   //
1102:./segger-rtt/src/SEGGER_RTT.c ****   pData = (const char *)pBuffer;
 1526              		.loc 1 1102 9
 1527 000c BB68     		ldr	r3, [r7, #8]
 1528 000e BB61     		str	r3, [r7, #24]
1103:./segger-rtt/src/SEGGER_RTT.c ****   pRing = (SEGGER_RTT_BUFFER_UP*)((uintptr_t)&_SEGGER_RTT.aUp[BufferIndex] + SEGGER_RTT_UNCACHED_OF
 1529              		.loc 1 1103 9
 1530 0010 FB68     		ldr	r3, [r7, #12]
 1531 0012 5A1C     		adds	r2, r3, #1
 1532 0014 1346     		mov	r3, r2
 1533 0016 5B00     		lsls	r3, r3, #1
 1534 0018 1344     		add	r3, r3, r2
 1535 001a DB00     		lsls	r3, r3, #3
 1536 001c 1F4A     		ldr	r2, .L75
 1537 001e 1344     		add	r3, r3, r2
 1538 0020 7B61     		str	r3, [r7, #20]
1104:./segger-rtt/src/SEGGER_RTT.c ****   //
1105:./segger-rtt/src/SEGGER_RTT.c ****   // How we output depends upon the mode...
1106:./segger-rtt/src/SEGGER_RTT.c ****   //
1107:./segger-rtt/src/SEGGER_RTT.c ****   switch (pRing->Flags) {
 1539              		.loc 1 1107 16
 1540 0022 7B69     		ldr	r3, [r7, #20]
 1541 0024 5B69     		ldr	r3, [r3, #20]
 1542              		.loc 1 1107 3
 1543 0026 022B     		cmp	r3, #2
 1544 0028 29D0     		beq	.L67
 1545 002a 022B     		cmp	r3, #2
 1546 002c 2ED8     		bhi	.L68
 1547 002e 002B     		cmp	r3, #0
 1548 0030 02D0     		beq	.L69
 1549 0032 012B     		cmp	r3, #1
 1550 0034 13D0     		beq	.L70
 1551 0036 29E0     		b	.L68
 1552              	.L69:
1108:./segger-rtt/src/SEGGER_RTT.c ****   case SEGGER_RTT_MODE_NO_BLOCK_SKIP:
1109:./segger-rtt/src/SEGGER_RTT.c ****     //
1110:./segger-rtt/src/SEGGER_RTT.c ****     // If we are in skip mode and there is no space for the whole
1111:./segger-rtt/src/SEGGER_RTT.c ****     // of this output, don't bother.
1112:./segger-rtt/src/SEGGER_RTT.c ****     //
1113:./segger-rtt/src/SEGGER_RTT.c ****     Avail = _GetAvailWriteSpace(pRing);
 1553              		.loc 1 1113 13
 1554 0038 7869     		ldr	r0, [r7, #20]
 1555 003a FFF7FEFF 		bl	_GetAvailWriteSpace
 1556 003e 3861     		str	r0, [r7, #16]
1114:./segger-rtt/src/SEGGER_RTT.c ****     if (Avail < NumBytes) {
 1557              		.loc 1 1114 8
 1558 0040 3A69     		ldr	r2, [r7, #16]
 1559 0042 7B68     		ldr	r3, [r7, #4]
 1560 0044 9A42     		cmp	r2, r3
 1561 0046 02D2     		bcs	.L71
1115:./segger-rtt/src/SEGGER_RTT.c ****       Status = 0u;
 1562              		.loc 1 1115 14
 1563 0048 0023     		movs	r3, #0
 1564 004a FB61     		str	r3, [r7, #28]
1116:./segger-rtt/src/SEGGER_RTT.c ****     } else {
1117:./segger-rtt/src/SEGGER_RTT.c ****       Status = NumBytes;
ARM GAS  C:\Users\PRAETE~1\AppData\Local\Temp\ccgoOOhI.s 			page 48


1118:./segger-rtt/src/SEGGER_RTT.c ****       _WriteNoCheck(pRing, pData, NumBytes);
1119:./segger-rtt/src/SEGGER_RTT.c ****     }
1120:./segger-rtt/src/SEGGER_RTT.c ****     break;
 1565              		.loc 1 1120 5
 1566 004c 21E0     		b	.L73
 1567              	.L71:
1117:./segger-rtt/src/SEGGER_RTT.c ****       _WriteNoCheck(pRing, pData, NumBytes);
 1568              		.loc 1 1117 14
 1569 004e 7B68     		ldr	r3, [r7, #4]
 1570 0050 FB61     		str	r3, [r7, #28]
1118:./segger-rtt/src/SEGGER_RTT.c ****     }
 1571              		.loc 1 1118 7
 1572 0052 7A68     		ldr	r2, [r7, #4]
 1573 0054 B969     		ldr	r1, [r7, #24]
 1574 0056 7869     		ldr	r0, [r7, #20]
 1575 0058 FFF7FEFF 		bl	_WriteNoCheck
 1576              		.loc 1 1120 5
 1577 005c 19E0     		b	.L73
 1578              	.L70:
1121:./segger-rtt/src/SEGGER_RTT.c ****   case SEGGER_RTT_MODE_NO_BLOCK_TRIM:
1122:./segger-rtt/src/SEGGER_RTT.c ****     //
1123:./segger-rtt/src/SEGGER_RTT.c ****     // If we are in trim mode, trim to what we can output without blocking.
1124:./segger-rtt/src/SEGGER_RTT.c ****     //
1125:./segger-rtt/src/SEGGER_RTT.c ****     Avail = _GetAvailWriteSpace(pRing);
 1579              		.loc 1 1125 13
 1580 005e 7869     		ldr	r0, [r7, #20]
 1581 0060 FFF7FEFF 		bl	_GetAvailWriteSpace
 1582 0064 3861     		str	r0, [r7, #16]
1126:./segger-rtt/src/SEGGER_RTT.c ****     Status = Avail < NumBytes ? Avail : NumBytes;
 1583              		.loc 1 1126 12
 1584 0066 7A68     		ldr	r2, [r7, #4]
 1585 0068 3B69     		ldr	r3, [r7, #16]
 1586 006a 9342     		cmp	r3, r2
 1587 006c 28BF     		it	cs
 1588 006e 1346     		movcs	r3, r2
 1589 0070 FB61     		str	r3, [r7, #28]
1127:./segger-rtt/src/SEGGER_RTT.c ****     _WriteNoCheck(pRing, pData, Status);
 1590              		.loc 1 1127 5
 1591 0072 FA69     		ldr	r2, [r7, #28]
 1592 0074 B969     		ldr	r1, [r7, #24]
 1593 0076 7869     		ldr	r0, [r7, #20]
 1594 0078 FFF7FEFF 		bl	_WriteNoCheck
1128:./segger-rtt/src/SEGGER_RTT.c ****     break;
 1595              		.loc 1 1128 5
 1596 007c 09E0     		b	.L73
 1597              	.L67:
1129:./segger-rtt/src/SEGGER_RTT.c ****   case SEGGER_RTT_MODE_BLOCK_IF_FIFO_FULL:
1130:./segger-rtt/src/SEGGER_RTT.c ****     //
1131:./segger-rtt/src/SEGGER_RTT.c ****     // If we are in blocking mode, output everything.
1132:./segger-rtt/src/SEGGER_RTT.c ****     //
1133:./segger-rtt/src/SEGGER_RTT.c ****     Status = _WriteBlocking(pRing, pData, NumBytes);
 1598              		.loc 1 1133 14
 1599 007e 7A68     		ldr	r2, [r7, #4]
 1600 0080 B969     		ldr	r1, [r7, #24]
 1601 0082 7869     		ldr	r0, [r7, #20]
 1602 0084 FFF7FEFF 		bl	_WriteBlocking
 1603 0088 F861     		str	r0, [r7, #28]
ARM GAS  C:\Users\PRAETE~1\AppData\Local\Temp\ccgoOOhI.s 			page 49


1134:./segger-rtt/src/SEGGER_RTT.c ****     break;
 1604              		.loc 1 1134 5
 1605 008a 02E0     		b	.L73
 1606              	.L68:
1135:./segger-rtt/src/SEGGER_RTT.c ****   default:
1136:./segger-rtt/src/SEGGER_RTT.c ****     Status = 0u;
 1607              		.loc 1 1136 12
 1608 008c 0023     		movs	r3, #0
 1609 008e FB61     		str	r3, [r7, #28]
1137:./segger-rtt/src/SEGGER_RTT.c ****     break;
 1610              		.loc 1 1137 5
 1611 0090 00BF     		nop
 1612              	.L73:
1138:./segger-rtt/src/SEGGER_RTT.c ****   }
1139:./segger-rtt/src/SEGGER_RTT.c ****   //
1140:./segger-rtt/src/SEGGER_RTT.c ****   // Finish up.
1141:./segger-rtt/src/SEGGER_RTT.c ****   //
1142:./segger-rtt/src/SEGGER_RTT.c ****   return Status;
 1613              		.loc 1 1142 10
 1614 0092 FB69     		ldr	r3, [r7, #28]
1143:./segger-rtt/src/SEGGER_RTT.c **** }
 1615              		.loc 1 1143 1
 1616 0094 1846     		mov	r0, r3
 1617 0096 2037     		adds	r7, r7, #32
 1618              	.LCFI59:
 1619              		.cfi_def_cfa_offset 8
 1620 0098 BD46     		mov	sp, r7
 1621              	.LCFI60:
 1622              		.cfi_def_cfa_register 13
 1623              		@ sp needed
 1624 009a 80BD     		pop	{r7, pc}
 1625              	.L76:
 1626              		.align	2
 1627              	.L75:
 1628 009c 00000000 		.word	_SEGGER_RTT
 1629              		.cfi_endproc
 1630              	.LFE11:
 1632              		.section	.text.SEGGER_RTT_WriteDownBuffer,"ax",%progbits
 1633              		.align	1
 1634              		.global	SEGGER_RTT_WriteDownBuffer
 1635              		.syntax unified
 1636              		.thumb
 1637              		.thumb_func
 1639              	SEGGER_RTT_WriteDownBuffer:
 1640              	.LFB12:
1144:./segger-rtt/src/SEGGER_RTT.c **** 
1145:./segger-rtt/src/SEGGER_RTT.c **** /*********************************************************************
1146:./segger-rtt/src/SEGGER_RTT.c **** *
1147:./segger-rtt/src/SEGGER_RTT.c **** *       SEGGER_RTT_WriteDownBuffer
1148:./segger-rtt/src/SEGGER_RTT.c **** *
1149:./segger-rtt/src/SEGGER_RTT.c **** *  Function description
1150:./segger-rtt/src/SEGGER_RTT.c **** *    Stores a specified number of characters in SEGGER RTT control block in a <Down> buffer.
1151:./segger-rtt/src/SEGGER_RTT.c **** *
1152:./segger-rtt/src/SEGGER_RTT.c **** *  Parameters
1153:./segger-rtt/src/SEGGER_RTT.c **** *    BufferIndex  Index of "Up"-buffer to be used (e.g. 0 for "Terminal").
1154:./segger-rtt/src/SEGGER_RTT.c **** *    pBuffer      Pointer to character array. Does not need to point to a \0 terminated string.
1155:./segger-rtt/src/SEGGER_RTT.c **** *    NumBytes     Number of bytes to be stored in the SEGGER RTT control block.
ARM GAS  C:\Users\PRAETE~1\AppData\Local\Temp\ccgoOOhI.s 			page 50


1156:./segger-rtt/src/SEGGER_RTT.c **** *
1157:./segger-rtt/src/SEGGER_RTT.c **** *  Return value
1158:./segger-rtt/src/SEGGER_RTT.c **** *    Number of bytes which have been stored in the "Down"-buffer.
1159:./segger-rtt/src/SEGGER_RTT.c **** *
1160:./segger-rtt/src/SEGGER_RTT.c **** *  Notes
1161:./segger-rtt/src/SEGGER_RTT.c **** *    (1) Data is stored according to buffer flags.
1162:./segger-rtt/src/SEGGER_RTT.c **** *
1163:./segger-rtt/src/SEGGER_RTT.c **** *  Additional information
1164:./segger-rtt/src/SEGGER_RTT.c **** *    This function must not be called when J-Link might also do RTT.
1165:./segger-rtt/src/SEGGER_RTT.c **** *    This function locks against all other RTT operations. I.e. during
1166:./segger-rtt/src/SEGGER_RTT.c **** *    the write operation, writing from the application is also locked.
1167:./segger-rtt/src/SEGGER_RTT.c **** *    If only one consumer writes to the down buffer,
1168:./segger-rtt/src/SEGGER_RTT.c **** *    call SEGGER_RTT_WriteDownBufferNoLock() instead.
1169:./segger-rtt/src/SEGGER_RTT.c **** */
1170:./segger-rtt/src/SEGGER_RTT.c **** unsigned SEGGER_RTT_WriteDownBuffer(unsigned BufferIndex, const void* pBuffer, unsigned NumBytes) {
 1641              		.loc 1 1170 99
 1642              		.cfi_startproc
 1643              		@ args = 0, pretend = 0, frame = 32
 1644              		@ frame_needed = 1, uses_anonymous_args = 0
 1645 0000 80B5     		push	{r7, lr}
 1646              	.LCFI61:
 1647              		.cfi_def_cfa_offset 8
 1648              		.cfi_offset 7, -8
 1649              		.cfi_offset 14, -4
 1650 0002 88B0     		sub	sp, sp, #32
 1651              	.LCFI62:
 1652              		.cfi_def_cfa_offset 40
 1653 0004 00AF     		add	r7, sp, #0
 1654              	.LCFI63:
 1655              		.cfi_def_cfa_register 7
 1656 0006 F860     		str	r0, [r7, #12]
 1657 0008 B960     		str	r1, [r7, #8]
 1658 000a 7A60     		str	r2, [r7, #4]
 1659              	.LBB6:
1171:./segger-rtt/src/SEGGER_RTT.c ****   unsigned Status;
1172:./segger-rtt/src/SEGGER_RTT.c **** 
1173:./segger-rtt/src/SEGGER_RTT.c ****   INIT();
 1660              		.loc 1 1173 3
 1661 000c 0E4B     		ldr	r3, .L80
 1662 000e FB61     		str	r3, [r7, #28]
 1663 0010 FB69     		ldr	r3, [r7, #28]
 1664 0012 1B78     		ldrb	r3, [r3]
 1665 0014 DBB2     		uxtb	r3, r3
 1666 0016 532B     		cmp	r3, #83
 1667 0018 01D0     		beq	.L78
 1668              		.loc 1 1173 3 is_stmt 0 discriminator 1
 1669 001a FFF7FEFF 		bl	_DoInit
 1670              	.L78:
 1671              	.LBE6:
 1672              	.LBB7:
1174:./segger-rtt/src/SEGGER_RTT.c ****   SEGGER_RTT_LOCK();
 1673              		.loc 1 1174 3 is_stmt 1
 1674              		.syntax unified
 1675              	@ 1174 "./segger-rtt/src/SEGGER_RTT.c" 1
 1676 001e EFF31183 		mrs   r3, basepri  
 1677 0022 4FF02001 		mov   r1, #32       
 1678 0026 81F31188 		msr   basepri, r1  
ARM GAS  C:\Users\PRAETE~1\AppData\Local\Temp\ccgoOOhI.s 			page 51


 1679              		
 1680              	@ 0 "" 2
 1681              		.thumb
 1682              		.syntax unified
 1683 002a BB61     		str	r3, [r7, #24]
1175:./segger-rtt/src/SEGGER_RTT.c ****   Status = SEGGER_RTT_WriteDownBufferNoLock(BufferIndex, pBuffer, NumBytes);  // Call the non-locki
 1684              		.loc 1 1175 12
 1685 002c 7A68     		ldr	r2, [r7, #4]
 1686 002e B968     		ldr	r1, [r7, #8]
 1687 0030 F868     		ldr	r0, [r7, #12]
 1688 0032 FFF7FEFF 		bl	SEGGER_RTT_WriteDownBufferNoLock
 1689 0036 7861     		str	r0, [r7, #20]
1176:./segger-rtt/src/SEGGER_RTT.c ****   SEGGER_RTT_UNLOCK();
 1690              		.loc 1 1176 3
 1691 0038 BB69     		ldr	r3, [r7, #24]
 1692              		.syntax unified
 1693              	@ 1176 "./segger-rtt/src/SEGGER_RTT.c" 1
 1694 003a 83F31188 		msr   basepri, r3  
 1695              		
 1696              	@ 0 "" 2
 1697              		.thumb
 1698              		.syntax unified
 1699              	.LBE7:
1177:./segger-rtt/src/SEGGER_RTT.c ****   return Status;
 1700              		.loc 1 1177 10
 1701 003e 7B69     		ldr	r3, [r7, #20]
1178:./segger-rtt/src/SEGGER_RTT.c **** }
 1702              		.loc 1 1178 1
 1703 0040 1846     		mov	r0, r3
 1704 0042 2037     		adds	r7, r7, #32
 1705              	.LCFI64:
 1706              		.cfi_def_cfa_offset 8
 1707 0044 BD46     		mov	sp, r7
 1708              	.LCFI65:
 1709              		.cfi_def_cfa_register 13
 1710              		@ sp needed
 1711 0046 80BD     		pop	{r7, pc}
 1712              	.L81:
 1713              		.align	2
 1714              	.L80:
 1715 0048 00000000 		.word	_SEGGER_RTT
 1716              		.cfi_endproc
 1717              	.LFE12:
 1719              		.section	.text.SEGGER_RTT_Write,"ax",%progbits
 1720              		.align	1
 1721              		.global	SEGGER_RTT_Write
 1722              		.syntax unified
 1723              		.thumb
 1724              		.thumb_func
 1726              	SEGGER_RTT_Write:
 1727              	.LFB13:
1179:./segger-rtt/src/SEGGER_RTT.c **** 
1180:./segger-rtt/src/SEGGER_RTT.c **** /*********************************************************************
1181:./segger-rtt/src/SEGGER_RTT.c **** *
1182:./segger-rtt/src/SEGGER_RTT.c **** *       SEGGER_RTT_Write
1183:./segger-rtt/src/SEGGER_RTT.c **** *
1184:./segger-rtt/src/SEGGER_RTT.c **** *  Function description
ARM GAS  C:\Users\PRAETE~1\AppData\Local\Temp\ccgoOOhI.s 			page 52


1185:./segger-rtt/src/SEGGER_RTT.c **** *    Stores a specified number of characters in SEGGER RTT
1186:./segger-rtt/src/SEGGER_RTT.c **** *    control block which is then read by the host.
1187:./segger-rtt/src/SEGGER_RTT.c **** *
1188:./segger-rtt/src/SEGGER_RTT.c **** *  Parameters
1189:./segger-rtt/src/SEGGER_RTT.c **** *    BufferIndex  Index of "Up"-buffer to be used (e.g. 0 for "Terminal").
1190:./segger-rtt/src/SEGGER_RTT.c **** *    pBuffer      Pointer to character array. Does not need to point to a \0 terminated string.
1191:./segger-rtt/src/SEGGER_RTT.c **** *    NumBytes     Number of bytes to be stored in the SEGGER RTT control block.
1192:./segger-rtt/src/SEGGER_RTT.c **** *
1193:./segger-rtt/src/SEGGER_RTT.c **** *  Return value
1194:./segger-rtt/src/SEGGER_RTT.c **** *    Number of bytes which have been stored in the "Up"-buffer.
1195:./segger-rtt/src/SEGGER_RTT.c **** *
1196:./segger-rtt/src/SEGGER_RTT.c **** *  Notes
1197:./segger-rtt/src/SEGGER_RTT.c **** *    (1) Data is stored according to buffer flags.
1198:./segger-rtt/src/SEGGER_RTT.c **** */
1199:./segger-rtt/src/SEGGER_RTT.c **** unsigned SEGGER_RTT_Write(unsigned BufferIndex, const void* pBuffer, unsigned NumBytes) {
 1728              		.loc 1 1199 89
 1729              		.cfi_startproc
 1730              		@ args = 0, pretend = 0, frame = 32
 1731              		@ frame_needed = 1, uses_anonymous_args = 0
 1732 0000 80B5     		push	{r7, lr}
 1733              	.LCFI66:
 1734              		.cfi_def_cfa_offset 8
 1735              		.cfi_offset 7, -8
 1736              		.cfi_offset 14, -4
 1737 0002 88B0     		sub	sp, sp, #32
 1738              	.LCFI67:
 1739              		.cfi_def_cfa_offset 40
 1740 0004 00AF     		add	r7, sp, #0
 1741              	.LCFI68:
 1742              		.cfi_def_cfa_register 7
 1743 0006 F860     		str	r0, [r7, #12]
 1744 0008 B960     		str	r1, [r7, #8]
 1745 000a 7A60     		str	r2, [r7, #4]
 1746              	.LBB8:
1200:./segger-rtt/src/SEGGER_RTT.c ****   unsigned Status;
1201:./segger-rtt/src/SEGGER_RTT.c **** 
1202:./segger-rtt/src/SEGGER_RTT.c ****   INIT();
 1747              		.loc 1 1202 3
 1748 000c 0E4B     		ldr	r3, .L85
 1749 000e FB61     		str	r3, [r7, #28]
 1750 0010 FB69     		ldr	r3, [r7, #28]
 1751 0012 1B78     		ldrb	r3, [r3]
 1752 0014 DBB2     		uxtb	r3, r3
 1753 0016 532B     		cmp	r3, #83
 1754 0018 01D0     		beq	.L83
 1755              		.loc 1 1202 3 is_stmt 0 discriminator 1
 1756 001a FFF7FEFF 		bl	_DoInit
 1757              	.L83:
 1758              	.LBE8:
 1759              	.LBB9:
1203:./segger-rtt/src/SEGGER_RTT.c ****   SEGGER_RTT_LOCK();
 1760              		.loc 1 1203 3 is_stmt 1
 1761              		.syntax unified
 1762              	@ 1203 "./segger-rtt/src/SEGGER_RTT.c" 1
 1763 001e EFF31183 		mrs   r3, basepri  
 1764 0022 4FF02001 		mov   r1, #32       
 1765 0026 81F31188 		msr   basepri, r1  
ARM GAS  C:\Users\PRAETE~1\AppData\Local\Temp\ccgoOOhI.s 			page 53


 1766              		
 1767              	@ 0 "" 2
 1768              		.thumb
 1769              		.syntax unified
 1770 002a BB61     		str	r3, [r7, #24]
1204:./segger-rtt/src/SEGGER_RTT.c ****   Status = SEGGER_RTT_WriteNoLock(BufferIndex, pBuffer, NumBytes);  // Call the non-locking write f
 1771              		.loc 1 1204 12
 1772 002c 7A68     		ldr	r2, [r7, #4]
 1773 002e B968     		ldr	r1, [r7, #8]
 1774 0030 F868     		ldr	r0, [r7, #12]
 1775 0032 FFF7FEFF 		bl	SEGGER_RTT_WriteNoLock
 1776 0036 7861     		str	r0, [r7, #20]
1205:./segger-rtt/src/SEGGER_RTT.c ****   SEGGER_RTT_UNLOCK();
 1777              		.loc 1 1205 3
 1778 0038 BB69     		ldr	r3, [r7, #24]
 1779              		.syntax unified
 1780              	@ 1205 "./segger-rtt/src/SEGGER_RTT.c" 1
 1781 003a 83F31188 		msr   basepri, r3  
 1782              		
 1783              	@ 0 "" 2
 1784              		.thumb
 1785              		.syntax unified
 1786              	.LBE9:
1206:./segger-rtt/src/SEGGER_RTT.c ****   return Status;
 1787              		.loc 1 1206 10
 1788 003e 7B69     		ldr	r3, [r7, #20]
1207:./segger-rtt/src/SEGGER_RTT.c **** }
 1789              		.loc 1 1207 1
 1790 0040 1846     		mov	r0, r3
 1791 0042 2037     		adds	r7, r7, #32
 1792              	.LCFI69:
 1793              		.cfi_def_cfa_offset 8
 1794 0044 BD46     		mov	sp, r7
 1795              	.LCFI70:
 1796              		.cfi_def_cfa_register 13
 1797              		@ sp needed
 1798 0046 80BD     		pop	{r7, pc}
 1799              	.L86:
 1800              		.align	2
 1801              	.L85:
 1802 0048 00000000 		.word	_SEGGER_RTT
 1803              		.cfi_endproc
 1804              	.LFE13:
 1806              		.section	.text.SEGGER_RTT_WriteString,"ax",%progbits
 1807              		.align	1
 1808              		.global	SEGGER_RTT_WriteString
 1809              		.syntax unified
 1810              		.thumb
 1811              		.thumb_func
 1813              	SEGGER_RTT_WriteString:
 1814              	.LFB14:
1208:./segger-rtt/src/SEGGER_RTT.c **** 
1209:./segger-rtt/src/SEGGER_RTT.c **** /*********************************************************************
1210:./segger-rtt/src/SEGGER_RTT.c **** *
1211:./segger-rtt/src/SEGGER_RTT.c **** *       SEGGER_RTT_WriteString
1212:./segger-rtt/src/SEGGER_RTT.c **** *
1213:./segger-rtt/src/SEGGER_RTT.c **** *  Function description
ARM GAS  C:\Users\PRAETE~1\AppData\Local\Temp\ccgoOOhI.s 			page 54


1214:./segger-rtt/src/SEGGER_RTT.c **** *    Stores string in SEGGER RTT control block.
1215:./segger-rtt/src/SEGGER_RTT.c **** *    This data is read by the host.
1216:./segger-rtt/src/SEGGER_RTT.c **** *
1217:./segger-rtt/src/SEGGER_RTT.c **** *  Parameters
1218:./segger-rtt/src/SEGGER_RTT.c **** *    BufferIndex  Index of "Up"-buffer to be used (e.g. 0 for "Terminal").
1219:./segger-rtt/src/SEGGER_RTT.c **** *    s            Pointer to string.
1220:./segger-rtt/src/SEGGER_RTT.c **** *
1221:./segger-rtt/src/SEGGER_RTT.c **** *  Return value
1222:./segger-rtt/src/SEGGER_RTT.c **** *    Number of bytes which have been stored in the "Up"-buffer.
1223:./segger-rtt/src/SEGGER_RTT.c **** *
1224:./segger-rtt/src/SEGGER_RTT.c **** *  Notes
1225:./segger-rtt/src/SEGGER_RTT.c **** *    (1) Data is stored according to buffer flags.
1226:./segger-rtt/src/SEGGER_RTT.c **** *    (2) String passed to this function has to be \0 terminated
1227:./segger-rtt/src/SEGGER_RTT.c **** *    (3) \0 termination character is *not* stored in RTT buffer
1228:./segger-rtt/src/SEGGER_RTT.c **** */
1229:./segger-rtt/src/SEGGER_RTT.c **** unsigned SEGGER_RTT_WriteString(unsigned BufferIndex, const char* s) {
 1815              		.loc 1 1229 70
 1816              		.cfi_startproc
 1817              		@ args = 0, pretend = 0, frame = 16
 1818              		@ frame_needed = 1, uses_anonymous_args = 0
 1819 0000 80B5     		push	{r7, lr}
 1820              	.LCFI71:
 1821              		.cfi_def_cfa_offset 8
 1822              		.cfi_offset 7, -8
 1823              		.cfi_offset 14, -4
 1824 0002 84B0     		sub	sp, sp, #16
 1825              	.LCFI72:
 1826              		.cfi_def_cfa_offset 24
 1827 0004 00AF     		add	r7, sp, #0
 1828              	.LCFI73:
 1829              		.cfi_def_cfa_register 7
 1830 0006 7860     		str	r0, [r7, #4]
 1831 0008 3960     		str	r1, [r7]
1230:./segger-rtt/src/SEGGER_RTT.c ****   unsigned Len;
1231:./segger-rtt/src/SEGGER_RTT.c **** 
1232:./segger-rtt/src/SEGGER_RTT.c ****   Len = STRLEN(s);
 1832              		.loc 1 1232 9
 1833 000a 3868     		ldr	r0, [r7]
 1834 000c FFF7FEFF 		bl	strlen
 1835 0010 F860     		str	r0, [r7, #12]
1233:./segger-rtt/src/SEGGER_RTT.c ****   return SEGGER_RTT_Write(BufferIndex, s, Len);
 1836              		.loc 1 1233 10
 1837 0012 FA68     		ldr	r2, [r7, #12]
 1838 0014 3968     		ldr	r1, [r7]
 1839 0016 7868     		ldr	r0, [r7, #4]
 1840 0018 FFF7FEFF 		bl	SEGGER_RTT_Write
 1841 001c 0346     		mov	r3, r0
1234:./segger-rtt/src/SEGGER_RTT.c **** }
 1842              		.loc 1 1234 1
 1843 001e 1846     		mov	r0, r3
 1844 0020 1037     		adds	r7, r7, #16
 1845              	.LCFI74:
 1846              		.cfi_def_cfa_offset 8
 1847 0022 BD46     		mov	sp, r7
 1848              	.LCFI75:
 1849              		.cfi_def_cfa_register 13
 1850              		@ sp needed
ARM GAS  C:\Users\PRAETE~1\AppData\Local\Temp\ccgoOOhI.s 			page 55


 1851 0024 80BD     		pop	{r7, pc}
 1852              		.cfi_endproc
 1853              	.LFE14:
 1855              		.section	.text.SEGGER_RTT_PutCharSkipNoLock,"ax",%progbits
 1856              		.align	1
 1857              		.global	SEGGER_RTT_PutCharSkipNoLock
 1858              		.syntax unified
 1859              		.thumb
 1860              		.thumb_func
 1862              	SEGGER_RTT_PutCharSkipNoLock:
 1863              	.LFB15:
1235:./segger-rtt/src/SEGGER_RTT.c **** 
1236:./segger-rtt/src/SEGGER_RTT.c **** /*********************************************************************
1237:./segger-rtt/src/SEGGER_RTT.c **** *
1238:./segger-rtt/src/SEGGER_RTT.c **** *       SEGGER_RTT_PutCharSkipNoLock
1239:./segger-rtt/src/SEGGER_RTT.c **** *
1240:./segger-rtt/src/SEGGER_RTT.c **** *  Function description
1241:./segger-rtt/src/SEGGER_RTT.c **** *    Stores a single character/byte in SEGGER RTT buffer.
1242:./segger-rtt/src/SEGGER_RTT.c **** *    SEGGER_RTT_PutCharSkipNoLock does not lock the application and
1243:./segger-rtt/src/SEGGER_RTT.c **** *    skips the byte, if it does not fit into the buffer.
1244:./segger-rtt/src/SEGGER_RTT.c **** *
1245:./segger-rtt/src/SEGGER_RTT.c **** *  Parameters
1246:./segger-rtt/src/SEGGER_RTT.c **** *    BufferIndex  Index of "Up"-buffer to be used (e.g. 0 for "Terminal").
1247:./segger-rtt/src/SEGGER_RTT.c **** *    c            Byte to be stored.
1248:./segger-rtt/src/SEGGER_RTT.c **** *
1249:./segger-rtt/src/SEGGER_RTT.c **** *  Return value
1250:./segger-rtt/src/SEGGER_RTT.c **** *    Number of bytes which have been stored in the "Up"-buffer.
1251:./segger-rtt/src/SEGGER_RTT.c **** *
1252:./segger-rtt/src/SEGGER_RTT.c **** *  Notes
1253:./segger-rtt/src/SEGGER_RTT.c **** *    (1) If there is not enough space in the "Up"-buffer, the character is dropped.
1254:./segger-rtt/src/SEGGER_RTT.c **** *    (2) For performance reasons this function does not call Init()
1255:./segger-rtt/src/SEGGER_RTT.c **** *        and may only be called after RTT has been initialized.
1256:./segger-rtt/src/SEGGER_RTT.c **** *        Either by calling SEGGER_RTT_Init() or calling another RTT API function first.
1257:./segger-rtt/src/SEGGER_RTT.c **** */
1258:./segger-rtt/src/SEGGER_RTT.c **** 
1259:./segger-rtt/src/SEGGER_RTT.c **** unsigned SEGGER_RTT_PutCharSkipNoLock(unsigned BufferIndex, char c) {
 1864              		.loc 1 1259 69
 1865              		.cfi_startproc
 1866              		@ args = 0, pretend = 0, frame = 24
 1867              		@ frame_needed = 1, uses_anonymous_args = 0
 1868              		@ link register save eliminated.
 1869 0000 80B4     		push	{r7}
 1870              	.LCFI76:
 1871              		.cfi_def_cfa_offset 4
 1872              		.cfi_offset 7, -4
 1873 0002 87B0     		sub	sp, sp, #28
 1874              	.LCFI77:
 1875              		.cfi_def_cfa_offset 32
 1876 0004 00AF     		add	r7, sp, #0
 1877              	.LCFI78:
 1878              		.cfi_def_cfa_register 7
 1879 0006 7860     		str	r0, [r7, #4]
 1880 0008 0B46     		mov	r3, r1
 1881 000a FB70     		strb	r3, [r7, #3]
1260:./segger-rtt/src/SEGGER_RTT.c ****   SEGGER_RTT_BUFFER_UP* pRing;
1261:./segger-rtt/src/SEGGER_RTT.c ****   unsigned              WrOff;
1262:./segger-rtt/src/SEGGER_RTT.c ****   unsigned              Status;
ARM GAS  C:\Users\PRAETE~1\AppData\Local\Temp\ccgoOOhI.s 			page 56


1263:./segger-rtt/src/SEGGER_RTT.c ****   volatile char*        pDst;
1264:./segger-rtt/src/SEGGER_RTT.c ****   //
1265:./segger-rtt/src/SEGGER_RTT.c ****   // Get "to-host" ring buffer.
1266:./segger-rtt/src/SEGGER_RTT.c ****   //
1267:./segger-rtt/src/SEGGER_RTT.c ****   pRing = (SEGGER_RTT_BUFFER_UP*)((uintptr_t)&_SEGGER_RTT.aUp[BufferIndex] + SEGGER_RTT_UNCACHED_OF
 1882              		.loc 1 1267 9
 1883 000c 7B68     		ldr	r3, [r7, #4]
 1884 000e 5A1C     		adds	r2, r3, #1
 1885 0010 1346     		mov	r3, r2
 1886 0012 5B00     		lsls	r3, r3, #1
 1887 0014 1344     		add	r3, r3, r2
 1888 0016 DB00     		lsls	r3, r3, #3
 1889 0018 144A     		ldr	r2, .L94
 1890 001a 1344     		add	r3, r3, r2
 1891 001c FB60     		str	r3, [r7, #12]
1268:./segger-rtt/src/SEGGER_RTT.c ****   //
1269:./segger-rtt/src/SEGGER_RTT.c ****   // Get write position and handle wrap-around if necessary
1270:./segger-rtt/src/SEGGER_RTT.c ****   //
1271:./segger-rtt/src/SEGGER_RTT.c ****   WrOff = pRing->WrOff + 1;
 1892              		.loc 1 1271 16
 1893 001e FB68     		ldr	r3, [r7, #12]
 1894 0020 DB68     		ldr	r3, [r3, #12]
 1895              		.loc 1 1271 9
 1896 0022 0133     		adds	r3, r3, #1
 1897 0024 7B61     		str	r3, [r7, #20]
1272:./segger-rtt/src/SEGGER_RTT.c ****   if (WrOff == pRing->SizeOfBuffer) {
 1898              		.loc 1 1272 21
 1899 0026 FB68     		ldr	r3, [r7, #12]
 1900 0028 9B68     		ldr	r3, [r3, #8]
 1901              		.loc 1 1272 6
 1902 002a 7A69     		ldr	r2, [r7, #20]
 1903 002c 9A42     		cmp	r2, r3
 1904 002e 01D1     		bne	.L90
1273:./segger-rtt/src/SEGGER_RTT.c ****     WrOff = 0;
 1905              		.loc 1 1273 11
 1906 0030 0023     		movs	r3, #0
 1907 0032 7B61     		str	r3, [r7, #20]
 1908              	.L90:
1274:./segger-rtt/src/SEGGER_RTT.c ****   }
1275:./segger-rtt/src/SEGGER_RTT.c ****   //
1276:./segger-rtt/src/SEGGER_RTT.c ****   // Output byte if free space is available
1277:./segger-rtt/src/SEGGER_RTT.c ****   //
1278:./segger-rtt/src/SEGGER_RTT.c ****   if (WrOff != pRing->RdOff) {
 1909              		.loc 1 1278 21
 1910 0034 FB68     		ldr	r3, [r7, #12]
 1911 0036 1B69     		ldr	r3, [r3, #16]
 1912              		.loc 1 1278 6
 1913 0038 7A69     		ldr	r2, [r7, #20]
 1914 003a 9A42     		cmp	r2, r3
 1915 003c 0ED0     		beq	.L91
1279:./segger-rtt/src/SEGGER_RTT.c ****     pDst = (pRing->pBuffer + pRing->WrOff) + SEGGER_RTT_UNCACHED_OFF;
 1916              		.loc 1 1279 18
 1917 003e FB68     		ldr	r3, [r7, #12]
 1918 0040 5A68     		ldr	r2, [r3, #4]
 1919              		.loc 1 1279 35
 1920 0042 FB68     		ldr	r3, [r7, #12]
 1921 0044 DB68     		ldr	r3, [r3, #12]
ARM GAS  C:\Users\PRAETE~1\AppData\Local\Temp\ccgoOOhI.s 			page 57


 1922              		.loc 1 1279 10
 1923 0046 1344     		add	r3, r3, r2
 1924 0048 BB60     		str	r3, [r7, #8]
1280:./segger-rtt/src/SEGGER_RTT.c ****     *pDst = c;
 1925              		.loc 1 1280 11
 1926 004a BB68     		ldr	r3, [r7, #8]
 1927 004c FA78     		ldrb	r2, [r7, #3]
 1928 004e 1A70     		strb	r2, [r3]
1281:./segger-rtt/src/SEGGER_RTT.c ****     RTT__DMB();                     // Force data write to be complete before writing the <WrOff>, 
1282:./segger-rtt/src/SEGGER_RTT.c ****     pRing->WrOff = WrOff;
 1929              		.loc 1 1282 18
 1930 0050 FB68     		ldr	r3, [r7, #12]
 1931 0052 7A69     		ldr	r2, [r7, #20]
 1932 0054 DA60     		str	r2, [r3, #12]
1283:./segger-rtt/src/SEGGER_RTT.c ****     Status = 1;
 1933              		.loc 1 1283 12
 1934 0056 0123     		movs	r3, #1
 1935 0058 3B61     		str	r3, [r7, #16]
 1936 005a 01E0     		b	.L92
 1937              	.L91:
1284:./segger-rtt/src/SEGGER_RTT.c ****   } else {
1285:./segger-rtt/src/SEGGER_RTT.c ****     Status = 0;
 1938              		.loc 1 1285 12
 1939 005c 0023     		movs	r3, #0
 1940 005e 3B61     		str	r3, [r7, #16]
 1941              	.L92:
1286:./segger-rtt/src/SEGGER_RTT.c ****   }
1287:./segger-rtt/src/SEGGER_RTT.c ****   //
1288:./segger-rtt/src/SEGGER_RTT.c ****   return Status;
 1942              		.loc 1 1288 10
 1943 0060 3B69     		ldr	r3, [r7, #16]
1289:./segger-rtt/src/SEGGER_RTT.c **** }
 1944              		.loc 1 1289 1
 1945 0062 1846     		mov	r0, r3
 1946 0064 1C37     		adds	r7, r7, #28
 1947              	.LCFI79:
 1948              		.cfi_def_cfa_offset 4
 1949 0066 BD46     		mov	sp, r7
 1950              	.LCFI80:
 1951              		.cfi_def_cfa_register 13
 1952              		@ sp needed
 1953 0068 80BC     		pop	{r7}
 1954              	.LCFI81:
 1955              		.cfi_restore 7
 1956              		.cfi_def_cfa_offset 0
 1957 006a 7047     		bx	lr
 1958              	.L95:
 1959              		.align	2
 1960              	.L94:
 1961 006c 00000000 		.word	_SEGGER_RTT
 1962              		.cfi_endproc
 1963              	.LFE15:
 1965              		.section	.text.SEGGER_RTT_PutCharSkip,"ax",%progbits
 1966              		.align	1
 1967              		.global	SEGGER_RTT_PutCharSkip
 1968              		.syntax unified
 1969              		.thumb
ARM GAS  C:\Users\PRAETE~1\AppData\Local\Temp\ccgoOOhI.s 			page 58


 1970              		.thumb_func
 1972              	SEGGER_RTT_PutCharSkip:
 1973              	.LFB16:
1290:./segger-rtt/src/SEGGER_RTT.c **** 
1291:./segger-rtt/src/SEGGER_RTT.c **** /*********************************************************************
1292:./segger-rtt/src/SEGGER_RTT.c **** *
1293:./segger-rtt/src/SEGGER_RTT.c **** *       SEGGER_RTT_PutCharSkip
1294:./segger-rtt/src/SEGGER_RTT.c **** *
1295:./segger-rtt/src/SEGGER_RTT.c **** *  Function description
1296:./segger-rtt/src/SEGGER_RTT.c **** *    Stores a single character/byte in SEGGER RTT buffer.
1297:./segger-rtt/src/SEGGER_RTT.c **** *
1298:./segger-rtt/src/SEGGER_RTT.c **** *  Parameters
1299:./segger-rtt/src/SEGGER_RTT.c **** *    BufferIndex  Index of "Up"-buffer to be used (e.g. 0 for "Terminal").
1300:./segger-rtt/src/SEGGER_RTT.c **** *    c            Byte to be stored.
1301:./segger-rtt/src/SEGGER_RTT.c **** *
1302:./segger-rtt/src/SEGGER_RTT.c **** *  Return value
1303:./segger-rtt/src/SEGGER_RTT.c **** *    Number of bytes which have been stored in the "Up"-buffer.
1304:./segger-rtt/src/SEGGER_RTT.c **** *
1305:./segger-rtt/src/SEGGER_RTT.c **** *  Notes
1306:./segger-rtt/src/SEGGER_RTT.c **** *    (1) If there is not enough space in the "Up"-buffer, the character is dropped.
1307:./segger-rtt/src/SEGGER_RTT.c **** */
1308:./segger-rtt/src/SEGGER_RTT.c **** 
1309:./segger-rtt/src/SEGGER_RTT.c **** unsigned SEGGER_RTT_PutCharSkip(unsigned BufferIndex, char c) {
 1974              		.loc 1 1309 63
 1975              		.cfi_startproc
 1976              		@ args = 0, pretend = 0, frame = 32
 1977              		@ frame_needed = 1, uses_anonymous_args = 0
 1978 0000 80B5     		push	{r7, lr}
 1979              	.LCFI82:
 1980              		.cfi_def_cfa_offset 8
 1981              		.cfi_offset 7, -8
 1982              		.cfi_offset 14, -4
 1983 0002 88B0     		sub	sp, sp, #32
 1984              	.LCFI83:
 1985              		.cfi_def_cfa_offset 40
 1986 0004 00AF     		add	r7, sp, #0
 1987              	.LCFI84:
 1988              		.cfi_def_cfa_register 7
 1989 0006 7860     		str	r0, [r7, #4]
 1990 0008 0B46     		mov	r3, r1
 1991 000a FB70     		strb	r3, [r7, #3]
 1992              	.LBB10:
1310:./segger-rtt/src/SEGGER_RTT.c ****   SEGGER_RTT_BUFFER_UP* pRing;
1311:./segger-rtt/src/SEGGER_RTT.c ****   unsigned              WrOff;
1312:./segger-rtt/src/SEGGER_RTT.c ****   unsigned              Status;
1313:./segger-rtt/src/SEGGER_RTT.c ****   volatile char*        pDst;
1314:./segger-rtt/src/SEGGER_RTT.c ****   //
1315:./segger-rtt/src/SEGGER_RTT.c ****   // Prepare
1316:./segger-rtt/src/SEGGER_RTT.c ****   //
1317:./segger-rtt/src/SEGGER_RTT.c ****   INIT();
 1993              		.loc 1 1317 3
 1994 000c 204B     		ldr	r3, .L102
 1995 000e 7B61     		str	r3, [r7, #20]
 1996 0010 7B69     		ldr	r3, [r7, #20]
 1997 0012 1B78     		ldrb	r3, [r3]
 1998 0014 DBB2     		uxtb	r3, r3
 1999 0016 532B     		cmp	r3, #83
ARM GAS  C:\Users\PRAETE~1\AppData\Local\Temp\ccgoOOhI.s 			page 59


 2000 0018 01D0     		beq	.L97
 2001              		.loc 1 1317 3 is_stmt 0 discriminator 1
 2002 001a FFF7FEFF 		bl	_DoInit
 2003              	.L97:
 2004              	.LBE10:
 2005              	.LBB11:
1318:./segger-rtt/src/SEGGER_RTT.c ****   SEGGER_RTT_LOCK();
 2006              		.loc 1 1318 3 is_stmt 1
 2007              		.syntax unified
 2008              	@ 1318 "./segger-rtt/src/SEGGER_RTT.c" 1
 2009 001e EFF31183 		mrs   r3, basepri  
 2010 0022 4FF02001 		mov   r1, #32       
 2011 0026 81F31188 		msr   basepri, r1  
 2012              		
 2013              	@ 0 "" 2
 2014              		.thumb
 2015              		.syntax unified
 2016 002a 3B61     		str	r3, [r7, #16]
1319:./segger-rtt/src/SEGGER_RTT.c ****   //
1320:./segger-rtt/src/SEGGER_RTT.c ****   // Get "to-host" ring buffer.
1321:./segger-rtt/src/SEGGER_RTT.c ****   //
1322:./segger-rtt/src/SEGGER_RTT.c ****   pRing = (SEGGER_RTT_BUFFER_UP*)((uintptr_t)&_SEGGER_RTT.aUp[BufferIndex] + SEGGER_RTT_UNCACHED_OF
 2017              		.loc 1 1322 9
 2018 002c 7B68     		ldr	r3, [r7, #4]
 2019 002e 5A1C     		adds	r2, r3, #1
 2020 0030 1346     		mov	r3, r2
 2021 0032 5B00     		lsls	r3, r3, #1
 2022 0034 1344     		add	r3, r3, r2
 2023 0036 DB00     		lsls	r3, r3, #3
 2024 0038 154A     		ldr	r2, .L102
 2025 003a 1344     		add	r3, r3, r2
 2026 003c FB60     		str	r3, [r7, #12]
1323:./segger-rtt/src/SEGGER_RTT.c ****   //
1324:./segger-rtt/src/SEGGER_RTT.c ****   // Get write position and handle wrap-around if necessary
1325:./segger-rtt/src/SEGGER_RTT.c ****   //
1326:./segger-rtt/src/SEGGER_RTT.c ****   WrOff = pRing->WrOff + 1;
 2027              		.loc 1 1326 16
 2028 003e FB68     		ldr	r3, [r7, #12]
 2029 0040 DB68     		ldr	r3, [r3, #12]
 2030              		.loc 1 1326 9
 2031 0042 0133     		adds	r3, r3, #1
 2032 0044 FB61     		str	r3, [r7, #28]
1327:./segger-rtt/src/SEGGER_RTT.c ****   if (WrOff == pRing->SizeOfBuffer) {
 2033              		.loc 1 1327 21
 2034 0046 FB68     		ldr	r3, [r7, #12]
 2035 0048 9B68     		ldr	r3, [r3, #8]
 2036              		.loc 1 1327 6
 2037 004a FA69     		ldr	r2, [r7, #28]
 2038 004c 9A42     		cmp	r2, r3
 2039 004e 01D1     		bne	.L98
1328:./segger-rtt/src/SEGGER_RTT.c ****     WrOff = 0;
 2040              		.loc 1 1328 11
 2041 0050 0023     		movs	r3, #0
 2042 0052 FB61     		str	r3, [r7, #28]
 2043              	.L98:
1329:./segger-rtt/src/SEGGER_RTT.c ****   }
1330:./segger-rtt/src/SEGGER_RTT.c ****   //
ARM GAS  C:\Users\PRAETE~1\AppData\Local\Temp\ccgoOOhI.s 			page 60


1331:./segger-rtt/src/SEGGER_RTT.c ****   // Output byte if free space is available
1332:./segger-rtt/src/SEGGER_RTT.c ****   //
1333:./segger-rtt/src/SEGGER_RTT.c ****   if (WrOff != pRing->RdOff) {
 2044              		.loc 1 1333 21
 2045 0054 FB68     		ldr	r3, [r7, #12]
 2046 0056 1B69     		ldr	r3, [r3, #16]
 2047              		.loc 1 1333 6
 2048 0058 FA69     		ldr	r2, [r7, #28]
 2049 005a 9A42     		cmp	r2, r3
 2050 005c 0ED0     		beq	.L99
1334:./segger-rtt/src/SEGGER_RTT.c ****     pDst  = (pRing->pBuffer + pRing->WrOff) + SEGGER_RTT_UNCACHED_OFF;
 2051              		.loc 1 1334 19
 2052 005e FB68     		ldr	r3, [r7, #12]
 2053 0060 5A68     		ldr	r2, [r3, #4]
 2054              		.loc 1 1334 36
 2055 0062 FB68     		ldr	r3, [r7, #12]
 2056 0064 DB68     		ldr	r3, [r3, #12]
 2057              		.loc 1 1334 11
 2058 0066 1344     		add	r3, r3, r2
 2059 0068 BB60     		str	r3, [r7, #8]
1335:./segger-rtt/src/SEGGER_RTT.c ****     *pDst = c;
 2060              		.loc 1 1335 11
 2061 006a BB68     		ldr	r3, [r7, #8]
 2062 006c FA78     		ldrb	r2, [r7, #3]
 2063 006e 1A70     		strb	r2, [r3]
1336:./segger-rtt/src/SEGGER_RTT.c ****     RTT__DMB();                     // Force data write to be complete before writing the <WrOff>, 
1337:./segger-rtt/src/SEGGER_RTT.c ****     pRing->WrOff = WrOff;
 2064              		.loc 1 1337 18
 2065 0070 FB68     		ldr	r3, [r7, #12]
 2066 0072 FA69     		ldr	r2, [r7, #28]
 2067 0074 DA60     		str	r2, [r3, #12]
1338:./segger-rtt/src/SEGGER_RTT.c ****     Status = 1;
 2068              		.loc 1 1338 12
 2069 0076 0123     		movs	r3, #1
 2070 0078 BB61     		str	r3, [r7, #24]
 2071 007a 01E0     		b	.L100
 2072              	.L99:
1339:./segger-rtt/src/SEGGER_RTT.c ****   } else {
1340:./segger-rtt/src/SEGGER_RTT.c ****     Status = 0;
 2073              		.loc 1 1340 12
 2074 007c 0023     		movs	r3, #0
 2075 007e BB61     		str	r3, [r7, #24]
 2076              	.L100:
1341:./segger-rtt/src/SEGGER_RTT.c ****   }
1342:./segger-rtt/src/SEGGER_RTT.c ****   //
1343:./segger-rtt/src/SEGGER_RTT.c ****   // Finish up.
1344:./segger-rtt/src/SEGGER_RTT.c ****   //
1345:./segger-rtt/src/SEGGER_RTT.c ****   SEGGER_RTT_UNLOCK();
 2077              		.loc 1 1345 3
 2078 0080 3B69     		ldr	r3, [r7, #16]
 2079              		.syntax unified
 2080              	@ 1345 "./segger-rtt/src/SEGGER_RTT.c" 1
 2081 0082 83F31188 		msr   basepri, r3  
 2082              		
 2083              	@ 0 "" 2
 2084              		.thumb
 2085              		.syntax unified
ARM GAS  C:\Users\PRAETE~1\AppData\Local\Temp\ccgoOOhI.s 			page 61


 2086              	.LBE11:
1346:./segger-rtt/src/SEGGER_RTT.c ****   //
1347:./segger-rtt/src/SEGGER_RTT.c ****   return Status;
 2087              		.loc 1 1347 10
 2088 0086 BB69     		ldr	r3, [r7, #24]
1348:./segger-rtt/src/SEGGER_RTT.c **** }
 2089              		.loc 1 1348 1
 2090 0088 1846     		mov	r0, r3
 2091 008a 2037     		adds	r7, r7, #32
 2092              	.LCFI85:
 2093              		.cfi_def_cfa_offset 8
 2094 008c BD46     		mov	sp, r7
 2095              	.LCFI86:
 2096              		.cfi_def_cfa_register 13
 2097              		@ sp needed
 2098 008e 80BD     		pop	{r7, pc}
 2099              	.L103:
 2100              		.align	2
 2101              	.L102:
 2102 0090 00000000 		.word	_SEGGER_RTT
 2103              		.cfi_endproc
 2104              	.LFE16:
 2106              		.section	.text.SEGGER_RTT_PutChar,"ax",%progbits
 2107              		.align	1
 2108              		.global	SEGGER_RTT_PutChar
 2109              		.syntax unified
 2110              		.thumb
 2111              		.thumb_func
 2113              	SEGGER_RTT_PutChar:
 2114              	.LFB17:
1349:./segger-rtt/src/SEGGER_RTT.c **** 
1350:./segger-rtt/src/SEGGER_RTT.c ****  /*********************************************************************
1351:./segger-rtt/src/SEGGER_RTT.c **** *
1352:./segger-rtt/src/SEGGER_RTT.c **** *       SEGGER_RTT_PutChar
1353:./segger-rtt/src/SEGGER_RTT.c **** *
1354:./segger-rtt/src/SEGGER_RTT.c **** *  Function description
1355:./segger-rtt/src/SEGGER_RTT.c **** *    Stores a single character/byte in SEGGER RTT buffer.
1356:./segger-rtt/src/SEGGER_RTT.c **** *
1357:./segger-rtt/src/SEGGER_RTT.c **** *  Parameters
1358:./segger-rtt/src/SEGGER_RTT.c **** *    BufferIndex  Index of "Up"-buffer to be used (e.g. 0 for "Terminal").
1359:./segger-rtt/src/SEGGER_RTT.c **** *    c            Byte to be stored.
1360:./segger-rtt/src/SEGGER_RTT.c **** *
1361:./segger-rtt/src/SEGGER_RTT.c **** *  Return value
1362:./segger-rtt/src/SEGGER_RTT.c **** *    Number of bytes which have been stored in the "Up"-buffer.
1363:./segger-rtt/src/SEGGER_RTT.c **** *
1364:./segger-rtt/src/SEGGER_RTT.c **** *  Notes
1365:./segger-rtt/src/SEGGER_RTT.c **** *    (1) Data is stored according to buffer flags.
1366:./segger-rtt/src/SEGGER_RTT.c **** */
1367:./segger-rtt/src/SEGGER_RTT.c **** 
1368:./segger-rtt/src/SEGGER_RTT.c **** unsigned SEGGER_RTT_PutChar(unsigned BufferIndex, char c) {
 2115              		.loc 1 1368 59
 2116              		.cfi_startproc
 2117              		@ args = 0, pretend = 0, frame = 32
 2118              		@ frame_needed = 1, uses_anonymous_args = 0
 2119 0000 80B5     		push	{r7, lr}
 2120              	.LCFI87:
 2121              		.cfi_def_cfa_offset 8
ARM GAS  C:\Users\PRAETE~1\AppData\Local\Temp\ccgoOOhI.s 			page 62


 2122              		.cfi_offset 7, -8
 2123              		.cfi_offset 14, -4
 2124 0002 88B0     		sub	sp, sp, #32
 2125              	.LCFI88:
 2126              		.cfi_def_cfa_offset 40
 2127 0004 00AF     		add	r7, sp, #0
 2128              	.LCFI89:
 2129              		.cfi_def_cfa_register 7
 2130 0006 7860     		str	r0, [r7, #4]
 2131 0008 0B46     		mov	r3, r1
 2132 000a FB70     		strb	r3, [r7, #3]
 2133              	.LBB12:
1369:./segger-rtt/src/SEGGER_RTT.c ****   SEGGER_RTT_BUFFER_UP* pRing;
1370:./segger-rtt/src/SEGGER_RTT.c ****   unsigned              WrOff;
1371:./segger-rtt/src/SEGGER_RTT.c ****   unsigned              Status;
1372:./segger-rtt/src/SEGGER_RTT.c ****   volatile char*        pDst;
1373:./segger-rtt/src/SEGGER_RTT.c ****   //
1374:./segger-rtt/src/SEGGER_RTT.c ****   // Prepare
1375:./segger-rtt/src/SEGGER_RTT.c ****   //
1376:./segger-rtt/src/SEGGER_RTT.c ****   INIT();
 2134              		.loc 1 1376 3
 2135 000c 254B     		ldr	r3, .L112
 2136 000e 7B61     		str	r3, [r7, #20]
 2137 0010 7B69     		ldr	r3, [r7, #20]
 2138 0012 1B78     		ldrb	r3, [r3]
 2139 0014 DBB2     		uxtb	r3, r3
 2140 0016 532B     		cmp	r3, #83
 2141 0018 01D0     		beq	.L105
 2142              		.loc 1 1376 3 is_stmt 0 discriminator 1
 2143 001a FFF7FEFF 		bl	_DoInit
 2144              	.L105:
 2145              	.LBE12:
 2146              	.LBB13:
1377:./segger-rtt/src/SEGGER_RTT.c ****   SEGGER_RTT_LOCK();
 2147              		.loc 1 1377 3 is_stmt 1
 2148              		.syntax unified
 2149              	@ 1377 "./segger-rtt/src/SEGGER_RTT.c" 1
 2150 001e EFF31183 		mrs   r3, basepri  
 2151 0022 4FF02001 		mov   r1, #32       
 2152 0026 81F31188 		msr   basepri, r1  
 2153              		
 2154              	@ 0 "" 2
 2155              		.thumb
 2156              		.syntax unified
 2157 002a 3B61     		str	r3, [r7, #16]
1378:./segger-rtt/src/SEGGER_RTT.c ****   //
1379:./segger-rtt/src/SEGGER_RTT.c ****   // Get "to-host" ring buffer.
1380:./segger-rtt/src/SEGGER_RTT.c ****   //
1381:./segger-rtt/src/SEGGER_RTT.c ****   pRing = (SEGGER_RTT_BUFFER_UP*)((uintptr_t)&_SEGGER_RTT.aUp[BufferIndex] + SEGGER_RTT_UNCACHED_OF
 2158              		.loc 1 1381 9
 2159 002c 7B68     		ldr	r3, [r7, #4]
 2160 002e 5A1C     		adds	r2, r3, #1
 2161 0030 1346     		mov	r3, r2
 2162 0032 5B00     		lsls	r3, r3, #1
 2163 0034 1344     		add	r3, r3, r2
 2164 0036 DB00     		lsls	r3, r3, #3
 2165 0038 1A4A     		ldr	r2, .L112
ARM GAS  C:\Users\PRAETE~1\AppData\Local\Temp\ccgoOOhI.s 			page 63


 2166 003a 1344     		add	r3, r3, r2
 2167 003c FB60     		str	r3, [r7, #12]
1382:./segger-rtt/src/SEGGER_RTT.c ****   //
1383:./segger-rtt/src/SEGGER_RTT.c ****   // Get write position and handle wrap-around if necessary
1384:./segger-rtt/src/SEGGER_RTT.c ****   //
1385:./segger-rtt/src/SEGGER_RTT.c ****   WrOff = pRing->WrOff + 1;
 2168              		.loc 1 1385 16
 2169 003e FB68     		ldr	r3, [r7, #12]
 2170 0040 DB68     		ldr	r3, [r3, #12]
 2171              		.loc 1 1385 9
 2172 0042 0133     		adds	r3, r3, #1
 2173 0044 FB61     		str	r3, [r7, #28]
1386:./segger-rtt/src/SEGGER_RTT.c ****   if (WrOff == pRing->SizeOfBuffer) {
 2174              		.loc 1 1386 21
 2175 0046 FB68     		ldr	r3, [r7, #12]
 2176 0048 9B68     		ldr	r3, [r3, #8]
 2177              		.loc 1 1386 6
 2178 004a FA69     		ldr	r2, [r7, #28]
 2179 004c 9A42     		cmp	r2, r3
 2180 004e 01D1     		bne	.L106
1387:./segger-rtt/src/SEGGER_RTT.c ****     WrOff = 0;
 2181              		.loc 1 1387 11
 2182 0050 0023     		movs	r3, #0
 2183 0052 FB61     		str	r3, [r7, #28]
 2184              	.L106:
1388:./segger-rtt/src/SEGGER_RTT.c ****   }
1389:./segger-rtt/src/SEGGER_RTT.c ****   //
1390:./segger-rtt/src/SEGGER_RTT.c ****   // Wait for free space if mode is set to blocking
1391:./segger-rtt/src/SEGGER_RTT.c ****   //
1392:./segger-rtt/src/SEGGER_RTT.c ****   if (pRing->Flags == SEGGER_RTT_MODE_BLOCK_IF_FIFO_FULL) {
 2185              		.loc 1 1392 12
 2186 0054 FB68     		ldr	r3, [r7, #12]
 2187 0056 5B69     		ldr	r3, [r3, #20]
 2188              		.loc 1 1392 6
 2189 0058 022B     		cmp	r3, #2
 2190 005a 05D1     		bne	.L107
1393:./segger-rtt/src/SEGGER_RTT.c ****     while (WrOff == pRing->RdOff) {
 2191              		.loc 1 1393 11
 2192 005c 00BF     		nop
 2193              	.L108:
 2194              		.loc 1 1393 26 discriminator 1
 2195 005e FB68     		ldr	r3, [r7, #12]
 2196 0060 1B69     		ldr	r3, [r3, #16]
 2197              		.loc 1 1393 18 discriminator 1
 2198 0062 FA69     		ldr	r2, [r7, #28]
 2199 0064 9A42     		cmp	r2, r3
 2200 0066 FAD0     		beq	.L108
 2201              	.L107:
1394:./segger-rtt/src/SEGGER_RTT.c ****       ;
1395:./segger-rtt/src/SEGGER_RTT.c ****     }
1396:./segger-rtt/src/SEGGER_RTT.c ****   }
1397:./segger-rtt/src/SEGGER_RTT.c ****   //
1398:./segger-rtt/src/SEGGER_RTT.c ****   // Output byte if free space is available
1399:./segger-rtt/src/SEGGER_RTT.c ****   //
1400:./segger-rtt/src/SEGGER_RTT.c ****   if (WrOff != pRing->RdOff) {
 2202              		.loc 1 1400 21
 2203 0068 FB68     		ldr	r3, [r7, #12]
ARM GAS  C:\Users\PRAETE~1\AppData\Local\Temp\ccgoOOhI.s 			page 64


 2204 006a 1B69     		ldr	r3, [r3, #16]
 2205              		.loc 1 1400 6
 2206 006c FA69     		ldr	r2, [r7, #28]
 2207 006e 9A42     		cmp	r2, r3
 2208 0070 0ED0     		beq	.L109
1401:./segger-rtt/src/SEGGER_RTT.c ****     pDst  = (pRing->pBuffer + pRing->WrOff) + SEGGER_RTT_UNCACHED_OFF;
 2209              		.loc 1 1401 19
 2210 0072 FB68     		ldr	r3, [r7, #12]
 2211 0074 5A68     		ldr	r2, [r3, #4]
 2212              		.loc 1 1401 36
 2213 0076 FB68     		ldr	r3, [r7, #12]
 2214 0078 DB68     		ldr	r3, [r3, #12]
 2215              		.loc 1 1401 11
 2216 007a 1344     		add	r3, r3, r2
 2217 007c BB60     		str	r3, [r7, #8]
1402:./segger-rtt/src/SEGGER_RTT.c ****     *pDst = c;
 2218              		.loc 1 1402 11
 2219 007e BB68     		ldr	r3, [r7, #8]
 2220 0080 FA78     		ldrb	r2, [r7, #3]
 2221 0082 1A70     		strb	r2, [r3]
1403:./segger-rtt/src/SEGGER_RTT.c ****     RTT__DMB();                     // Force data write to be complete before writing the <WrOff>, 
1404:./segger-rtt/src/SEGGER_RTT.c ****     pRing->WrOff = WrOff;
 2222              		.loc 1 1404 18
 2223 0084 FB68     		ldr	r3, [r7, #12]
 2224 0086 FA69     		ldr	r2, [r7, #28]
 2225 0088 DA60     		str	r2, [r3, #12]
1405:./segger-rtt/src/SEGGER_RTT.c ****     Status = 1;
 2226              		.loc 1 1405 12
 2227 008a 0123     		movs	r3, #1
 2228 008c BB61     		str	r3, [r7, #24]
 2229 008e 01E0     		b	.L110
 2230              	.L109:
1406:./segger-rtt/src/SEGGER_RTT.c ****   } else {
1407:./segger-rtt/src/SEGGER_RTT.c ****     Status = 0;
 2231              		.loc 1 1407 12
 2232 0090 0023     		movs	r3, #0
 2233 0092 BB61     		str	r3, [r7, #24]
 2234              	.L110:
1408:./segger-rtt/src/SEGGER_RTT.c ****   }
1409:./segger-rtt/src/SEGGER_RTT.c ****   //
1410:./segger-rtt/src/SEGGER_RTT.c ****   // Finish up.
1411:./segger-rtt/src/SEGGER_RTT.c ****   //
1412:./segger-rtt/src/SEGGER_RTT.c ****   SEGGER_RTT_UNLOCK();
 2235              		.loc 1 1412 3
 2236 0094 3B69     		ldr	r3, [r7, #16]
 2237              		.syntax unified
 2238              	@ 1412 "./segger-rtt/src/SEGGER_RTT.c" 1
 2239 0096 83F31188 		msr   basepri, r3  
 2240              		
 2241              	@ 0 "" 2
 2242              		.thumb
 2243              		.syntax unified
 2244              	.LBE13:
1413:./segger-rtt/src/SEGGER_RTT.c ****   return Status;
 2245              		.loc 1 1413 10
 2246 009a BB69     		ldr	r3, [r7, #24]
1414:./segger-rtt/src/SEGGER_RTT.c **** }
ARM GAS  C:\Users\PRAETE~1\AppData\Local\Temp\ccgoOOhI.s 			page 65


 2247              		.loc 1 1414 1
 2248 009c 1846     		mov	r0, r3
 2249 009e 2037     		adds	r7, r7, #32
 2250              	.LCFI90:
 2251              		.cfi_def_cfa_offset 8
 2252 00a0 BD46     		mov	sp, r7
 2253              	.LCFI91:
 2254              		.cfi_def_cfa_register 13
 2255              		@ sp needed
 2256 00a2 80BD     		pop	{r7, pc}
 2257              	.L113:
 2258              		.align	2
 2259              	.L112:
 2260 00a4 00000000 		.word	_SEGGER_RTT
 2261              		.cfi_endproc
 2262              	.LFE17:
 2264              		.section	.text.SEGGER_RTT_GetKey,"ax",%progbits
 2265              		.align	1
 2266              		.global	SEGGER_RTT_GetKey
 2267              		.syntax unified
 2268              		.thumb
 2269              		.thumb_func
 2271              	SEGGER_RTT_GetKey:
 2272              	.LFB18:
1415:./segger-rtt/src/SEGGER_RTT.c **** 
1416:./segger-rtt/src/SEGGER_RTT.c **** /*********************************************************************
1417:./segger-rtt/src/SEGGER_RTT.c **** *
1418:./segger-rtt/src/SEGGER_RTT.c **** *       SEGGER_RTT_GetKey
1419:./segger-rtt/src/SEGGER_RTT.c **** *
1420:./segger-rtt/src/SEGGER_RTT.c **** *  Function description
1421:./segger-rtt/src/SEGGER_RTT.c **** *    Reads one character from the SEGGER RTT buffer.
1422:./segger-rtt/src/SEGGER_RTT.c **** *    Host has previously stored data there.
1423:./segger-rtt/src/SEGGER_RTT.c **** *
1424:./segger-rtt/src/SEGGER_RTT.c **** *  Return value
1425:./segger-rtt/src/SEGGER_RTT.c **** *    <  0 -   No character available (buffer empty).
1426:./segger-rtt/src/SEGGER_RTT.c **** *    >= 0 -   Character which has been read. (Possible values: 0 - 255)
1427:./segger-rtt/src/SEGGER_RTT.c **** *
1428:./segger-rtt/src/SEGGER_RTT.c **** *  Notes
1429:./segger-rtt/src/SEGGER_RTT.c **** *    (1) This function is only specified for accesses to RTT buffer 0.
1430:./segger-rtt/src/SEGGER_RTT.c **** */
1431:./segger-rtt/src/SEGGER_RTT.c **** int SEGGER_RTT_GetKey(void) {
 2273              		.loc 1 1431 29
 2274              		.cfi_startproc
 2275              		@ args = 0, pretend = 0, frame = 8
 2276              		@ frame_needed = 1, uses_anonymous_args = 0
 2277 0000 80B5     		push	{r7, lr}
 2278              	.LCFI92:
 2279              		.cfi_def_cfa_offset 8
 2280              		.cfi_offset 7, -8
 2281              		.cfi_offset 14, -4
 2282 0002 82B0     		sub	sp, sp, #8
 2283              	.LCFI93:
 2284              		.cfi_def_cfa_offset 16
 2285 0004 00AF     		add	r7, sp, #0
 2286              	.LCFI94:
 2287              		.cfi_def_cfa_register 7
1432:./segger-rtt/src/SEGGER_RTT.c ****   char c;
ARM GAS  C:\Users\PRAETE~1\AppData\Local\Temp\ccgoOOhI.s 			page 66


1433:./segger-rtt/src/SEGGER_RTT.c ****   int r;
1434:./segger-rtt/src/SEGGER_RTT.c **** 
1435:./segger-rtt/src/SEGGER_RTT.c ****   r = (int)SEGGER_RTT_Read(0u, &c, 1u);
 2288              		.loc 1 1435 12
 2289 0006 FB1C     		adds	r3, r7, #3
 2290 0008 0122     		movs	r2, #1
 2291 000a 1946     		mov	r1, r3
 2292 000c 0020     		movs	r0, #0
 2293 000e FFF7FEFF 		bl	SEGGER_RTT_Read
 2294 0012 0346     		mov	r3, r0
 2295              		.loc 1 1435 5 discriminator 1
 2296 0014 7B60     		str	r3, [r7, #4]
1436:./segger-rtt/src/SEGGER_RTT.c ****   if (r == 1) {
 2297              		.loc 1 1436 6
 2298 0016 7B68     		ldr	r3, [r7, #4]
 2299 0018 012B     		cmp	r3, #1
 2300 001a 02D1     		bne	.L115
1437:./segger-rtt/src/SEGGER_RTT.c ****     r = (int)(unsigned char)c;
 2301              		.loc 1 1437 9
 2302 001c FB78     		ldrb	r3, [r7, #3]	@ zero_extendqisi2
 2303              		.loc 1 1437 7
 2304 001e 7B60     		str	r3, [r7, #4]
 2305 0020 02E0     		b	.L116
 2306              	.L115:
1438:./segger-rtt/src/SEGGER_RTT.c ****   } else {
1439:./segger-rtt/src/SEGGER_RTT.c ****     r = -1;
 2307              		.loc 1 1439 7
 2308 0022 4FF0FF33 		mov	r3, #-1
 2309 0026 7B60     		str	r3, [r7, #4]
 2310              	.L116:
1440:./segger-rtt/src/SEGGER_RTT.c ****   }
1441:./segger-rtt/src/SEGGER_RTT.c ****   return r;
 2311              		.loc 1 1441 10
 2312 0028 7B68     		ldr	r3, [r7, #4]
1442:./segger-rtt/src/SEGGER_RTT.c **** }
 2313              		.loc 1 1442 1
 2314 002a 1846     		mov	r0, r3
 2315 002c 0837     		adds	r7, r7, #8
 2316              	.LCFI95:
 2317              		.cfi_def_cfa_offset 8
 2318 002e BD46     		mov	sp, r7
 2319              	.LCFI96:
 2320              		.cfi_def_cfa_register 13
 2321              		@ sp needed
 2322 0030 80BD     		pop	{r7, pc}
 2323              		.cfi_endproc
 2324              	.LFE18:
 2326              		.section	.text.SEGGER_RTT_WaitKey,"ax",%progbits
 2327              		.align	1
 2328              		.global	SEGGER_RTT_WaitKey
 2329              		.syntax unified
 2330              		.thumb
 2331              		.thumb_func
 2333              	SEGGER_RTT_WaitKey:
 2334              	.LFB19:
1443:./segger-rtt/src/SEGGER_RTT.c **** 
1444:./segger-rtt/src/SEGGER_RTT.c **** /*********************************************************************
ARM GAS  C:\Users\PRAETE~1\AppData\Local\Temp\ccgoOOhI.s 			page 67


1445:./segger-rtt/src/SEGGER_RTT.c **** *
1446:./segger-rtt/src/SEGGER_RTT.c **** *       SEGGER_RTT_WaitKey
1447:./segger-rtt/src/SEGGER_RTT.c **** *
1448:./segger-rtt/src/SEGGER_RTT.c **** *  Function description
1449:./segger-rtt/src/SEGGER_RTT.c **** *    Waits until at least one character is avaible in the SEGGER RTT buffer.
1450:./segger-rtt/src/SEGGER_RTT.c **** *    Once a character is available, it is read and this function returns.
1451:./segger-rtt/src/SEGGER_RTT.c **** *
1452:./segger-rtt/src/SEGGER_RTT.c **** *  Return value
1453:./segger-rtt/src/SEGGER_RTT.c **** *    >=0 -   Character which has been read.
1454:./segger-rtt/src/SEGGER_RTT.c **** *
1455:./segger-rtt/src/SEGGER_RTT.c **** *  Notes
1456:./segger-rtt/src/SEGGER_RTT.c **** *    (1) This function is only specified for accesses to RTT buffer 0
1457:./segger-rtt/src/SEGGER_RTT.c **** *    (2) This function is blocking if no character is present in RTT buffer
1458:./segger-rtt/src/SEGGER_RTT.c **** */
1459:./segger-rtt/src/SEGGER_RTT.c **** int SEGGER_RTT_WaitKey(void) {
 2335              		.loc 1 1459 30
 2336              		.cfi_startproc
 2337              		@ args = 0, pretend = 0, frame = 8
 2338              		@ frame_needed = 1, uses_anonymous_args = 0
 2339 0000 80B5     		push	{r7, lr}
 2340              	.LCFI97:
 2341              		.cfi_def_cfa_offset 8
 2342              		.cfi_offset 7, -8
 2343              		.cfi_offset 14, -4
 2344 0002 82B0     		sub	sp, sp, #8
 2345              	.LCFI98:
 2346              		.cfi_def_cfa_offset 16
 2347 0004 00AF     		add	r7, sp, #0
 2348              	.LCFI99:
 2349              		.cfi_def_cfa_register 7
 2350              	.L119:
1460:./segger-rtt/src/SEGGER_RTT.c ****   int r;
1461:./segger-rtt/src/SEGGER_RTT.c **** 
1462:./segger-rtt/src/SEGGER_RTT.c ****   do {
1463:./segger-rtt/src/SEGGER_RTT.c ****     r = SEGGER_RTT_GetKey();
 2351              		.loc 1 1463 9
 2352 0006 FFF7FEFF 		bl	SEGGER_RTT_GetKey
 2353 000a 7860     		str	r0, [r7, #4]
1464:./segger-rtt/src/SEGGER_RTT.c ****   } while (r < 0);
 2354              		.loc 1 1464 14 discriminator 1
 2355 000c 7B68     		ldr	r3, [r7, #4]
 2356 000e 002B     		cmp	r3, #0
 2357 0010 F9DB     		blt	.L119
1465:./segger-rtt/src/SEGGER_RTT.c ****   return r;
 2358              		.loc 1 1465 10
 2359 0012 7B68     		ldr	r3, [r7, #4]
1466:./segger-rtt/src/SEGGER_RTT.c **** }
 2360              		.loc 1 1466 1
 2361 0014 1846     		mov	r0, r3
 2362 0016 0837     		adds	r7, r7, #8
 2363              	.LCFI100:
 2364              		.cfi_def_cfa_offset 8
 2365 0018 BD46     		mov	sp, r7
 2366              	.LCFI101:
 2367              		.cfi_def_cfa_register 13
 2368              		@ sp needed
 2369 001a 80BD     		pop	{r7, pc}
ARM GAS  C:\Users\PRAETE~1\AppData\Local\Temp\ccgoOOhI.s 			page 68


 2370              		.cfi_endproc
 2371              	.LFE19:
 2373              		.section	.text.SEGGER_RTT_HasKey,"ax",%progbits
 2374              		.align	1
 2375              		.global	SEGGER_RTT_HasKey
 2376              		.syntax unified
 2377              		.thumb
 2378              		.thumb_func
 2380              	SEGGER_RTT_HasKey:
 2381              	.LFB20:
1467:./segger-rtt/src/SEGGER_RTT.c **** 
1468:./segger-rtt/src/SEGGER_RTT.c **** /*********************************************************************
1469:./segger-rtt/src/SEGGER_RTT.c **** *
1470:./segger-rtt/src/SEGGER_RTT.c **** *       SEGGER_RTT_HasKey
1471:./segger-rtt/src/SEGGER_RTT.c **** *
1472:./segger-rtt/src/SEGGER_RTT.c **** *  Function description
1473:./segger-rtt/src/SEGGER_RTT.c **** *    Checks if at least one character for reading is available in the SEGGER RTT buffer.
1474:./segger-rtt/src/SEGGER_RTT.c **** *
1475:./segger-rtt/src/SEGGER_RTT.c **** *  Return value
1476:./segger-rtt/src/SEGGER_RTT.c **** *    == 0 -     No characters are available to read.
1477:./segger-rtt/src/SEGGER_RTT.c **** *    == 1 -     At least one character is available.
1478:./segger-rtt/src/SEGGER_RTT.c **** *
1479:./segger-rtt/src/SEGGER_RTT.c **** *  Notes
1480:./segger-rtt/src/SEGGER_RTT.c **** *    (1) This function is only specified for accesses to RTT buffer 0
1481:./segger-rtt/src/SEGGER_RTT.c **** */
1482:./segger-rtt/src/SEGGER_RTT.c **** int SEGGER_RTT_HasKey(void) {
 2382              		.loc 1 1482 29
 2383              		.cfi_startproc
 2384              		@ args = 0, pretend = 0, frame = 16
 2385              		@ frame_needed = 1, uses_anonymous_args = 0
 2386 0000 80B5     		push	{r7, lr}
 2387              	.LCFI102:
 2388              		.cfi_def_cfa_offset 8
 2389              		.cfi_offset 7, -8
 2390              		.cfi_offset 14, -4
 2391 0002 84B0     		sub	sp, sp, #16
 2392              	.LCFI103:
 2393              		.cfi_def_cfa_offset 24
 2394 0004 00AF     		add	r7, sp, #0
 2395              	.LCFI104:
 2396              		.cfi_def_cfa_register 7
 2397              	.LBB14:
1483:./segger-rtt/src/SEGGER_RTT.c ****   SEGGER_RTT_BUFFER_DOWN* pRing;
1484:./segger-rtt/src/SEGGER_RTT.c ****   unsigned RdOff;
1485:./segger-rtt/src/SEGGER_RTT.c ****   int r;
1486:./segger-rtt/src/SEGGER_RTT.c **** 
1487:./segger-rtt/src/SEGGER_RTT.c ****   INIT();
 2398              		.loc 1 1487 3
 2399 0006 0E4B     		ldr	r3, .L126
 2400 0008 BB60     		str	r3, [r7, #8]
 2401 000a BB68     		ldr	r3, [r7, #8]
 2402 000c 1B78     		ldrb	r3, [r3]
 2403 000e DBB2     		uxtb	r3, r3
 2404 0010 532B     		cmp	r3, #83
 2405 0012 01D0     		beq	.L122
 2406              		.loc 1 1487 3 is_stmt 0 discriminator 1
 2407 0014 FFF7FEFF 		bl	_DoInit
ARM GAS  C:\Users\PRAETE~1\AppData\Local\Temp\ccgoOOhI.s 			page 69


 2408              	.L122:
 2409              	.LBE14:
1488:./segger-rtt/src/SEGGER_RTT.c ****   pRing = (SEGGER_RTT_BUFFER_DOWN*)((uintptr_t)&_SEGGER_RTT.aDown[0] + SEGGER_RTT_UNCACHED_OFF);  /
 2410              		.loc 1 1488 9 is_stmt 1
 2411 0018 0A4B     		ldr	r3, .L126+4
 2412 001a 7B60     		str	r3, [r7, #4]
1489:./segger-rtt/src/SEGGER_RTT.c ****   RdOff = pRing->RdOff;
 2413              		.loc 1 1489 9
 2414 001c 7B68     		ldr	r3, [r7, #4]
 2415 001e 1B69     		ldr	r3, [r3, #16]
 2416 0020 3B60     		str	r3, [r7]
1490:./segger-rtt/src/SEGGER_RTT.c ****   if (RdOff != pRing->WrOff) {
 2417              		.loc 1 1490 21
 2418 0022 7B68     		ldr	r3, [r7, #4]
 2419 0024 DB68     		ldr	r3, [r3, #12]
 2420              		.loc 1 1490 6
 2421 0026 3A68     		ldr	r2, [r7]
 2422 0028 9A42     		cmp	r2, r3
 2423 002a 02D0     		beq	.L123
1491:./segger-rtt/src/SEGGER_RTT.c ****     r = 1;
 2424              		.loc 1 1491 7
 2425 002c 0123     		movs	r3, #1
 2426 002e FB60     		str	r3, [r7, #12]
 2427 0030 01E0     		b	.L124
 2428              	.L123:
1492:./segger-rtt/src/SEGGER_RTT.c ****   } else {
1493:./segger-rtt/src/SEGGER_RTT.c ****     r = 0;
 2429              		.loc 1 1493 7
 2430 0032 0023     		movs	r3, #0
 2431 0034 FB60     		str	r3, [r7, #12]
 2432              	.L124:
1494:./segger-rtt/src/SEGGER_RTT.c ****   }
1495:./segger-rtt/src/SEGGER_RTT.c ****   return r;
 2433              		.loc 1 1495 10
 2434 0036 FB68     		ldr	r3, [r7, #12]
1496:./segger-rtt/src/SEGGER_RTT.c **** }
 2435              		.loc 1 1496 1
 2436 0038 1846     		mov	r0, r3
 2437 003a 1037     		adds	r7, r7, #16
 2438              	.LCFI105:
 2439              		.cfi_def_cfa_offset 8
 2440 003c BD46     		mov	sp, r7
 2441              	.LCFI106:
 2442              		.cfi_def_cfa_register 13
 2443              		@ sp needed
 2444 003e 80BD     		pop	{r7, pc}
 2445              	.L127:
 2446              		.align	2
 2447              	.L126:
 2448 0040 00000000 		.word	_SEGGER_RTT
 2449 0044 60000000 		.word	_SEGGER_RTT+96
 2450              		.cfi_endproc
 2451              	.LFE20:
 2453              		.section	.text.SEGGER_RTT_HasData,"ax",%progbits
 2454              		.align	1
 2455              		.global	SEGGER_RTT_HasData
 2456              		.syntax unified
ARM GAS  C:\Users\PRAETE~1\AppData\Local\Temp\ccgoOOhI.s 			page 70


 2457              		.thumb
 2458              		.thumb_func
 2460              	SEGGER_RTT_HasData:
 2461              	.LFB21:
1497:./segger-rtt/src/SEGGER_RTT.c **** 
1498:./segger-rtt/src/SEGGER_RTT.c **** /*********************************************************************
1499:./segger-rtt/src/SEGGER_RTT.c **** *
1500:./segger-rtt/src/SEGGER_RTT.c **** *       SEGGER_RTT_HasData
1501:./segger-rtt/src/SEGGER_RTT.c **** *
1502:./segger-rtt/src/SEGGER_RTT.c **** *  Function description
1503:./segger-rtt/src/SEGGER_RTT.c **** *    Check if there is data from the host in the given buffer.
1504:./segger-rtt/src/SEGGER_RTT.c **** *
1505:./segger-rtt/src/SEGGER_RTT.c **** *  Return value:
1506:./segger-rtt/src/SEGGER_RTT.c **** *  ==0:  No data
1507:./segger-rtt/src/SEGGER_RTT.c **** *  !=0:  Data in buffer
1508:./segger-rtt/src/SEGGER_RTT.c **** *
1509:./segger-rtt/src/SEGGER_RTT.c **** */
1510:./segger-rtt/src/SEGGER_RTT.c **** unsigned SEGGER_RTT_HasData(unsigned BufferIndex) {
 2462              		.loc 1 1510 51
 2463              		.cfi_startproc
 2464              		@ args = 0, pretend = 0, frame = 16
 2465              		@ frame_needed = 1, uses_anonymous_args = 0
 2466              		@ link register save eliminated.
 2467 0000 80B4     		push	{r7}
 2468              	.LCFI107:
 2469              		.cfi_def_cfa_offset 4
 2470              		.cfi_offset 7, -4
 2471 0002 85B0     		sub	sp, sp, #20
 2472              	.LCFI108:
 2473              		.cfi_def_cfa_offset 24
 2474 0004 00AF     		add	r7, sp, #0
 2475              	.LCFI109:
 2476              		.cfi_def_cfa_register 7
 2477 0006 7860     		str	r0, [r7, #4]
1511:./segger-rtt/src/SEGGER_RTT.c ****   SEGGER_RTT_BUFFER_DOWN* pRing;
1512:./segger-rtt/src/SEGGER_RTT.c ****   unsigned                v;
1513:./segger-rtt/src/SEGGER_RTT.c **** 
1514:./segger-rtt/src/SEGGER_RTT.c ****   pRing = (SEGGER_RTT_BUFFER_DOWN*)((uintptr_t)&_SEGGER_RTT.aDown[BufferIndex] + SEGGER_RTT_UNCACHE
 2478              		.loc 1 1514 9
 2479 0008 7A68     		ldr	r2, [r7, #4]
 2480 000a 1346     		mov	r3, r2
 2481 000c 5B00     		lsls	r3, r3, #1
 2482 000e 1344     		add	r3, r3, r2
 2483 0010 DB00     		lsls	r3, r3, #3
 2484 0012 6033     		adds	r3, r3, #96
 2485 0014 074A     		ldr	r2, .L130
 2486 0016 1344     		add	r3, r3, r2
 2487 0018 FB60     		str	r3, [r7, #12]
1515:./segger-rtt/src/SEGGER_RTT.c ****   v = pRing->WrOff;
 2488              		.loc 1 1515 5
 2489 001a FB68     		ldr	r3, [r7, #12]
 2490 001c DB68     		ldr	r3, [r3, #12]
 2491 001e BB60     		str	r3, [r7, #8]
1516:./segger-rtt/src/SEGGER_RTT.c ****   return v - pRing->RdOff;
 2492              		.loc 1 1516 19
 2493 0020 FB68     		ldr	r3, [r7, #12]
 2494 0022 1B69     		ldr	r3, [r3, #16]
ARM GAS  C:\Users\PRAETE~1\AppData\Local\Temp\ccgoOOhI.s 			page 71


 2495              		.loc 1 1516 12
 2496 0024 BA68     		ldr	r2, [r7, #8]
 2497 0026 D31A     		subs	r3, r2, r3
1517:./segger-rtt/src/SEGGER_RTT.c **** }
 2498              		.loc 1 1517 1
 2499 0028 1846     		mov	r0, r3
 2500 002a 1437     		adds	r7, r7, #20
 2501              	.LCFI110:
 2502              		.cfi_def_cfa_offset 4
 2503 002c BD46     		mov	sp, r7
 2504              	.LCFI111:
 2505              		.cfi_def_cfa_register 13
 2506              		@ sp needed
 2507 002e 80BC     		pop	{r7}
 2508              	.LCFI112:
 2509              		.cfi_restore 7
 2510              		.cfi_def_cfa_offset 0
 2511 0030 7047     		bx	lr
 2512              	.L131:
 2513 0032 00BF     		.align	2
 2514              	.L130:
 2515 0034 00000000 		.word	_SEGGER_RTT
 2516              		.cfi_endproc
 2517              	.LFE21:
 2519              		.section	.text.SEGGER_RTT_HasDataUp,"ax",%progbits
 2520              		.align	1
 2521              		.global	SEGGER_RTT_HasDataUp
 2522              		.syntax unified
 2523              		.thumb
 2524              		.thumb_func
 2526              	SEGGER_RTT_HasDataUp:
 2527              	.LFB22:
1518:./segger-rtt/src/SEGGER_RTT.c **** 
1519:./segger-rtt/src/SEGGER_RTT.c **** /*********************************************************************
1520:./segger-rtt/src/SEGGER_RTT.c **** *
1521:./segger-rtt/src/SEGGER_RTT.c **** *       SEGGER_RTT_HasDataUp
1522:./segger-rtt/src/SEGGER_RTT.c **** *
1523:./segger-rtt/src/SEGGER_RTT.c **** *  Function description
1524:./segger-rtt/src/SEGGER_RTT.c **** *    Check if there is data remaining to be sent in the given buffer.
1525:./segger-rtt/src/SEGGER_RTT.c **** *
1526:./segger-rtt/src/SEGGER_RTT.c **** *  Return value:
1527:./segger-rtt/src/SEGGER_RTT.c **** *  ==0:  No data
1528:./segger-rtt/src/SEGGER_RTT.c **** *  !=0:  Data in buffer
1529:./segger-rtt/src/SEGGER_RTT.c **** *
1530:./segger-rtt/src/SEGGER_RTT.c **** */
1531:./segger-rtt/src/SEGGER_RTT.c **** unsigned SEGGER_RTT_HasDataUp(unsigned BufferIndex) {
 2528              		.loc 1 1531 53
 2529              		.cfi_startproc
 2530              		@ args = 0, pretend = 0, frame = 16
 2531              		@ frame_needed = 1, uses_anonymous_args = 0
 2532              		@ link register save eliminated.
 2533 0000 80B4     		push	{r7}
 2534              	.LCFI113:
 2535              		.cfi_def_cfa_offset 4
 2536              		.cfi_offset 7, -4
 2537 0002 85B0     		sub	sp, sp, #20
 2538              	.LCFI114:
ARM GAS  C:\Users\PRAETE~1\AppData\Local\Temp\ccgoOOhI.s 			page 72


 2539              		.cfi_def_cfa_offset 24
 2540 0004 00AF     		add	r7, sp, #0
 2541              	.LCFI115:
 2542              		.cfi_def_cfa_register 7
 2543 0006 7860     		str	r0, [r7, #4]
1532:./segger-rtt/src/SEGGER_RTT.c ****   SEGGER_RTT_BUFFER_UP* pRing;
1533:./segger-rtt/src/SEGGER_RTT.c ****   unsigned                v;
1534:./segger-rtt/src/SEGGER_RTT.c **** 
1535:./segger-rtt/src/SEGGER_RTT.c ****   pRing = (SEGGER_RTT_BUFFER_UP*)((uintptr_t)&_SEGGER_RTT.aUp[BufferIndex] + SEGGER_RTT_UNCACHED_OF
 2544              		.loc 1 1535 9
 2545 0008 7B68     		ldr	r3, [r7, #4]
 2546 000a 5A1C     		adds	r2, r3, #1
 2547 000c 1346     		mov	r3, r2
 2548 000e 5B00     		lsls	r3, r3, #1
 2549 0010 1344     		add	r3, r3, r2
 2550 0012 DB00     		lsls	r3, r3, #3
 2551 0014 074A     		ldr	r2, .L134
 2552 0016 1344     		add	r3, r3, r2
 2553 0018 FB60     		str	r3, [r7, #12]
1536:./segger-rtt/src/SEGGER_RTT.c ****   v = pRing->RdOff;
 2554              		.loc 1 1536 5
 2555 001a FB68     		ldr	r3, [r7, #12]
 2556 001c 1B69     		ldr	r3, [r3, #16]
 2557 001e BB60     		str	r3, [r7, #8]
1537:./segger-rtt/src/SEGGER_RTT.c ****   return pRing->WrOff - v;
 2558              		.loc 1 1537 15
 2559 0020 FB68     		ldr	r3, [r7, #12]
 2560 0022 DA68     		ldr	r2, [r3, #12]
 2561              		.loc 1 1537 23
 2562 0024 BB68     		ldr	r3, [r7, #8]
 2563 0026 D31A     		subs	r3, r2, r3
1538:./segger-rtt/src/SEGGER_RTT.c **** }
 2564              		.loc 1 1538 1
 2565 0028 1846     		mov	r0, r3
 2566 002a 1437     		adds	r7, r7, #20
 2567              	.LCFI116:
 2568              		.cfi_def_cfa_offset 4
 2569 002c BD46     		mov	sp, r7
 2570              	.LCFI117:
 2571              		.cfi_def_cfa_register 13
 2572              		@ sp needed
 2573 002e 80BC     		pop	{r7}
 2574              	.LCFI118:
 2575              		.cfi_restore 7
 2576              		.cfi_def_cfa_offset 0
 2577 0030 7047     		bx	lr
 2578              	.L135:
 2579 0032 00BF     		.align	2
 2580              	.L134:
 2581 0034 00000000 		.word	_SEGGER_RTT
 2582              		.cfi_endproc
 2583              	.LFE22:
 2585              		.section	.text.SEGGER_RTT_AllocDownBuffer,"ax",%progbits
 2586              		.align	1
 2587              		.global	SEGGER_RTT_AllocDownBuffer
 2588              		.syntax unified
 2589              		.thumb
ARM GAS  C:\Users\PRAETE~1\AppData\Local\Temp\ccgoOOhI.s 			page 73


 2590              		.thumb_func
 2592              	SEGGER_RTT_AllocDownBuffer:
 2593              	.LFB23:
1539:./segger-rtt/src/SEGGER_RTT.c **** 
1540:./segger-rtt/src/SEGGER_RTT.c **** /*********************************************************************
1541:./segger-rtt/src/SEGGER_RTT.c **** *
1542:./segger-rtt/src/SEGGER_RTT.c **** *       SEGGER_RTT_AllocDownBuffer
1543:./segger-rtt/src/SEGGER_RTT.c **** *
1544:./segger-rtt/src/SEGGER_RTT.c **** *  Function description
1545:./segger-rtt/src/SEGGER_RTT.c **** *    Run-time configuration of the next down-buffer (H->T).
1546:./segger-rtt/src/SEGGER_RTT.c **** *    The next buffer, which is not used yet is configured.
1547:./segger-rtt/src/SEGGER_RTT.c **** *    This includes: Buffer address, size, name, flags, ...
1548:./segger-rtt/src/SEGGER_RTT.c **** *
1549:./segger-rtt/src/SEGGER_RTT.c **** *  Parameters
1550:./segger-rtt/src/SEGGER_RTT.c **** *    sName        Pointer to a constant name string.
1551:./segger-rtt/src/SEGGER_RTT.c **** *    pBuffer      Pointer to a buffer to be used.
1552:./segger-rtt/src/SEGGER_RTT.c **** *    BufferSize   Size of the buffer.
1553:./segger-rtt/src/SEGGER_RTT.c **** *    Flags        Operating modes. Define behavior if buffer is full (not enough space for entire m
1554:./segger-rtt/src/SEGGER_RTT.c **** *                 Flags[31:24] are used for validity check and must be zero. Flags[23:2] are reserv
1555:./segger-rtt/src/SEGGER_RTT.c **** *
1556:./segger-rtt/src/SEGGER_RTT.c **** *  Return value
1557:./segger-rtt/src/SEGGER_RTT.c **** *    >= 0 - O.K. Buffer Index
1558:./segger-rtt/src/SEGGER_RTT.c **** *     < 0 - Error
1559:./segger-rtt/src/SEGGER_RTT.c **** */
1560:./segger-rtt/src/SEGGER_RTT.c **** int SEGGER_RTT_AllocDownBuffer(const char* sName, void* pBuffer, unsigned BufferSize, unsigned Flag
 2594              		.loc 1 1560 103
 2595              		.cfi_startproc
 2596              		@ args = 0, pretend = 0, frame = 32
 2597              		@ frame_needed = 1, uses_anonymous_args = 0
 2598 0000 80B5     		push	{r7, lr}
 2599              	.LCFI119:
 2600              		.cfi_def_cfa_offset 8
 2601              		.cfi_offset 7, -8
 2602              		.cfi_offset 14, -4
 2603 0002 88B0     		sub	sp, sp, #32
 2604              	.LCFI120:
 2605              		.cfi_def_cfa_offset 40
 2606 0004 00AF     		add	r7, sp, #0
 2607              	.LCFI121:
 2608              		.cfi_def_cfa_register 7
 2609 0006 F860     		str	r0, [r7, #12]
 2610 0008 B960     		str	r1, [r7, #8]
 2611 000a 7A60     		str	r2, [r7, #4]
 2612 000c 3B60     		str	r3, [r7]
 2613              	.LBB15:
1561:./segger-rtt/src/SEGGER_RTT.c ****   int BufferIndex;
1562:./segger-rtt/src/SEGGER_RTT.c ****   volatile SEGGER_RTT_CB* pRTTCB;
1563:./segger-rtt/src/SEGGER_RTT.c **** 
1564:./segger-rtt/src/SEGGER_RTT.c ****   INIT();
 2614              		.loc 1 1564 3
 2615 000e 3B4B     		ldr	r3, .L145
 2616 0010 BB61     		str	r3, [r7, #24]
 2617 0012 BB69     		ldr	r3, [r7, #24]
 2618 0014 1B78     		ldrb	r3, [r3]
 2619 0016 DBB2     		uxtb	r3, r3
 2620 0018 532B     		cmp	r3, #83
 2621 001a 01D0     		beq	.L137
ARM GAS  C:\Users\PRAETE~1\AppData\Local\Temp\ccgoOOhI.s 			page 74


 2622              		.loc 1 1564 3 is_stmt 0 discriminator 1
 2623 001c FFF7FEFF 		bl	_DoInit
 2624              	.L137:
 2625              	.LBE15:
 2626              	.LBB16:
1565:./segger-rtt/src/SEGGER_RTT.c ****   SEGGER_RTT_LOCK();
 2627              		.loc 1 1565 3 is_stmt 1
 2628              		.syntax unified
 2629              	@ 1565 "./segger-rtt/src/SEGGER_RTT.c" 1
 2630 0020 EFF31183 		mrs   r3, basepri  
 2631 0024 4FF02001 		mov   r1, #32       
 2632 0028 81F31188 		msr   basepri, r1  
 2633              		
 2634              	@ 0 "" 2
 2635              		.thumb
 2636              		.syntax unified
 2637 002c 7B61     		str	r3, [r7, #20]
1566:./segger-rtt/src/SEGGER_RTT.c ****   pRTTCB = (volatile SEGGER_RTT_CB*)((uintptr_t)&_SEGGER_RTT + SEGGER_RTT_UNCACHED_OFF);  // Access
 2638              		.loc 1 1566 10
 2639 002e 334B     		ldr	r3, .L145
 2640 0030 3B61     		str	r3, [r7, #16]
1567:./segger-rtt/src/SEGGER_RTT.c ****   BufferIndex = 0;
 2641              		.loc 1 1567 15
 2642 0032 0023     		movs	r3, #0
 2643 0034 FB61     		str	r3, [r7, #28]
 2644              	.L140:
1568:./segger-rtt/src/SEGGER_RTT.c ****   do {
1569:./segger-rtt/src/SEGGER_RTT.c ****     if (pRTTCB->aDown[BufferIndex].pBuffer == NULL) {
 2645              		.loc 1 1569 35
 2646 0036 3969     		ldr	r1, [r7, #16]
 2647 0038 FA69     		ldr	r2, [r7, #28]
 2648 003a 1346     		mov	r3, r2
 2649 003c 5B00     		lsls	r3, r3, #1
 2650 003e 1344     		add	r3, r3, r2
 2651 0040 DB00     		lsls	r3, r3, #3
 2652 0042 0B44     		add	r3, r3, r1
 2653 0044 6433     		adds	r3, r3, #100
 2654 0046 1B68     		ldr	r3, [r3]
 2655              		.loc 1 1569 8
 2656 0048 002B     		cmp	r3, #0
 2657 004a 08D0     		beq	.L144
1570:./segger-rtt/src/SEGGER_RTT.c ****       break;
1571:./segger-rtt/src/SEGGER_RTT.c ****     }
1572:./segger-rtt/src/SEGGER_RTT.c ****     BufferIndex++;
 2658              		.loc 1 1572 16
 2659 004c FB69     		ldr	r3, [r7, #28]
 2660 004e 0133     		adds	r3, r3, #1
 2661 0050 FB61     		str	r3, [r7, #28]
1573:./segger-rtt/src/SEGGER_RTT.c ****   } while (BufferIndex < pRTTCB->MaxNumDownBuffers);
 2662              		.loc 1 1573 32
 2663 0052 3B69     		ldr	r3, [r7, #16]
 2664 0054 5B69     		ldr	r3, [r3, #20]
 2665              		.loc 1 1573 24
 2666 0056 FA69     		ldr	r2, [r7, #28]
 2667 0058 9A42     		cmp	r2, r3
 2668 005a ECDB     		blt	.L140
 2669 005c 00E0     		b	.L139
ARM GAS  C:\Users\PRAETE~1\AppData\Local\Temp\ccgoOOhI.s 			page 75


 2670              	.L144:
1570:./segger-rtt/src/SEGGER_RTT.c ****       break;
 2671              		.loc 1 1570 7
 2672 005e 00BF     		nop
 2673              	.L139:
1574:./segger-rtt/src/SEGGER_RTT.c ****   if (BufferIndex < pRTTCB->MaxNumDownBuffers) {
 2674              		.loc 1 1574 27
 2675 0060 3B69     		ldr	r3, [r7, #16]
 2676 0062 5B69     		ldr	r3, [r3, #20]
 2677              		.loc 1 1574 6
 2678 0064 FA69     		ldr	r2, [r7, #28]
 2679 0066 9A42     		cmp	r2, r3
 2680 0068 3CDA     		bge	.L141
1575:./segger-rtt/src/SEGGER_RTT.c ****     pRTTCB->aDown[BufferIndex].sName        = sName;
 2681              		.loc 1 1575 45
 2682 006a 3969     		ldr	r1, [r7, #16]
 2683 006c FA69     		ldr	r2, [r7, #28]
 2684 006e 1346     		mov	r3, r2
 2685 0070 5B00     		lsls	r3, r3, #1
 2686 0072 1344     		add	r3, r3, r2
 2687 0074 DB00     		lsls	r3, r3, #3
 2688 0076 0B44     		add	r3, r3, r1
 2689 0078 6033     		adds	r3, r3, #96
 2690 007a FA68     		ldr	r2, [r7, #12]
 2691 007c 1A60     		str	r2, [r3]
1576:./segger-rtt/src/SEGGER_RTT.c ****     pRTTCB->aDown[BufferIndex].pBuffer      = (char*)pBuffer;
 2692              		.loc 1 1576 45
 2693 007e 3969     		ldr	r1, [r7, #16]
 2694 0080 FA69     		ldr	r2, [r7, #28]
 2695 0082 1346     		mov	r3, r2
 2696 0084 5B00     		lsls	r3, r3, #1
 2697 0086 1344     		add	r3, r3, r2
 2698 0088 DB00     		lsls	r3, r3, #3
 2699 008a 0B44     		add	r3, r3, r1
 2700 008c 6433     		adds	r3, r3, #100
 2701 008e BA68     		ldr	r2, [r7, #8]
 2702 0090 1A60     		str	r2, [r3]
1577:./segger-rtt/src/SEGGER_RTT.c ****     pRTTCB->aDown[BufferIndex].SizeOfBuffer = BufferSize;
 2703              		.loc 1 1577 45
 2704 0092 3969     		ldr	r1, [r7, #16]
 2705 0094 FA69     		ldr	r2, [r7, #28]
 2706 0096 1346     		mov	r3, r2
 2707 0098 5B00     		lsls	r3, r3, #1
 2708 009a 1344     		add	r3, r3, r2
 2709 009c DB00     		lsls	r3, r3, #3
 2710 009e 0B44     		add	r3, r3, r1
 2711 00a0 6833     		adds	r3, r3, #104
 2712 00a2 7A68     		ldr	r2, [r7, #4]
 2713 00a4 1A60     		str	r2, [r3]
1578:./segger-rtt/src/SEGGER_RTT.c ****     pRTTCB->aDown[BufferIndex].RdOff        = 0u;
 2714              		.loc 1 1578 45
 2715 00a6 3969     		ldr	r1, [r7, #16]
 2716 00a8 FA69     		ldr	r2, [r7, #28]
 2717 00aa 1346     		mov	r3, r2
 2718 00ac 5B00     		lsls	r3, r3, #1
 2719 00ae 1344     		add	r3, r3, r2
 2720 00b0 DB00     		lsls	r3, r3, #3
ARM GAS  C:\Users\PRAETE~1\AppData\Local\Temp\ccgoOOhI.s 			page 76


 2721 00b2 0B44     		add	r3, r3, r1
 2722 00b4 7033     		adds	r3, r3, #112
 2723 00b6 0022     		movs	r2, #0
 2724 00b8 1A60     		str	r2, [r3]
1579:./segger-rtt/src/SEGGER_RTT.c ****     pRTTCB->aDown[BufferIndex].WrOff        = 0u;
 2725              		.loc 1 1579 45
 2726 00ba 3969     		ldr	r1, [r7, #16]
 2727 00bc FA69     		ldr	r2, [r7, #28]
 2728 00be 1346     		mov	r3, r2
 2729 00c0 5B00     		lsls	r3, r3, #1
 2730 00c2 1344     		add	r3, r3, r2
 2731 00c4 DB00     		lsls	r3, r3, #3
 2732 00c6 0B44     		add	r3, r3, r1
 2733 00c8 6C33     		adds	r3, r3, #108
 2734 00ca 0022     		movs	r2, #0
 2735 00cc 1A60     		str	r2, [r3]
1580:./segger-rtt/src/SEGGER_RTT.c ****     pRTTCB->aDown[BufferIndex].Flags        = Flags;
 2736              		.loc 1 1580 45
 2737 00ce 3969     		ldr	r1, [r7, #16]
 2738 00d0 FA69     		ldr	r2, [r7, #28]
 2739 00d2 1346     		mov	r3, r2
 2740 00d4 5B00     		lsls	r3, r3, #1
 2741 00d6 1344     		add	r3, r3, r2
 2742 00d8 DB00     		lsls	r3, r3, #3
 2743 00da 0B44     		add	r3, r3, r1
 2744 00dc 7433     		adds	r3, r3, #116
 2745 00de 3A68     		ldr	r2, [r7]
 2746 00e0 1A60     		str	r2, [r3]
 2747 00e2 02E0     		b	.L142
 2748              	.L141:
1581:./segger-rtt/src/SEGGER_RTT.c ****     RTT__DMB();                     // Force data write to be complete before writing the <WrOff>, 
1582:./segger-rtt/src/SEGGER_RTT.c ****   } else {
1583:./segger-rtt/src/SEGGER_RTT.c ****     BufferIndex = -1;
 2749              		.loc 1 1583 17
 2750 00e4 4FF0FF33 		mov	r3, #-1
 2751 00e8 FB61     		str	r3, [r7, #28]
 2752              	.L142:
1584:./segger-rtt/src/SEGGER_RTT.c ****   }
1585:./segger-rtt/src/SEGGER_RTT.c ****   SEGGER_RTT_UNLOCK();
 2753              		.loc 1 1585 3
 2754 00ea 7B69     		ldr	r3, [r7, #20]
 2755              		.syntax unified
 2756              	@ 1585 "./segger-rtt/src/SEGGER_RTT.c" 1
 2757 00ec 83F31188 		msr   basepri, r3  
 2758              		
 2759              	@ 0 "" 2
 2760              		.thumb
 2761              		.syntax unified
 2762              	.LBE16:
1586:./segger-rtt/src/SEGGER_RTT.c ****   return BufferIndex;
 2763              		.loc 1 1586 10
 2764 00f0 FB69     		ldr	r3, [r7, #28]
1587:./segger-rtt/src/SEGGER_RTT.c **** }
 2765              		.loc 1 1587 1
 2766 00f2 1846     		mov	r0, r3
 2767 00f4 2037     		adds	r7, r7, #32
 2768              	.LCFI122:
ARM GAS  C:\Users\PRAETE~1\AppData\Local\Temp\ccgoOOhI.s 			page 77


 2769              		.cfi_def_cfa_offset 8
 2770 00f6 BD46     		mov	sp, r7
 2771              	.LCFI123:
 2772              		.cfi_def_cfa_register 13
 2773              		@ sp needed
 2774 00f8 80BD     		pop	{r7, pc}
 2775              	.L146:
 2776 00fa 00BF     		.align	2
 2777              	.L145:
 2778 00fc 00000000 		.word	_SEGGER_RTT
 2779              		.cfi_endproc
 2780              	.LFE23:
 2782              		.section	.text.SEGGER_RTT_AllocUpBuffer,"ax",%progbits
 2783              		.align	1
 2784              		.global	SEGGER_RTT_AllocUpBuffer
 2785              		.syntax unified
 2786              		.thumb
 2787              		.thumb_func
 2789              	SEGGER_RTT_AllocUpBuffer:
 2790              	.LFB24:
1588:./segger-rtt/src/SEGGER_RTT.c **** 
1589:./segger-rtt/src/SEGGER_RTT.c **** /*********************************************************************
1590:./segger-rtt/src/SEGGER_RTT.c **** *
1591:./segger-rtt/src/SEGGER_RTT.c **** *       SEGGER_RTT_AllocUpBuffer
1592:./segger-rtt/src/SEGGER_RTT.c **** *
1593:./segger-rtt/src/SEGGER_RTT.c **** *  Function description
1594:./segger-rtt/src/SEGGER_RTT.c **** *    Run-time configuration of the next up-buffer (T->H).
1595:./segger-rtt/src/SEGGER_RTT.c **** *    The next buffer, which is not used yet is configured.
1596:./segger-rtt/src/SEGGER_RTT.c **** *    This includes: Buffer address, size, name, flags, ...
1597:./segger-rtt/src/SEGGER_RTT.c **** *
1598:./segger-rtt/src/SEGGER_RTT.c **** *  Parameters
1599:./segger-rtt/src/SEGGER_RTT.c **** *    sName        Pointer to a constant name string.
1600:./segger-rtt/src/SEGGER_RTT.c **** *    pBuffer      Pointer to a buffer to be used.
1601:./segger-rtt/src/SEGGER_RTT.c **** *    BufferSize   Size of the buffer.
1602:./segger-rtt/src/SEGGER_RTT.c **** *    Flags        Operating modes. Define behavior if buffer is full (not enough space for entire m
1603:./segger-rtt/src/SEGGER_RTT.c **** *                 Flags[31:24] are used for validity check and must be zero. Flags[23:2] are reserv
1604:./segger-rtt/src/SEGGER_RTT.c **** *
1605:./segger-rtt/src/SEGGER_RTT.c **** *  Return value
1606:./segger-rtt/src/SEGGER_RTT.c **** *    >= 0 - O.K. Buffer Index
1607:./segger-rtt/src/SEGGER_RTT.c **** *     < 0 - Error
1608:./segger-rtt/src/SEGGER_RTT.c **** */
1609:./segger-rtt/src/SEGGER_RTT.c **** int SEGGER_RTT_AllocUpBuffer(const char* sName, void* pBuffer, unsigned BufferSize, unsigned Flags)
 2791              		.loc 1 1609 101
 2792              		.cfi_startproc
 2793              		@ args = 0, pretend = 0, frame = 32
 2794              		@ frame_needed = 1, uses_anonymous_args = 0
 2795 0000 80B5     		push	{r7, lr}
 2796              	.LCFI124:
 2797              		.cfi_def_cfa_offset 8
 2798              		.cfi_offset 7, -8
 2799              		.cfi_offset 14, -4
 2800 0002 88B0     		sub	sp, sp, #32
 2801              	.LCFI125:
 2802              		.cfi_def_cfa_offset 40
 2803 0004 00AF     		add	r7, sp, #0
 2804              	.LCFI126:
 2805              		.cfi_def_cfa_register 7
ARM GAS  C:\Users\PRAETE~1\AppData\Local\Temp\ccgoOOhI.s 			page 78


 2806 0006 F860     		str	r0, [r7, #12]
 2807 0008 B960     		str	r1, [r7, #8]
 2808 000a 7A60     		str	r2, [r7, #4]
 2809 000c 3B60     		str	r3, [r7]
 2810              	.LBB17:
1610:./segger-rtt/src/SEGGER_RTT.c ****   int BufferIndex;
1611:./segger-rtt/src/SEGGER_RTT.c ****   volatile SEGGER_RTT_CB* pRTTCB;
1612:./segger-rtt/src/SEGGER_RTT.c **** 
1613:./segger-rtt/src/SEGGER_RTT.c ****   INIT();
 2811              		.loc 1 1613 3
 2812 000e 3C4B     		ldr	r3, .L156
 2813 0010 BB61     		str	r3, [r7, #24]
 2814 0012 BB69     		ldr	r3, [r7, #24]
 2815 0014 1B78     		ldrb	r3, [r3]
 2816 0016 DBB2     		uxtb	r3, r3
 2817 0018 532B     		cmp	r3, #83
 2818 001a 01D0     		beq	.L148
 2819              		.loc 1 1613 3 is_stmt 0 discriminator 1
 2820 001c FFF7FEFF 		bl	_DoInit
 2821              	.L148:
 2822              	.LBE17:
 2823              	.LBB18:
1614:./segger-rtt/src/SEGGER_RTT.c ****   SEGGER_RTT_LOCK();
 2824              		.loc 1 1614 3 is_stmt 1
 2825              		.syntax unified
 2826              	@ 1614 "./segger-rtt/src/SEGGER_RTT.c" 1
 2827 0020 EFF31183 		mrs   r3, basepri  
 2828 0024 4FF02001 		mov   r1, #32       
 2829 0028 81F31188 		msr   basepri, r1  
 2830              		
 2831              	@ 0 "" 2
 2832              		.thumb
 2833              		.syntax unified
 2834 002c 7B61     		str	r3, [r7, #20]
1615:./segger-rtt/src/SEGGER_RTT.c ****   pRTTCB = (volatile SEGGER_RTT_CB*)((uintptr_t)&_SEGGER_RTT + SEGGER_RTT_UNCACHED_OFF);  // Access
 2835              		.loc 1 1615 10
 2836 002e 344B     		ldr	r3, .L156
 2837 0030 3B61     		str	r3, [r7, #16]
1616:./segger-rtt/src/SEGGER_RTT.c ****   BufferIndex = 0;
 2838              		.loc 1 1616 15
 2839 0032 0023     		movs	r3, #0
 2840 0034 FB61     		str	r3, [r7, #28]
 2841              	.L151:
1617:./segger-rtt/src/SEGGER_RTT.c ****   do {
1618:./segger-rtt/src/SEGGER_RTT.c ****     if (pRTTCB->aUp[BufferIndex].pBuffer == NULL) {
 2842              		.loc 1 1618 33
 2843 0036 3969     		ldr	r1, [r7, #16]
 2844 0038 FB69     		ldr	r3, [r7, #28]
 2845 003a 5A1C     		adds	r2, r3, #1
 2846 003c 1346     		mov	r3, r2
 2847 003e 5B00     		lsls	r3, r3, #1
 2848 0040 1344     		add	r3, r3, r2
 2849 0042 DB00     		lsls	r3, r3, #3
 2850 0044 0B44     		add	r3, r3, r1
 2851 0046 0433     		adds	r3, r3, #4
 2852 0048 1B68     		ldr	r3, [r3]
 2853              		.loc 1 1618 8
ARM GAS  C:\Users\PRAETE~1\AppData\Local\Temp\ccgoOOhI.s 			page 79


 2854 004a 002B     		cmp	r3, #0
 2855 004c 08D0     		beq	.L155
1619:./segger-rtt/src/SEGGER_RTT.c ****       break;
1620:./segger-rtt/src/SEGGER_RTT.c ****     }
1621:./segger-rtt/src/SEGGER_RTT.c ****     BufferIndex++;
 2856              		.loc 1 1621 16
 2857 004e FB69     		ldr	r3, [r7, #28]
 2858 0050 0133     		adds	r3, r3, #1
 2859 0052 FB61     		str	r3, [r7, #28]
1622:./segger-rtt/src/SEGGER_RTT.c ****   } while (BufferIndex < pRTTCB->MaxNumUpBuffers);
 2860              		.loc 1 1622 32
 2861 0054 3B69     		ldr	r3, [r7, #16]
 2862 0056 1B69     		ldr	r3, [r3, #16]
 2863              		.loc 1 1622 24
 2864 0058 FA69     		ldr	r2, [r7, #28]
 2865 005a 9A42     		cmp	r2, r3
 2866 005c EBDB     		blt	.L151
 2867 005e 00E0     		b	.L150
 2868              	.L155:
1619:./segger-rtt/src/SEGGER_RTT.c ****       break;
 2869              		.loc 1 1619 7
 2870 0060 00BF     		nop
 2871              	.L150:
1623:./segger-rtt/src/SEGGER_RTT.c ****   if (BufferIndex < pRTTCB->MaxNumUpBuffers) {
 2872              		.loc 1 1623 27
 2873 0062 3B69     		ldr	r3, [r7, #16]
 2874 0064 1B69     		ldr	r3, [r3, #16]
 2875              		.loc 1 1623 6
 2876 0066 FA69     		ldr	r2, [r7, #28]
 2877 0068 9A42     		cmp	r2, r3
 2878 006a 3DDA     		bge	.L152
1624:./segger-rtt/src/SEGGER_RTT.c ****     pRTTCB->aUp[BufferIndex].sName        = sName;
 2879              		.loc 1 1624 43
 2880 006c 3969     		ldr	r1, [r7, #16]
 2881 006e FB69     		ldr	r3, [r7, #28]
 2882 0070 5A1C     		adds	r2, r3, #1
 2883 0072 1346     		mov	r3, r2
 2884 0074 5B00     		lsls	r3, r3, #1
 2885 0076 1344     		add	r3, r3, r2
 2886 0078 DB00     		lsls	r3, r3, #3
 2887 007a 0B44     		add	r3, r3, r1
 2888 007c FA68     		ldr	r2, [r7, #12]
 2889 007e 1A60     		str	r2, [r3]
1625:./segger-rtt/src/SEGGER_RTT.c ****     pRTTCB->aUp[BufferIndex].pBuffer      = (char*)pBuffer;
 2890              		.loc 1 1625 43
 2891 0080 3969     		ldr	r1, [r7, #16]
 2892 0082 FB69     		ldr	r3, [r7, #28]
 2893 0084 5A1C     		adds	r2, r3, #1
 2894 0086 1346     		mov	r3, r2
 2895 0088 5B00     		lsls	r3, r3, #1
 2896 008a 1344     		add	r3, r3, r2
 2897 008c DB00     		lsls	r3, r3, #3
 2898 008e 0B44     		add	r3, r3, r1
 2899 0090 0433     		adds	r3, r3, #4
 2900 0092 BA68     		ldr	r2, [r7, #8]
 2901 0094 1A60     		str	r2, [r3]
1626:./segger-rtt/src/SEGGER_RTT.c ****     pRTTCB->aUp[BufferIndex].SizeOfBuffer = BufferSize;
ARM GAS  C:\Users\PRAETE~1\AppData\Local\Temp\ccgoOOhI.s 			page 80


 2902              		.loc 1 1626 43
 2903 0096 3969     		ldr	r1, [r7, #16]
 2904 0098 FA69     		ldr	r2, [r7, #28]
 2905 009a 1346     		mov	r3, r2
 2906 009c 5B00     		lsls	r3, r3, #1
 2907 009e 1344     		add	r3, r3, r2
 2908 00a0 DB00     		lsls	r3, r3, #3
 2909 00a2 0B44     		add	r3, r3, r1
 2910 00a4 2033     		adds	r3, r3, #32
 2911 00a6 7A68     		ldr	r2, [r7, #4]
 2912 00a8 1A60     		str	r2, [r3]
1627:./segger-rtt/src/SEGGER_RTT.c ****     pRTTCB->aUp[BufferIndex].RdOff        = 0u;
 2913              		.loc 1 1627 43
 2914 00aa 3969     		ldr	r1, [r7, #16]
 2915 00ac FA69     		ldr	r2, [r7, #28]
 2916 00ae 1346     		mov	r3, r2
 2917 00b0 5B00     		lsls	r3, r3, #1
 2918 00b2 1344     		add	r3, r3, r2
 2919 00b4 DB00     		lsls	r3, r3, #3
 2920 00b6 0B44     		add	r3, r3, r1
 2921 00b8 2833     		adds	r3, r3, #40
 2922 00ba 0022     		movs	r2, #0
 2923 00bc 1A60     		str	r2, [r3]
1628:./segger-rtt/src/SEGGER_RTT.c ****     pRTTCB->aUp[BufferIndex].WrOff        = 0u;
 2924              		.loc 1 1628 43
 2925 00be 3969     		ldr	r1, [r7, #16]
 2926 00c0 FA69     		ldr	r2, [r7, #28]
 2927 00c2 1346     		mov	r3, r2
 2928 00c4 5B00     		lsls	r3, r3, #1
 2929 00c6 1344     		add	r3, r3, r2
 2930 00c8 DB00     		lsls	r3, r3, #3
 2931 00ca 0B44     		add	r3, r3, r1
 2932 00cc 2433     		adds	r3, r3, #36
 2933 00ce 0022     		movs	r2, #0
 2934 00d0 1A60     		str	r2, [r3]
1629:./segger-rtt/src/SEGGER_RTT.c ****     pRTTCB->aUp[BufferIndex].Flags        = Flags;
 2935              		.loc 1 1629 43
 2936 00d2 3969     		ldr	r1, [r7, #16]
 2937 00d4 FA69     		ldr	r2, [r7, #28]
 2938 00d6 1346     		mov	r3, r2
 2939 00d8 5B00     		lsls	r3, r3, #1
 2940 00da 1344     		add	r3, r3, r2
 2941 00dc DB00     		lsls	r3, r3, #3
 2942 00de 0B44     		add	r3, r3, r1
 2943 00e0 2C33     		adds	r3, r3, #44
 2944 00e2 3A68     		ldr	r2, [r7]
 2945 00e4 1A60     		str	r2, [r3]
 2946 00e6 02E0     		b	.L153
 2947              	.L152:
1630:./segger-rtt/src/SEGGER_RTT.c ****     RTT__DMB();                     // Force data write to be complete before writing the <WrOff>, 
1631:./segger-rtt/src/SEGGER_RTT.c ****   } else {
1632:./segger-rtt/src/SEGGER_RTT.c ****     BufferIndex = -1;
 2948              		.loc 1 1632 17
 2949 00e8 4FF0FF33 		mov	r3, #-1
 2950 00ec FB61     		str	r3, [r7, #28]
 2951              	.L153:
1633:./segger-rtt/src/SEGGER_RTT.c ****   }
ARM GAS  C:\Users\PRAETE~1\AppData\Local\Temp\ccgoOOhI.s 			page 81


1634:./segger-rtt/src/SEGGER_RTT.c ****   SEGGER_RTT_UNLOCK();
 2952              		.loc 1 1634 3
 2953 00ee 7B69     		ldr	r3, [r7, #20]
 2954              		.syntax unified
 2955              	@ 1634 "./segger-rtt/src/SEGGER_RTT.c" 1
 2956 00f0 83F31188 		msr   basepri, r3  
 2957              		
 2958              	@ 0 "" 2
 2959              		.thumb
 2960              		.syntax unified
 2961              	.LBE18:
1635:./segger-rtt/src/SEGGER_RTT.c ****   return BufferIndex;
 2962              		.loc 1 1635 10
 2963 00f4 FB69     		ldr	r3, [r7, #28]
1636:./segger-rtt/src/SEGGER_RTT.c **** }
 2964              		.loc 1 1636 1
 2965 00f6 1846     		mov	r0, r3
 2966 00f8 2037     		adds	r7, r7, #32
 2967              	.LCFI127:
 2968              		.cfi_def_cfa_offset 8
 2969 00fa BD46     		mov	sp, r7
 2970              	.LCFI128:
 2971              		.cfi_def_cfa_register 13
 2972              		@ sp needed
 2973 00fc 80BD     		pop	{r7, pc}
 2974              	.L157:
 2975 00fe 00BF     		.align	2
 2976              	.L156:
 2977 0100 00000000 		.word	_SEGGER_RTT
 2978              		.cfi_endproc
 2979              	.LFE24:
 2981              		.section	.text.SEGGER_RTT_ConfigUpBuffer,"ax",%progbits
 2982              		.align	1
 2983              		.global	SEGGER_RTT_ConfigUpBuffer
 2984              		.syntax unified
 2985              		.thumb
 2986              		.thumb_func
 2988              	SEGGER_RTT_ConfigUpBuffer:
 2989              	.LFB25:
1637:./segger-rtt/src/SEGGER_RTT.c **** 
1638:./segger-rtt/src/SEGGER_RTT.c **** /*********************************************************************
1639:./segger-rtt/src/SEGGER_RTT.c **** *
1640:./segger-rtt/src/SEGGER_RTT.c **** *       SEGGER_RTT_ConfigUpBuffer
1641:./segger-rtt/src/SEGGER_RTT.c **** *
1642:./segger-rtt/src/SEGGER_RTT.c **** *  Function description
1643:./segger-rtt/src/SEGGER_RTT.c **** *    Run-time configuration of a specific up-buffer (T->H).
1644:./segger-rtt/src/SEGGER_RTT.c **** *    Buffer to be configured is specified by index.
1645:./segger-rtt/src/SEGGER_RTT.c **** *    This includes: Buffer address, size, name, flags, ...
1646:./segger-rtt/src/SEGGER_RTT.c **** *
1647:./segger-rtt/src/SEGGER_RTT.c **** *  Parameters
1648:./segger-rtt/src/SEGGER_RTT.c **** *    BufferIndex  Index of the buffer to configure.
1649:./segger-rtt/src/SEGGER_RTT.c **** *    sName        Pointer to a constant name string.
1650:./segger-rtt/src/SEGGER_RTT.c **** *    pBuffer      Pointer to a buffer to be used.
1651:./segger-rtt/src/SEGGER_RTT.c **** *    BufferSize   Size of the buffer.
1652:./segger-rtt/src/SEGGER_RTT.c **** *    Flags        Operating modes. Define behavior if buffer is full (not enough space for entire m
1653:./segger-rtt/src/SEGGER_RTT.c **** *                 Flags[31:24] are used for validity check and must be zero. Flags[23:2] are reserv
1654:./segger-rtt/src/SEGGER_RTT.c **** *
ARM GAS  C:\Users\PRAETE~1\AppData\Local\Temp\ccgoOOhI.s 			page 82


1655:./segger-rtt/src/SEGGER_RTT.c **** *  Return value
1656:./segger-rtt/src/SEGGER_RTT.c **** *    >= 0 - O.K.
1657:./segger-rtt/src/SEGGER_RTT.c **** *     < 0 - Error
1658:./segger-rtt/src/SEGGER_RTT.c **** *
1659:./segger-rtt/src/SEGGER_RTT.c **** *  Additional information
1660:./segger-rtt/src/SEGGER_RTT.c **** *    Buffer 0 is configured on compile-time.
1661:./segger-rtt/src/SEGGER_RTT.c **** *    May only be called once per buffer.
1662:./segger-rtt/src/SEGGER_RTT.c **** *    Buffer name and flags can be reconfigured using the appropriate functions.
1663:./segger-rtt/src/SEGGER_RTT.c **** */
1664:./segger-rtt/src/SEGGER_RTT.c **** int SEGGER_RTT_ConfigUpBuffer(unsigned BufferIndex, const char* sName, void* pBuffer, unsigned Buff
 2990              		.loc 1 1664 124
 2991              		.cfi_startproc
 2992              		@ args = 4, pretend = 0, frame = 40
 2993              		@ frame_needed = 1, uses_anonymous_args = 0
 2994 0000 80B5     		push	{r7, lr}
 2995              	.LCFI129:
 2996              		.cfi_def_cfa_offset 8
 2997              		.cfi_offset 7, -8
 2998              		.cfi_offset 14, -4
 2999 0002 8AB0     		sub	sp, sp, #40
 3000              	.LCFI130:
 3001              		.cfi_def_cfa_offset 48
 3002 0004 00AF     		add	r7, sp, #0
 3003              	.LCFI131:
 3004              		.cfi_def_cfa_register 7
 3005 0006 F860     		str	r0, [r7, #12]
 3006 0008 B960     		str	r1, [r7, #8]
 3007 000a 7A60     		str	r2, [r7, #4]
 3008 000c 3B60     		str	r3, [r7]
 3009              	.LBB19:
1665:./segger-rtt/src/SEGGER_RTT.c ****   int r;
1666:./segger-rtt/src/SEGGER_RTT.c ****   volatile SEGGER_RTT_CB* pRTTCB;
1667:./segger-rtt/src/SEGGER_RTT.c ****   volatile SEGGER_RTT_BUFFER_UP* pUp;
1668:./segger-rtt/src/SEGGER_RTT.c **** 
1669:./segger-rtt/src/SEGGER_RTT.c ****   INIT();
 3010              		.loc 1 1669 3
 3011 000e 204B     		ldr	r3, .L164
 3012 0010 3B62     		str	r3, [r7, #32]
 3013 0012 3B6A     		ldr	r3, [r7, #32]
 3014 0014 1B78     		ldrb	r3, [r3]
 3015 0016 DBB2     		uxtb	r3, r3
 3016 0018 532B     		cmp	r3, #83
 3017 001a 01D0     		beq	.L159
 3018              		.loc 1 1669 3 is_stmt 0 discriminator 1
 3019 001c FFF7FEFF 		bl	_DoInit
 3020              	.L159:
 3021              	.LBE19:
1670:./segger-rtt/src/SEGGER_RTT.c ****   pRTTCB = (volatile SEGGER_RTT_CB*)((uintptr_t)&_SEGGER_RTT + SEGGER_RTT_UNCACHED_OFF);  // Access
 3022              		.loc 1 1670 10 is_stmt 1
 3023 0020 1B4B     		ldr	r3, .L164
 3024 0022 FB61     		str	r3, [r7, #28]
1671:./segger-rtt/src/SEGGER_RTT.c ****   if (BufferIndex < SEGGER_RTT_MAX_NUM_UP_BUFFERS) {
 3025              		.loc 1 1671 6
 3026 0024 FB68     		ldr	r3, [r7, #12]
 3027 0026 022B     		cmp	r3, #2
 3028 0028 2AD8     		bhi	.L160
 3029              	.LBB20:
ARM GAS  C:\Users\PRAETE~1\AppData\Local\Temp\ccgoOOhI.s 			page 83


1672:./segger-rtt/src/SEGGER_RTT.c ****     SEGGER_RTT_LOCK();
 3030              		.loc 1 1672 5
 3031              		.syntax unified
 3032              	@ 1672 "./segger-rtt/src/SEGGER_RTT.c" 1
 3033 002a EFF31183 		mrs   r3, basepri  
 3034 002e 4FF02001 		mov   r1, #32       
 3035 0032 81F31188 		msr   basepri, r1  
 3036              		
 3037              	@ 0 "" 2
 3038              		.thumb
 3039              		.syntax unified
 3040 0036 BB61     		str	r3, [r7, #24]
1673:./segger-rtt/src/SEGGER_RTT.c ****     pUp = &pRTTCB->aUp[BufferIndex];
 3041              		.loc 1 1673 9
 3042 0038 FB68     		ldr	r3, [r7, #12]
 3043 003a 5A1C     		adds	r2, r3, #1
 3044 003c 1346     		mov	r3, r2
 3045 003e 5B00     		lsls	r3, r3, #1
 3046 0040 1344     		add	r3, r3, r2
 3047 0042 DB00     		lsls	r3, r3, #3
 3048 0044 FA69     		ldr	r2, [r7, #28]
 3049 0046 1344     		add	r3, r3, r2
 3050 0048 7B61     		str	r3, [r7, #20]
1674:./segger-rtt/src/SEGGER_RTT.c ****     if (BufferIndex) {
 3051              		.loc 1 1674 8
 3052 004a FB68     		ldr	r3, [r7, #12]
 3053 004c 002B     		cmp	r3, #0
 3054 004e 0ED0     		beq	.L161
1675:./segger-rtt/src/SEGGER_RTT.c ****       pUp->sName        = sName;
 3055              		.loc 1 1675 25
 3056 0050 7B69     		ldr	r3, [r7, #20]
 3057 0052 BA68     		ldr	r2, [r7, #8]
 3058 0054 1A60     		str	r2, [r3]
1676:./segger-rtt/src/SEGGER_RTT.c ****       pUp->pBuffer      = (char*)pBuffer;
 3059              		.loc 1 1676 25
 3060 0056 7B69     		ldr	r3, [r7, #20]
 3061 0058 7A68     		ldr	r2, [r7, #4]
 3062 005a 5A60     		str	r2, [r3, #4]
1677:./segger-rtt/src/SEGGER_RTT.c ****       pUp->SizeOfBuffer = BufferSize;
 3063              		.loc 1 1677 25
 3064 005c 7B69     		ldr	r3, [r7, #20]
 3065 005e 3A68     		ldr	r2, [r7]
 3066 0060 9A60     		str	r2, [r3, #8]
1678:./segger-rtt/src/SEGGER_RTT.c ****       pUp->RdOff        = 0u;
 3067              		.loc 1 1678 25
 3068 0062 7B69     		ldr	r3, [r7, #20]
 3069 0064 0022     		movs	r2, #0
 3070 0066 1A61     		str	r2, [r3, #16]
1679:./segger-rtt/src/SEGGER_RTT.c ****       pUp->WrOff        = 0u;
 3071              		.loc 1 1679 25
 3072 0068 7B69     		ldr	r3, [r7, #20]
 3073 006a 0022     		movs	r2, #0
 3074 006c DA60     		str	r2, [r3, #12]
 3075              	.L161:
1680:./segger-rtt/src/SEGGER_RTT.c ****     }
1681:./segger-rtt/src/SEGGER_RTT.c ****     pUp->Flags          = Flags;
 3076              		.loc 1 1681 25
ARM GAS  C:\Users\PRAETE~1\AppData\Local\Temp\ccgoOOhI.s 			page 84


 3077 006e 7B69     		ldr	r3, [r7, #20]
 3078 0070 3A6B     		ldr	r2, [r7, #48]
 3079 0072 5A61     		str	r2, [r3, #20]
1682:./segger-rtt/src/SEGGER_RTT.c ****     SEGGER_RTT_UNLOCK();
 3080              		.loc 1 1682 5
 3081 0074 BB69     		ldr	r3, [r7, #24]
 3082              		.syntax unified
 3083              	@ 1682 "./segger-rtt/src/SEGGER_RTT.c" 1
 3084 0076 83F31188 		msr   basepri, r3  
 3085              		
 3086              	@ 0 "" 2
 3087              		.thumb
 3088              		.syntax unified
 3089              	.LBE20:
1683:./segger-rtt/src/SEGGER_RTT.c ****     r =  0;
 3090              		.loc 1 1683 7
 3091 007a 0023     		movs	r3, #0
 3092 007c 7B62     		str	r3, [r7, #36]
 3093 007e 02E0     		b	.L162
 3094              	.L160:
1684:./segger-rtt/src/SEGGER_RTT.c ****   } else {
1685:./segger-rtt/src/SEGGER_RTT.c ****     r = -1;
 3095              		.loc 1 1685 7
 3096 0080 4FF0FF33 		mov	r3, #-1
 3097 0084 7B62     		str	r3, [r7, #36]
 3098              	.L162:
1686:./segger-rtt/src/SEGGER_RTT.c ****   }
1687:./segger-rtt/src/SEGGER_RTT.c ****   return r;
 3099              		.loc 1 1687 10
 3100 0086 7B6A     		ldr	r3, [r7, #36]
1688:./segger-rtt/src/SEGGER_RTT.c **** }
 3101              		.loc 1 1688 1
 3102 0088 1846     		mov	r0, r3
 3103 008a 2837     		adds	r7, r7, #40
 3104              	.LCFI132:
 3105              		.cfi_def_cfa_offset 8
 3106 008c BD46     		mov	sp, r7
 3107              	.LCFI133:
 3108              		.cfi_def_cfa_register 13
 3109              		@ sp needed
 3110 008e 80BD     		pop	{r7, pc}
 3111              	.L165:
 3112              		.align	2
 3113              	.L164:
 3114 0090 00000000 		.word	_SEGGER_RTT
 3115              		.cfi_endproc
 3116              	.LFE25:
 3118              		.section	.text.SEGGER_RTT_ConfigDownBuffer,"ax",%progbits
 3119              		.align	1
 3120              		.global	SEGGER_RTT_ConfigDownBuffer
 3121              		.syntax unified
 3122              		.thumb
 3123              		.thumb_func
 3125              	SEGGER_RTT_ConfigDownBuffer:
 3126              	.LFB26:
1689:./segger-rtt/src/SEGGER_RTT.c **** 
1690:./segger-rtt/src/SEGGER_RTT.c **** /*********************************************************************
ARM GAS  C:\Users\PRAETE~1\AppData\Local\Temp\ccgoOOhI.s 			page 85


1691:./segger-rtt/src/SEGGER_RTT.c **** *
1692:./segger-rtt/src/SEGGER_RTT.c **** *       SEGGER_RTT_ConfigDownBuffer
1693:./segger-rtt/src/SEGGER_RTT.c **** *
1694:./segger-rtt/src/SEGGER_RTT.c **** *  Function description
1695:./segger-rtt/src/SEGGER_RTT.c **** *    Run-time configuration of a specific down-buffer (H->T).
1696:./segger-rtt/src/SEGGER_RTT.c **** *    Buffer to be configured is specified by index.
1697:./segger-rtt/src/SEGGER_RTT.c **** *    This includes: Buffer address, size, name, flags, ...
1698:./segger-rtt/src/SEGGER_RTT.c **** *
1699:./segger-rtt/src/SEGGER_RTT.c **** *  Parameters
1700:./segger-rtt/src/SEGGER_RTT.c **** *    BufferIndex  Index of the buffer to configure.
1701:./segger-rtt/src/SEGGER_RTT.c **** *    sName        Pointer to a constant name string.
1702:./segger-rtt/src/SEGGER_RTT.c **** *    pBuffer      Pointer to a buffer to be used.
1703:./segger-rtt/src/SEGGER_RTT.c **** *    BufferSize   Size of the buffer.
1704:./segger-rtt/src/SEGGER_RTT.c **** *    Flags        Operating modes. Define behavior if buffer is full (not enough space for entire m
1705:./segger-rtt/src/SEGGER_RTT.c **** *                 Flags[31:24] are used for validity check and must be zero. Flags[23:2] are reserv
1706:./segger-rtt/src/SEGGER_RTT.c **** *
1707:./segger-rtt/src/SEGGER_RTT.c **** *  Return value
1708:./segger-rtt/src/SEGGER_RTT.c **** *    >= 0  O.K.
1709:./segger-rtt/src/SEGGER_RTT.c **** *     < 0  Error
1710:./segger-rtt/src/SEGGER_RTT.c **** *
1711:./segger-rtt/src/SEGGER_RTT.c **** *  Additional information
1712:./segger-rtt/src/SEGGER_RTT.c **** *    Buffer 0 is configured on compile-time.
1713:./segger-rtt/src/SEGGER_RTT.c **** *    May only be called once per buffer.
1714:./segger-rtt/src/SEGGER_RTT.c **** *    Buffer name and flags can be reconfigured using the appropriate functions.
1715:./segger-rtt/src/SEGGER_RTT.c **** */
1716:./segger-rtt/src/SEGGER_RTT.c **** int SEGGER_RTT_ConfigDownBuffer(unsigned BufferIndex, const char* sName, void* pBuffer, unsigned Bu
 3127              		.loc 1 1716 126
 3128              		.cfi_startproc
 3129              		@ args = 4, pretend = 0, frame = 40
 3130              		@ frame_needed = 1, uses_anonymous_args = 0
 3131 0000 80B5     		push	{r7, lr}
 3132              	.LCFI134:
 3133              		.cfi_def_cfa_offset 8
 3134              		.cfi_offset 7, -8
 3135              		.cfi_offset 14, -4
 3136 0002 8AB0     		sub	sp, sp, #40
 3137              	.LCFI135:
 3138              		.cfi_def_cfa_offset 48
 3139 0004 00AF     		add	r7, sp, #0
 3140              	.LCFI136:
 3141              		.cfi_def_cfa_register 7
 3142 0006 F860     		str	r0, [r7, #12]
 3143 0008 B960     		str	r1, [r7, #8]
 3144 000a 7A60     		str	r2, [r7, #4]
 3145 000c 3B60     		str	r3, [r7]
 3146              	.LBB21:
1717:./segger-rtt/src/SEGGER_RTT.c ****   int r;
1718:./segger-rtt/src/SEGGER_RTT.c ****   volatile SEGGER_RTT_CB* pRTTCB;
1719:./segger-rtt/src/SEGGER_RTT.c ****   volatile SEGGER_RTT_BUFFER_DOWN* pDown;
1720:./segger-rtt/src/SEGGER_RTT.c **** 
1721:./segger-rtt/src/SEGGER_RTT.c ****   INIT();
 3147              		.loc 1 1721 3
 3148 000e 204B     		ldr	r3, .L172
 3149 0010 3B62     		str	r3, [r7, #32]
 3150 0012 3B6A     		ldr	r3, [r7, #32]
 3151 0014 1B78     		ldrb	r3, [r3]
 3152 0016 DBB2     		uxtb	r3, r3
ARM GAS  C:\Users\PRAETE~1\AppData\Local\Temp\ccgoOOhI.s 			page 86


 3153 0018 532B     		cmp	r3, #83
 3154 001a 01D0     		beq	.L167
 3155              		.loc 1 1721 3 is_stmt 0 discriminator 1
 3156 001c FFF7FEFF 		bl	_DoInit
 3157              	.L167:
 3158              	.LBE21:
1722:./segger-rtt/src/SEGGER_RTT.c ****   pRTTCB = (volatile SEGGER_RTT_CB*)((uintptr_t)&_SEGGER_RTT + SEGGER_RTT_UNCACHED_OFF);  // Access
 3159              		.loc 1 1722 10 is_stmt 1
 3160 0020 1B4B     		ldr	r3, .L172
 3161 0022 FB61     		str	r3, [r7, #28]
1723:./segger-rtt/src/SEGGER_RTT.c ****   if (BufferIndex < SEGGER_RTT_MAX_NUM_DOWN_BUFFERS) {
 3162              		.loc 1 1723 6
 3163 0024 FB68     		ldr	r3, [r7, #12]
 3164 0026 022B     		cmp	r3, #2
 3165 0028 2AD8     		bhi	.L168
 3166              	.LBB22:
1724:./segger-rtt/src/SEGGER_RTT.c ****     SEGGER_RTT_LOCK();
 3167              		.loc 1 1724 5
 3168              		.syntax unified
 3169              	@ 1724 "./segger-rtt/src/SEGGER_RTT.c" 1
 3170 002a EFF31183 		mrs   r3, basepri  
 3171 002e 4FF02001 		mov   r1, #32       
 3172 0032 81F31188 		msr   basepri, r1  
 3173              		
 3174              	@ 0 "" 2
 3175              		.thumb
 3176              		.syntax unified
 3177 0036 BB61     		str	r3, [r7, #24]
1725:./segger-rtt/src/SEGGER_RTT.c ****     pDown = &pRTTCB->aDown[BufferIndex];
 3178              		.loc 1 1725 11
 3179 0038 FA68     		ldr	r2, [r7, #12]
 3180 003a 1346     		mov	r3, r2
 3181 003c 5B00     		lsls	r3, r3, #1
 3182 003e 1344     		add	r3, r3, r2
 3183 0040 DB00     		lsls	r3, r3, #3
 3184 0042 6033     		adds	r3, r3, #96
 3185 0044 FA69     		ldr	r2, [r7, #28]
 3186 0046 1344     		add	r3, r3, r2
 3187 0048 7B61     		str	r3, [r7, #20]
1726:./segger-rtt/src/SEGGER_RTT.c ****     if (BufferIndex) {
 3188              		.loc 1 1726 8
 3189 004a FB68     		ldr	r3, [r7, #12]
 3190 004c 002B     		cmp	r3, #0
 3191 004e 0ED0     		beq	.L169
1727:./segger-rtt/src/SEGGER_RTT.c ****       pDown->sName        = sName;
 3192              		.loc 1 1727 27
 3193 0050 7B69     		ldr	r3, [r7, #20]
 3194 0052 BA68     		ldr	r2, [r7, #8]
 3195 0054 1A60     		str	r2, [r3]
1728:./segger-rtt/src/SEGGER_RTT.c ****       pDown->pBuffer      = (char*)pBuffer;
 3196              		.loc 1 1728 27
 3197 0056 7B69     		ldr	r3, [r7, #20]
 3198 0058 7A68     		ldr	r2, [r7, #4]
 3199 005a 5A60     		str	r2, [r3, #4]
1729:./segger-rtt/src/SEGGER_RTT.c ****       pDown->SizeOfBuffer = BufferSize;
 3200              		.loc 1 1729 27
 3201 005c 7B69     		ldr	r3, [r7, #20]
ARM GAS  C:\Users\PRAETE~1\AppData\Local\Temp\ccgoOOhI.s 			page 87


 3202 005e 3A68     		ldr	r2, [r7]
 3203 0060 9A60     		str	r2, [r3, #8]
1730:./segger-rtt/src/SEGGER_RTT.c ****       pDown->RdOff        = 0u;
 3204              		.loc 1 1730 27
 3205 0062 7B69     		ldr	r3, [r7, #20]
 3206 0064 0022     		movs	r2, #0
 3207 0066 1A61     		str	r2, [r3, #16]
1731:./segger-rtt/src/SEGGER_RTT.c ****       pDown->WrOff        = 0u;
 3208              		.loc 1 1731 27
 3209 0068 7B69     		ldr	r3, [r7, #20]
 3210 006a 0022     		movs	r2, #0
 3211 006c DA60     		str	r2, [r3, #12]
 3212              	.L169:
1732:./segger-rtt/src/SEGGER_RTT.c ****     }
1733:./segger-rtt/src/SEGGER_RTT.c ****     pDown->Flags          = Flags;
 3213              		.loc 1 1733 27
 3214 006e 7B69     		ldr	r3, [r7, #20]
 3215 0070 3A6B     		ldr	r2, [r7, #48]
 3216 0072 5A61     		str	r2, [r3, #20]
1734:./segger-rtt/src/SEGGER_RTT.c ****     RTT__DMB();                     // Force data write to be complete before writing the <WrOff>, 
1735:./segger-rtt/src/SEGGER_RTT.c ****     SEGGER_RTT_UNLOCK();
 3217              		.loc 1 1735 5
 3218 0074 BB69     		ldr	r3, [r7, #24]
 3219              		.syntax unified
 3220              	@ 1735 "./segger-rtt/src/SEGGER_RTT.c" 1
 3221 0076 83F31188 		msr   basepri, r3  
 3222              		
 3223              	@ 0 "" 2
 3224              		.thumb
 3225              		.syntax unified
 3226              	.LBE22:
1736:./segger-rtt/src/SEGGER_RTT.c ****     r =  0;
 3227              		.loc 1 1736 7
 3228 007a 0023     		movs	r3, #0
 3229 007c 7B62     		str	r3, [r7, #36]
 3230 007e 02E0     		b	.L170
 3231              	.L168:
1737:./segger-rtt/src/SEGGER_RTT.c ****   } else {
1738:./segger-rtt/src/SEGGER_RTT.c ****     r = -1;
 3232              		.loc 1 1738 7
 3233 0080 4FF0FF33 		mov	r3, #-1
 3234 0084 7B62     		str	r3, [r7, #36]
 3235              	.L170:
1739:./segger-rtt/src/SEGGER_RTT.c ****   }
1740:./segger-rtt/src/SEGGER_RTT.c ****   return r;
 3236              		.loc 1 1740 10
 3237 0086 7B6A     		ldr	r3, [r7, #36]
1741:./segger-rtt/src/SEGGER_RTT.c **** }
 3238              		.loc 1 1741 1
 3239 0088 1846     		mov	r0, r3
 3240 008a 2837     		adds	r7, r7, #40
 3241              	.LCFI137:
 3242              		.cfi_def_cfa_offset 8
 3243 008c BD46     		mov	sp, r7
 3244              	.LCFI138:
 3245              		.cfi_def_cfa_register 13
 3246              		@ sp needed
ARM GAS  C:\Users\PRAETE~1\AppData\Local\Temp\ccgoOOhI.s 			page 88


 3247 008e 80BD     		pop	{r7, pc}
 3248              	.L173:
 3249              		.align	2
 3250              	.L172:
 3251 0090 00000000 		.word	_SEGGER_RTT
 3252              		.cfi_endproc
 3253              	.LFE26:
 3255              		.section	.text.SEGGER_RTT_SetNameUpBuffer,"ax",%progbits
 3256              		.align	1
 3257              		.global	SEGGER_RTT_SetNameUpBuffer
 3258              		.syntax unified
 3259              		.thumb
 3260              		.thumb_func
 3262              	SEGGER_RTT_SetNameUpBuffer:
 3263              	.LFB27:
1742:./segger-rtt/src/SEGGER_RTT.c **** 
1743:./segger-rtt/src/SEGGER_RTT.c **** /*********************************************************************
1744:./segger-rtt/src/SEGGER_RTT.c **** *
1745:./segger-rtt/src/SEGGER_RTT.c **** *       SEGGER_RTT_SetNameUpBuffer
1746:./segger-rtt/src/SEGGER_RTT.c **** *
1747:./segger-rtt/src/SEGGER_RTT.c **** *  Function description
1748:./segger-rtt/src/SEGGER_RTT.c **** *    Run-time configuration of a specific up-buffer name (T->H).
1749:./segger-rtt/src/SEGGER_RTT.c **** *    Buffer to be configured is specified by index.
1750:./segger-rtt/src/SEGGER_RTT.c **** *
1751:./segger-rtt/src/SEGGER_RTT.c **** *  Parameters
1752:./segger-rtt/src/SEGGER_RTT.c **** *    BufferIndex  Index of the buffer to renamed.
1753:./segger-rtt/src/SEGGER_RTT.c **** *    sName        Pointer to a constant name string.
1754:./segger-rtt/src/SEGGER_RTT.c **** *
1755:./segger-rtt/src/SEGGER_RTT.c **** *  Return value
1756:./segger-rtt/src/SEGGER_RTT.c **** *    >= 0  O.K.
1757:./segger-rtt/src/SEGGER_RTT.c **** *     < 0  Error
1758:./segger-rtt/src/SEGGER_RTT.c **** */
1759:./segger-rtt/src/SEGGER_RTT.c **** int SEGGER_RTT_SetNameUpBuffer(unsigned BufferIndex, const char* sName) {
 3264              		.loc 1 1759 73
 3265              		.cfi_startproc
 3266              		@ args = 0, pretend = 0, frame = 32
 3267              		@ frame_needed = 1, uses_anonymous_args = 0
 3268 0000 80B5     		push	{r7, lr}
 3269              	.LCFI139:
 3270              		.cfi_def_cfa_offset 8
 3271              		.cfi_offset 7, -8
 3272              		.cfi_offset 14, -4
 3273 0002 88B0     		sub	sp, sp, #32
 3274              	.LCFI140:
 3275              		.cfi_def_cfa_offset 40
 3276 0004 00AF     		add	r7, sp, #0
 3277              	.LCFI141:
 3278              		.cfi_def_cfa_register 7
 3279 0006 7860     		str	r0, [r7, #4]
 3280 0008 3960     		str	r1, [r7]
 3281              	.LBB23:
1760:./segger-rtt/src/SEGGER_RTT.c ****   int r;
1761:./segger-rtt/src/SEGGER_RTT.c ****   volatile SEGGER_RTT_CB* pRTTCB;
1762:./segger-rtt/src/SEGGER_RTT.c ****   volatile SEGGER_RTT_BUFFER_UP* pUp;
1763:./segger-rtt/src/SEGGER_RTT.c **** 
1764:./segger-rtt/src/SEGGER_RTT.c ****   INIT();
 3282              		.loc 1 1764 3
ARM GAS  C:\Users\PRAETE~1\AppData\Local\Temp\ccgoOOhI.s 			page 89


 3283 000a 174B     		ldr	r3, .L179
 3284 000c BB61     		str	r3, [r7, #24]
 3285 000e BB69     		ldr	r3, [r7, #24]
 3286 0010 1B78     		ldrb	r3, [r3]
 3287 0012 DBB2     		uxtb	r3, r3
 3288 0014 532B     		cmp	r3, #83
 3289 0016 01D0     		beq	.L175
 3290              		.loc 1 1764 3 is_stmt 0 discriminator 1
 3291 0018 FFF7FEFF 		bl	_DoInit
 3292              	.L175:
 3293              	.LBE23:
1765:./segger-rtt/src/SEGGER_RTT.c ****   pRTTCB = (volatile SEGGER_RTT_CB*)((uintptr_t)&_SEGGER_RTT + SEGGER_RTT_UNCACHED_OFF);  // Access
 3294              		.loc 1 1765 10 is_stmt 1
 3295 001c 124B     		ldr	r3, .L179
 3296 001e 7B61     		str	r3, [r7, #20]
1766:./segger-rtt/src/SEGGER_RTT.c ****   if (BufferIndex < SEGGER_RTT_MAX_NUM_UP_BUFFERS) {
 3297              		.loc 1 1766 6
 3298 0020 7B68     		ldr	r3, [r7, #4]
 3299 0022 022B     		cmp	r3, #2
 3300 0024 18D8     		bhi	.L176
 3301              	.LBB24:
1767:./segger-rtt/src/SEGGER_RTT.c ****     SEGGER_RTT_LOCK();
 3302              		.loc 1 1767 5
 3303              		.syntax unified
 3304              	@ 1767 "./segger-rtt/src/SEGGER_RTT.c" 1
 3305 0026 EFF31183 		mrs   r3, basepri  
 3306 002a 4FF02001 		mov   r1, #32       
 3307 002e 81F31188 		msr   basepri, r1  
 3308              		
 3309              	@ 0 "" 2
 3310              		.thumb
 3311              		.syntax unified
 3312 0032 3B61     		str	r3, [r7, #16]
1768:./segger-rtt/src/SEGGER_RTT.c ****     pUp = &pRTTCB->aUp[BufferIndex];
 3313              		.loc 1 1768 9
 3314 0034 7B68     		ldr	r3, [r7, #4]
 3315 0036 5A1C     		adds	r2, r3, #1
 3316 0038 1346     		mov	r3, r2
 3317 003a 5B00     		lsls	r3, r3, #1
 3318 003c 1344     		add	r3, r3, r2
 3319 003e DB00     		lsls	r3, r3, #3
 3320 0040 7A69     		ldr	r2, [r7, #20]
 3321 0042 1344     		add	r3, r3, r2
 3322 0044 FB60     		str	r3, [r7, #12]
1769:./segger-rtt/src/SEGGER_RTT.c ****     pUp->sName = sName;
 3323              		.loc 1 1769 16
 3324 0046 FB68     		ldr	r3, [r7, #12]
 3325 0048 3A68     		ldr	r2, [r7]
 3326 004a 1A60     		str	r2, [r3]
1770:./segger-rtt/src/SEGGER_RTT.c ****     SEGGER_RTT_UNLOCK();
 3327              		.loc 1 1770 5
 3328 004c 3B69     		ldr	r3, [r7, #16]
 3329              		.syntax unified
 3330              	@ 1770 "./segger-rtt/src/SEGGER_RTT.c" 1
 3331 004e 83F31188 		msr   basepri, r3  
 3332              		
 3333              	@ 0 "" 2
ARM GAS  C:\Users\PRAETE~1\AppData\Local\Temp\ccgoOOhI.s 			page 90


 3334              		.thumb
 3335              		.syntax unified
 3336              	.LBE24:
1771:./segger-rtt/src/SEGGER_RTT.c ****     r =  0;
 3337              		.loc 1 1771 7
 3338 0052 0023     		movs	r3, #0
 3339 0054 FB61     		str	r3, [r7, #28]
 3340 0056 02E0     		b	.L177
 3341              	.L176:
1772:./segger-rtt/src/SEGGER_RTT.c ****   } else {
1773:./segger-rtt/src/SEGGER_RTT.c ****     r = -1;
 3342              		.loc 1 1773 7
 3343 0058 4FF0FF33 		mov	r3, #-1
 3344 005c FB61     		str	r3, [r7, #28]
 3345              	.L177:
1774:./segger-rtt/src/SEGGER_RTT.c ****   }
1775:./segger-rtt/src/SEGGER_RTT.c ****   return r;
 3346              		.loc 1 1775 10
 3347 005e FB69     		ldr	r3, [r7, #28]
1776:./segger-rtt/src/SEGGER_RTT.c **** }
 3348              		.loc 1 1776 1
 3349 0060 1846     		mov	r0, r3
 3350 0062 2037     		adds	r7, r7, #32
 3351              	.LCFI142:
 3352              		.cfi_def_cfa_offset 8
 3353 0064 BD46     		mov	sp, r7
 3354              	.LCFI143:
 3355              		.cfi_def_cfa_register 13
 3356              		@ sp needed
 3357 0066 80BD     		pop	{r7, pc}
 3358              	.L180:
 3359              		.align	2
 3360              	.L179:
 3361 0068 00000000 		.word	_SEGGER_RTT
 3362              		.cfi_endproc
 3363              	.LFE27:
 3365              		.section	.text.SEGGER_RTT_SetNameDownBuffer,"ax",%progbits
 3366              		.align	1
 3367              		.global	SEGGER_RTT_SetNameDownBuffer
 3368              		.syntax unified
 3369              		.thumb
 3370              		.thumb_func
 3372              	SEGGER_RTT_SetNameDownBuffer:
 3373              	.LFB28:
1777:./segger-rtt/src/SEGGER_RTT.c **** 
1778:./segger-rtt/src/SEGGER_RTT.c **** /*********************************************************************
1779:./segger-rtt/src/SEGGER_RTT.c **** *
1780:./segger-rtt/src/SEGGER_RTT.c **** *       SEGGER_RTT_SetNameDownBuffer
1781:./segger-rtt/src/SEGGER_RTT.c **** *
1782:./segger-rtt/src/SEGGER_RTT.c **** *  Function description
1783:./segger-rtt/src/SEGGER_RTT.c **** *    Run-time configuration of a specific Down-buffer name (T->H).
1784:./segger-rtt/src/SEGGER_RTT.c **** *    Buffer to be configured is specified by index.
1785:./segger-rtt/src/SEGGER_RTT.c **** *
1786:./segger-rtt/src/SEGGER_RTT.c **** *  Parameters
1787:./segger-rtt/src/SEGGER_RTT.c **** *    BufferIndex  Index of the buffer to renamed.
1788:./segger-rtt/src/SEGGER_RTT.c **** *    sName        Pointer to a constant name string.
1789:./segger-rtt/src/SEGGER_RTT.c **** *
ARM GAS  C:\Users\PRAETE~1\AppData\Local\Temp\ccgoOOhI.s 			page 91


1790:./segger-rtt/src/SEGGER_RTT.c **** *  Return value
1791:./segger-rtt/src/SEGGER_RTT.c **** *    >= 0  O.K.
1792:./segger-rtt/src/SEGGER_RTT.c **** *     < 0  Error
1793:./segger-rtt/src/SEGGER_RTT.c **** */
1794:./segger-rtt/src/SEGGER_RTT.c **** int SEGGER_RTT_SetNameDownBuffer(unsigned BufferIndex, const char* sName) {
 3374              		.loc 1 1794 75
 3375              		.cfi_startproc
 3376              		@ args = 0, pretend = 0, frame = 32
 3377              		@ frame_needed = 1, uses_anonymous_args = 0
 3378 0000 80B5     		push	{r7, lr}
 3379              	.LCFI144:
 3380              		.cfi_def_cfa_offset 8
 3381              		.cfi_offset 7, -8
 3382              		.cfi_offset 14, -4
 3383 0002 88B0     		sub	sp, sp, #32
 3384              	.LCFI145:
 3385              		.cfi_def_cfa_offset 40
 3386 0004 00AF     		add	r7, sp, #0
 3387              	.LCFI146:
 3388              		.cfi_def_cfa_register 7
 3389 0006 7860     		str	r0, [r7, #4]
 3390 0008 3960     		str	r1, [r7]
 3391              	.LBB25:
1795:./segger-rtt/src/SEGGER_RTT.c ****   int r;
1796:./segger-rtt/src/SEGGER_RTT.c ****   volatile SEGGER_RTT_CB* pRTTCB;
1797:./segger-rtt/src/SEGGER_RTT.c ****   volatile SEGGER_RTT_BUFFER_DOWN* pDown;
1798:./segger-rtt/src/SEGGER_RTT.c **** 
1799:./segger-rtt/src/SEGGER_RTT.c ****   INIT();
 3392              		.loc 1 1799 3
 3393 000a 174B     		ldr	r3, .L186
 3394 000c BB61     		str	r3, [r7, #24]
 3395 000e BB69     		ldr	r3, [r7, #24]
 3396 0010 1B78     		ldrb	r3, [r3]
 3397 0012 DBB2     		uxtb	r3, r3
 3398 0014 532B     		cmp	r3, #83
 3399 0016 01D0     		beq	.L182
 3400              		.loc 1 1799 3 is_stmt 0 discriminator 1
 3401 0018 FFF7FEFF 		bl	_DoInit
 3402              	.L182:
 3403              	.LBE25:
1800:./segger-rtt/src/SEGGER_RTT.c ****   pRTTCB = (volatile SEGGER_RTT_CB*)((uintptr_t)&_SEGGER_RTT + SEGGER_RTT_UNCACHED_OFF);  // Access
 3404              		.loc 1 1800 10 is_stmt 1
 3405 001c 124B     		ldr	r3, .L186
 3406 001e 7B61     		str	r3, [r7, #20]
1801:./segger-rtt/src/SEGGER_RTT.c ****   if (BufferIndex < SEGGER_RTT_MAX_NUM_DOWN_BUFFERS) {
 3407              		.loc 1 1801 6
 3408 0020 7B68     		ldr	r3, [r7, #4]
 3409 0022 022B     		cmp	r3, #2
 3410 0024 18D8     		bhi	.L183
 3411              	.LBB26:
1802:./segger-rtt/src/SEGGER_RTT.c ****     SEGGER_RTT_LOCK();
 3412              		.loc 1 1802 5
 3413              		.syntax unified
 3414              	@ 1802 "./segger-rtt/src/SEGGER_RTT.c" 1
 3415 0026 EFF31183 		mrs   r3, basepri  
 3416 002a 4FF02001 		mov   r1, #32       
 3417 002e 81F31188 		msr   basepri, r1  
ARM GAS  C:\Users\PRAETE~1\AppData\Local\Temp\ccgoOOhI.s 			page 92


 3418              		
 3419              	@ 0 "" 2
 3420              		.thumb
 3421              		.syntax unified
 3422 0032 3B61     		str	r3, [r7, #16]
1803:./segger-rtt/src/SEGGER_RTT.c ****     pDown = &pRTTCB->aDown[BufferIndex];
 3423              		.loc 1 1803 11
 3424 0034 7A68     		ldr	r2, [r7, #4]
 3425 0036 1346     		mov	r3, r2
 3426 0038 5B00     		lsls	r3, r3, #1
 3427 003a 1344     		add	r3, r3, r2
 3428 003c DB00     		lsls	r3, r3, #3
 3429 003e 6033     		adds	r3, r3, #96
 3430 0040 7A69     		ldr	r2, [r7, #20]
 3431 0042 1344     		add	r3, r3, r2
 3432 0044 FB60     		str	r3, [r7, #12]
1804:./segger-rtt/src/SEGGER_RTT.c ****     pDown->sName = sName;
 3433              		.loc 1 1804 18
 3434 0046 FB68     		ldr	r3, [r7, #12]
 3435 0048 3A68     		ldr	r2, [r7]
 3436 004a 1A60     		str	r2, [r3]
1805:./segger-rtt/src/SEGGER_RTT.c ****     SEGGER_RTT_UNLOCK();
 3437              		.loc 1 1805 5
 3438 004c 3B69     		ldr	r3, [r7, #16]
 3439              		.syntax unified
 3440              	@ 1805 "./segger-rtt/src/SEGGER_RTT.c" 1
 3441 004e 83F31188 		msr   basepri, r3  
 3442              		
 3443              	@ 0 "" 2
 3444              		.thumb
 3445              		.syntax unified
 3446              	.LBE26:
1806:./segger-rtt/src/SEGGER_RTT.c ****     r =  0;
 3447              		.loc 1 1806 7
 3448 0052 0023     		movs	r3, #0
 3449 0054 FB61     		str	r3, [r7, #28]
 3450 0056 02E0     		b	.L184
 3451              	.L183:
1807:./segger-rtt/src/SEGGER_RTT.c ****   } else {
1808:./segger-rtt/src/SEGGER_RTT.c ****     r = -1;
 3452              		.loc 1 1808 7
 3453 0058 4FF0FF33 		mov	r3, #-1
 3454 005c FB61     		str	r3, [r7, #28]
 3455              	.L184:
1809:./segger-rtt/src/SEGGER_RTT.c ****   }
1810:./segger-rtt/src/SEGGER_RTT.c ****   return r;
 3456              		.loc 1 1810 10
 3457 005e FB69     		ldr	r3, [r7, #28]
1811:./segger-rtt/src/SEGGER_RTT.c **** }
 3458              		.loc 1 1811 1
 3459 0060 1846     		mov	r0, r3
 3460 0062 2037     		adds	r7, r7, #32
 3461              	.LCFI147:
 3462              		.cfi_def_cfa_offset 8
 3463 0064 BD46     		mov	sp, r7
 3464              	.LCFI148:
 3465              		.cfi_def_cfa_register 13
ARM GAS  C:\Users\PRAETE~1\AppData\Local\Temp\ccgoOOhI.s 			page 93


 3466              		@ sp needed
 3467 0066 80BD     		pop	{r7, pc}
 3468              	.L187:
 3469              		.align	2
 3470              	.L186:
 3471 0068 00000000 		.word	_SEGGER_RTT
 3472              		.cfi_endproc
 3473              	.LFE28:
 3475              		.section	.text.SEGGER_RTT_SetFlagsUpBuffer,"ax",%progbits
 3476              		.align	1
 3477              		.global	SEGGER_RTT_SetFlagsUpBuffer
 3478              		.syntax unified
 3479              		.thumb
 3480              		.thumb_func
 3482              	SEGGER_RTT_SetFlagsUpBuffer:
 3483              	.LFB29:
1812:./segger-rtt/src/SEGGER_RTT.c **** 
1813:./segger-rtt/src/SEGGER_RTT.c **** /*********************************************************************
1814:./segger-rtt/src/SEGGER_RTT.c **** *
1815:./segger-rtt/src/SEGGER_RTT.c **** *       SEGGER_RTT_SetFlagsUpBuffer
1816:./segger-rtt/src/SEGGER_RTT.c **** *
1817:./segger-rtt/src/SEGGER_RTT.c **** *  Function description
1818:./segger-rtt/src/SEGGER_RTT.c **** *    Run-time configuration of specific up-buffer flags (T->H).
1819:./segger-rtt/src/SEGGER_RTT.c **** *    Buffer to be configured is specified by index.
1820:./segger-rtt/src/SEGGER_RTT.c **** *
1821:./segger-rtt/src/SEGGER_RTT.c **** *  Parameters
1822:./segger-rtt/src/SEGGER_RTT.c **** *    BufferIndex  Index of the buffer.
1823:./segger-rtt/src/SEGGER_RTT.c **** *    Flags        Flags to set for the buffer.
1824:./segger-rtt/src/SEGGER_RTT.c **** *                 Flags[31:24] are used for validity check and must be zero. Flags[23:2] are reserv
1825:./segger-rtt/src/SEGGER_RTT.c **** *
1826:./segger-rtt/src/SEGGER_RTT.c **** *  Return value
1827:./segger-rtt/src/SEGGER_RTT.c **** *    >= 0  O.K.
1828:./segger-rtt/src/SEGGER_RTT.c **** *     < 0  Error
1829:./segger-rtt/src/SEGGER_RTT.c **** */
1830:./segger-rtt/src/SEGGER_RTT.c **** int SEGGER_RTT_SetFlagsUpBuffer(unsigned BufferIndex, unsigned Flags) {
 3484              		.loc 1 1830 71
 3485              		.cfi_startproc
 3486              		@ args = 0, pretend = 0, frame = 32
 3487              		@ frame_needed = 1, uses_anonymous_args = 0
 3488 0000 80B5     		push	{r7, lr}
 3489              	.LCFI149:
 3490              		.cfi_def_cfa_offset 8
 3491              		.cfi_offset 7, -8
 3492              		.cfi_offset 14, -4
 3493 0002 88B0     		sub	sp, sp, #32
 3494              	.LCFI150:
 3495              		.cfi_def_cfa_offset 40
 3496 0004 00AF     		add	r7, sp, #0
 3497              	.LCFI151:
 3498              		.cfi_def_cfa_register 7
 3499 0006 7860     		str	r0, [r7, #4]
 3500 0008 3960     		str	r1, [r7]
 3501              	.LBB27:
1831:./segger-rtt/src/SEGGER_RTT.c ****   int r;
1832:./segger-rtt/src/SEGGER_RTT.c ****   volatile SEGGER_RTT_CB* pRTTCB;
1833:./segger-rtt/src/SEGGER_RTT.c ****   volatile SEGGER_RTT_BUFFER_UP* pUp;
1834:./segger-rtt/src/SEGGER_RTT.c **** 
ARM GAS  C:\Users\PRAETE~1\AppData\Local\Temp\ccgoOOhI.s 			page 94


1835:./segger-rtt/src/SEGGER_RTT.c ****   INIT();
 3502              		.loc 1 1835 3
 3503 000a 174B     		ldr	r3, .L193
 3504 000c BB61     		str	r3, [r7, #24]
 3505 000e BB69     		ldr	r3, [r7, #24]
 3506 0010 1B78     		ldrb	r3, [r3]
 3507 0012 DBB2     		uxtb	r3, r3
 3508 0014 532B     		cmp	r3, #83
 3509 0016 01D0     		beq	.L189
 3510              		.loc 1 1835 3 is_stmt 0 discriminator 1
 3511 0018 FFF7FEFF 		bl	_DoInit
 3512              	.L189:
 3513              	.LBE27:
1836:./segger-rtt/src/SEGGER_RTT.c ****   pRTTCB = (volatile SEGGER_RTT_CB*)((uintptr_t)&_SEGGER_RTT + SEGGER_RTT_UNCACHED_OFF);  // Access
 3514              		.loc 1 1836 10 is_stmt 1
 3515 001c 124B     		ldr	r3, .L193
 3516 001e 7B61     		str	r3, [r7, #20]
1837:./segger-rtt/src/SEGGER_RTT.c ****   if (BufferIndex < SEGGER_RTT_MAX_NUM_UP_BUFFERS) {
 3517              		.loc 1 1837 6
 3518 0020 7B68     		ldr	r3, [r7, #4]
 3519 0022 022B     		cmp	r3, #2
 3520 0024 18D8     		bhi	.L190
 3521              	.LBB28:
1838:./segger-rtt/src/SEGGER_RTT.c ****     SEGGER_RTT_LOCK();
 3522              		.loc 1 1838 5
 3523              		.syntax unified
 3524              	@ 1838 "./segger-rtt/src/SEGGER_RTT.c" 1
 3525 0026 EFF31183 		mrs   r3, basepri  
 3526 002a 4FF02001 		mov   r1, #32       
 3527 002e 81F31188 		msr   basepri, r1  
 3528              		
 3529              	@ 0 "" 2
 3530              		.thumb
 3531              		.syntax unified
 3532 0032 3B61     		str	r3, [r7, #16]
1839:./segger-rtt/src/SEGGER_RTT.c ****     pUp = &pRTTCB->aUp[BufferIndex];
 3533              		.loc 1 1839 9
 3534 0034 7B68     		ldr	r3, [r7, #4]
 3535 0036 5A1C     		adds	r2, r3, #1
 3536 0038 1346     		mov	r3, r2
 3537 003a 5B00     		lsls	r3, r3, #1
 3538 003c 1344     		add	r3, r3, r2
 3539 003e DB00     		lsls	r3, r3, #3
 3540 0040 7A69     		ldr	r2, [r7, #20]
 3541 0042 1344     		add	r3, r3, r2
 3542 0044 FB60     		str	r3, [r7, #12]
1840:./segger-rtt/src/SEGGER_RTT.c ****     pUp->Flags = Flags;
 3543              		.loc 1 1840 16
 3544 0046 FB68     		ldr	r3, [r7, #12]
 3545 0048 3A68     		ldr	r2, [r7]
 3546 004a 5A61     		str	r2, [r3, #20]
1841:./segger-rtt/src/SEGGER_RTT.c ****     SEGGER_RTT_UNLOCK();
 3547              		.loc 1 1841 5
 3548 004c 3B69     		ldr	r3, [r7, #16]
 3549              		.syntax unified
 3550              	@ 1841 "./segger-rtt/src/SEGGER_RTT.c" 1
 3551 004e 83F31188 		msr   basepri, r3  
ARM GAS  C:\Users\PRAETE~1\AppData\Local\Temp\ccgoOOhI.s 			page 95


 3552              		
 3553              	@ 0 "" 2
 3554              		.thumb
 3555              		.syntax unified
 3556              	.LBE28:
1842:./segger-rtt/src/SEGGER_RTT.c ****     r =  0;
 3557              		.loc 1 1842 7
 3558 0052 0023     		movs	r3, #0
 3559 0054 FB61     		str	r3, [r7, #28]
 3560 0056 02E0     		b	.L191
 3561              	.L190:
1843:./segger-rtt/src/SEGGER_RTT.c ****   } else {
1844:./segger-rtt/src/SEGGER_RTT.c ****     r = -1;
 3562              		.loc 1 1844 7
 3563 0058 4FF0FF33 		mov	r3, #-1
 3564 005c FB61     		str	r3, [r7, #28]
 3565              	.L191:
1845:./segger-rtt/src/SEGGER_RTT.c ****   }
1846:./segger-rtt/src/SEGGER_RTT.c ****   return r;
 3566              		.loc 1 1846 10
 3567 005e FB69     		ldr	r3, [r7, #28]
1847:./segger-rtt/src/SEGGER_RTT.c **** }
 3568              		.loc 1 1847 1
 3569 0060 1846     		mov	r0, r3
 3570 0062 2037     		adds	r7, r7, #32
 3571              	.LCFI152:
 3572              		.cfi_def_cfa_offset 8
 3573 0064 BD46     		mov	sp, r7
 3574              	.LCFI153:
 3575              		.cfi_def_cfa_register 13
 3576              		@ sp needed
 3577 0066 80BD     		pop	{r7, pc}
 3578              	.L194:
 3579              		.align	2
 3580              	.L193:
 3581 0068 00000000 		.word	_SEGGER_RTT
 3582              		.cfi_endproc
 3583              	.LFE29:
 3585              		.section	.text.SEGGER_RTT_SetFlagsDownBuffer,"ax",%progbits
 3586              		.align	1
 3587              		.global	SEGGER_RTT_SetFlagsDownBuffer
 3588              		.syntax unified
 3589              		.thumb
 3590              		.thumb_func
 3592              	SEGGER_RTT_SetFlagsDownBuffer:
 3593              	.LFB30:
1848:./segger-rtt/src/SEGGER_RTT.c **** 
1849:./segger-rtt/src/SEGGER_RTT.c **** /*********************************************************************
1850:./segger-rtt/src/SEGGER_RTT.c **** *
1851:./segger-rtt/src/SEGGER_RTT.c **** *       SEGGER_RTT_SetFlagsDownBuffer
1852:./segger-rtt/src/SEGGER_RTT.c **** *
1853:./segger-rtt/src/SEGGER_RTT.c **** *  Function description
1854:./segger-rtt/src/SEGGER_RTT.c **** *    Run-time configuration of specific Down-buffer flags (T->H).
1855:./segger-rtt/src/SEGGER_RTT.c **** *    Buffer to be configured is specified by index.
1856:./segger-rtt/src/SEGGER_RTT.c **** *
1857:./segger-rtt/src/SEGGER_RTT.c **** *  Parameters
1858:./segger-rtt/src/SEGGER_RTT.c **** *    BufferIndex  Index of the buffer to renamed.
ARM GAS  C:\Users\PRAETE~1\AppData\Local\Temp\ccgoOOhI.s 			page 96


1859:./segger-rtt/src/SEGGER_RTT.c **** *    Flags        Flags to set for the buffer.
1860:./segger-rtt/src/SEGGER_RTT.c **** *                 Flags[31:24] are used for validity check and must be zero. Flags[23:2] are reserv
1861:./segger-rtt/src/SEGGER_RTT.c **** *
1862:./segger-rtt/src/SEGGER_RTT.c **** *  Return value
1863:./segger-rtt/src/SEGGER_RTT.c **** *    >= 0  O.K.
1864:./segger-rtt/src/SEGGER_RTT.c **** *     < 0  Error
1865:./segger-rtt/src/SEGGER_RTT.c **** */
1866:./segger-rtt/src/SEGGER_RTT.c **** int SEGGER_RTT_SetFlagsDownBuffer(unsigned BufferIndex, unsigned Flags) {
 3594              		.loc 1 1866 73
 3595              		.cfi_startproc
 3596              		@ args = 0, pretend = 0, frame = 32
 3597              		@ frame_needed = 1, uses_anonymous_args = 0
 3598 0000 80B5     		push	{r7, lr}
 3599              	.LCFI154:
 3600              		.cfi_def_cfa_offset 8
 3601              		.cfi_offset 7, -8
 3602              		.cfi_offset 14, -4
 3603 0002 88B0     		sub	sp, sp, #32
 3604              	.LCFI155:
 3605              		.cfi_def_cfa_offset 40
 3606 0004 00AF     		add	r7, sp, #0
 3607              	.LCFI156:
 3608              		.cfi_def_cfa_register 7
 3609 0006 7860     		str	r0, [r7, #4]
 3610 0008 3960     		str	r1, [r7]
 3611              	.LBB29:
1867:./segger-rtt/src/SEGGER_RTT.c ****   int r;
1868:./segger-rtt/src/SEGGER_RTT.c ****   volatile SEGGER_RTT_CB* pRTTCB;
1869:./segger-rtt/src/SEGGER_RTT.c ****   volatile SEGGER_RTT_BUFFER_DOWN* pDown;
1870:./segger-rtt/src/SEGGER_RTT.c **** 
1871:./segger-rtt/src/SEGGER_RTT.c ****   INIT();
 3612              		.loc 1 1871 3
 3613 000a 174B     		ldr	r3, .L200
 3614 000c BB61     		str	r3, [r7, #24]
 3615 000e BB69     		ldr	r3, [r7, #24]
 3616 0010 1B78     		ldrb	r3, [r3]
 3617 0012 DBB2     		uxtb	r3, r3
 3618 0014 532B     		cmp	r3, #83
 3619 0016 01D0     		beq	.L196
 3620              		.loc 1 1871 3 is_stmt 0 discriminator 1
 3621 0018 FFF7FEFF 		bl	_DoInit
 3622              	.L196:
 3623              	.LBE29:
1872:./segger-rtt/src/SEGGER_RTT.c ****   pRTTCB = (volatile SEGGER_RTT_CB*)((uintptr_t)&_SEGGER_RTT + SEGGER_RTT_UNCACHED_OFF);  // Access
 3624              		.loc 1 1872 10 is_stmt 1
 3625 001c 124B     		ldr	r3, .L200
 3626 001e 7B61     		str	r3, [r7, #20]
1873:./segger-rtt/src/SEGGER_RTT.c ****   if (BufferIndex < SEGGER_RTT_MAX_NUM_DOWN_BUFFERS) {
 3627              		.loc 1 1873 6
 3628 0020 7B68     		ldr	r3, [r7, #4]
 3629 0022 022B     		cmp	r3, #2
 3630 0024 18D8     		bhi	.L197
 3631              	.LBB30:
1874:./segger-rtt/src/SEGGER_RTT.c ****     SEGGER_RTT_LOCK();
 3632              		.loc 1 1874 5
 3633              		.syntax unified
 3634              	@ 1874 "./segger-rtt/src/SEGGER_RTT.c" 1
ARM GAS  C:\Users\PRAETE~1\AppData\Local\Temp\ccgoOOhI.s 			page 97


 3635 0026 EFF31183 		mrs   r3, basepri  
 3636 002a 4FF02001 		mov   r1, #32       
 3637 002e 81F31188 		msr   basepri, r1  
 3638              		
 3639              	@ 0 "" 2
 3640              		.thumb
 3641              		.syntax unified
 3642 0032 3B61     		str	r3, [r7, #16]
1875:./segger-rtt/src/SEGGER_RTT.c ****     pDown = &pRTTCB->aDown[BufferIndex];
 3643              		.loc 1 1875 11
 3644 0034 7A68     		ldr	r2, [r7, #4]
 3645 0036 1346     		mov	r3, r2
 3646 0038 5B00     		lsls	r3, r3, #1
 3647 003a 1344     		add	r3, r3, r2
 3648 003c DB00     		lsls	r3, r3, #3
 3649 003e 6033     		adds	r3, r3, #96
 3650 0040 7A69     		ldr	r2, [r7, #20]
 3651 0042 1344     		add	r3, r3, r2
 3652 0044 FB60     		str	r3, [r7, #12]
1876:./segger-rtt/src/SEGGER_RTT.c ****     pDown->Flags = Flags;
 3653              		.loc 1 1876 18
 3654 0046 FB68     		ldr	r3, [r7, #12]
 3655 0048 3A68     		ldr	r2, [r7]
 3656 004a 5A61     		str	r2, [r3, #20]
1877:./segger-rtt/src/SEGGER_RTT.c ****     SEGGER_RTT_UNLOCK();
 3657              		.loc 1 1877 5
 3658 004c 3B69     		ldr	r3, [r7, #16]
 3659              		.syntax unified
 3660              	@ 1877 "./segger-rtt/src/SEGGER_RTT.c" 1
 3661 004e 83F31188 		msr   basepri, r3  
 3662              		
 3663              	@ 0 "" 2
 3664              		.thumb
 3665              		.syntax unified
 3666              	.LBE30:
1878:./segger-rtt/src/SEGGER_RTT.c ****     r =  0;
 3667              		.loc 1 1878 7
 3668 0052 0023     		movs	r3, #0
 3669 0054 FB61     		str	r3, [r7, #28]
 3670 0056 02E0     		b	.L198
 3671              	.L197:
1879:./segger-rtt/src/SEGGER_RTT.c ****   } else {
1880:./segger-rtt/src/SEGGER_RTT.c ****     r = -1;
 3672              		.loc 1 1880 7
 3673 0058 4FF0FF33 		mov	r3, #-1
 3674 005c FB61     		str	r3, [r7, #28]
 3675              	.L198:
1881:./segger-rtt/src/SEGGER_RTT.c ****   }
1882:./segger-rtt/src/SEGGER_RTT.c ****   return r;
 3676              		.loc 1 1882 10
 3677 005e FB69     		ldr	r3, [r7, #28]
1883:./segger-rtt/src/SEGGER_RTT.c **** }
 3678              		.loc 1 1883 1
 3679 0060 1846     		mov	r0, r3
 3680 0062 2037     		adds	r7, r7, #32
 3681              	.LCFI157:
 3682              		.cfi_def_cfa_offset 8
ARM GAS  C:\Users\PRAETE~1\AppData\Local\Temp\ccgoOOhI.s 			page 98


 3683 0064 BD46     		mov	sp, r7
 3684              	.LCFI158:
 3685              		.cfi_def_cfa_register 13
 3686              		@ sp needed
 3687 0066 80BD     		pop	{r7, pc}
 3688              	.L201:
 3689              		.align	2
 3690              	.L200:
 3691 0068 00000000 		.word	_SEGGER_RTT
 3692              		.cfi_endproc
 3693              	.LFE30:
 3695              		.section	.text.SEGGER_RTT_Init,"ax",%progbits
 3696              		.align	1
 3697              		.global	SEGGER_RTT_Init
 3698              		.syntax unified
 3699              		.thumb
 3700              		.thumb_func
 3702              	SEGGER_RTT_Init:
 3703              	.LFB31:
1884:./segger-rtt/src/SEGGER_RTT.c **** 
1885:./segger-rtt/src/SEGGER_RTT.c **** /*********************************************************************
1886:./segger-rtt/src/SEGGER_RTT.c **** *
1887:./segger-rtt/src/SEGGER_RTT.c **** *       SEGGER_RTT_Init
1888:./segger-rtt/src/SEGGER_RTT.c **** *
1889:./segger-rtt/src/SEGGER_RTT.c **** *  Function description
1890:./segger-rtt/src/SEGGER_RTT.c **** *    Initializes the RTT Control Block.
1891:./segger-rtt/src/SEGGER_RTT.c **** *    Should be used in RAM targets, at start of the application.
1892:./segger-rtt/src/SEGGER_RTT.c **** *
1893:./segger-rtt/src/SEGGER_RTT.c **** */
1894:./segger-rtt/src/SEGGER_RTT.c **** void SEGGER_RTT_Init (void) {
 3704              		.loc 1 1894 29
 3705              		.cfi_startproc
 3706              		@ args = 0, pretend = 0, frame = 0
 3707              		@ frame_needed = 1, uses_anonymous_args = 0
 3708 0000 80B5     		push	{r7, lr}
 3709              	.LCFI159:
 3710              		.cfi_def_cfa_offset 8
 3711              		.cfi_offset 7, -8
 3712              		.cfi_offset 14, -4
 3713 0002 00AF     		add	r7, sp, #0
 3714              	.LCFI160:
 3715              		.cfi_def_cfa_register 7
1895:./segger-rtt/src/SEGGER_RTT.c ****   _DoInit();
 3716              		.loc 1 1895 3
 3717 0004 FFF7FEFF 		bl	_DoInit
1896:./segger-rtt/src/SEGGER_RTT.c **** }
 3718              		.loc 1 1896 1
 3719 0008 00BF     		nop
 3720 000a 80BD     		pop	{r7, pc}
 3721              		.cfi_endproc
 3722              	.LFE31:
 3724              		.section	.text.SEGGER_RTT_SetTerminal,"ax",%progbits
 3725              		.align	1
 3726              		.global	SEGGER_RTT_SetTerminal
 3727              		.syntax unified
 3728              		.thumb
 3729              		.thumb_func
ARM GAS  C:\Users\PRAETE~1\AppData\Local\Temp\ccgoOOhI.s 			page 99


 3731              	SEGGER_RTT_SetTerminal:
 3732              	.LFB32:
1897:./segger-rtt/src/SEGGER_RTT.c **** 
1898:./segger-rtt/src/SEGGER_RTT.c **** /*********************************************************************
1899:./segger-rtt/src/SEGGER_RTT.c **** *
1900:./segger-rtt/src/SEGGER_RTT.c **** *       SEGGER_RTT_SetTerminal
1901:./segger-rtt/src/SEGGER_RTT.c **** *
1902:./segger-rtt/src/SEGGER_RTT.c **** *  Function description
1903:./segger-rtt/src/SEGGER_RTT.c **** *    Sets the terminal to be used for output on channel 0.
1904:./segger-rtt/src/SEGGER_RTT.c **** *
1905:./segger-rtt/src/SEGGER_RTT.c **** *  Parameters
1906:./segger-rtt/src/SEGGER_RTT.c **** *    TerminalId  Index of the terminal.
1907:./segger-rtt/src/SEGGER_RTT.c **** *
1908:./segger-rtt/src/SEGGER_RTT.c **** *  Return value
1909:./segger-rtt/src/SEGGER_RTT.c **** *    >= 0  O.K.
1910:./segger-rtt/src/SEGGER_RTT.c **** *     < 0  Error (e.g. if RTT is configured for non-blocking mode and there was no space in the buf
1911:./segger-rtt/src/SEGGER_RTT.c **** *
1912:./segger-rtt/src/SEGGER_RTT.c **** *  Notes
1913:./segger-rtt/src/SEGGER_RTT.c **** *    (1) Buffer 0 is always reserved for terminal I/O, so we can use index 0 here, fixed
1914:./segger-rtt/src/SEGGER_RTT.c **** */
1915:./segger-rtt/src/SEGGER_RTT.c **** int SEGGER_RTT_SetTerminal (unsigned char TerminalId) {
 3733              		.loc 1 1915 55
 3734              		.cfi_startproc
 3735              		@ args = 0, pretend = 0, frame = 32
 3736              		@ frame_needed = 1, uses_anonymous_args = 0
 3737 0000 80B5     		push	{r7, lr}
 3738              	.LCFI161:
 3739              		.cfi_def_cfa_offset 8
 3740              		.cfi_offset 7, -8
 3741              		.cfi_offset 14, -4
 3742 0002 88B0     		sub	sp, sp, #32
 3743              	.LCFI162:
 3744              		.cfi_def_cfa_offset 40
 3745 0004 00AF     		add	r7, sp, #0
 3746              	.LCFI163:
 3747              		.cfi_def_cfa_register 7
 3748 0006 0346     		mov	r3, r0
 3749 0008 FB71     		strb	r3, [r7, #7]
 3750              	.LBB31:
1916:./segger-rtt/src/SEGGER_RTT.c ****   unsigned char         ac[2];
1917:./segger-rtt/src/SEGGER_RTT.c ****   SEGGER_RTT_BUFFER_UP* pRing;
1918:./segger-rtt/src/SEGGER_RTT.c ****   unsigned Avail;
1919:./segger-rtt/src/SEGGER_RTT.c ****   int r;
1920:./segger-rtt/src/SEGGER_RTT.c **** 
1921:./segger-rtt/src/SEGGER_RTT.c ****   INIT();
 3751              		.loc 1 1921 3
 3752 000a 274B     		ldr	r3, .L211
 3753 000c BB61     		str	r3, [r7, #24]
 3754 000e BB69     		ldr	r3, [r7, #24]
 3755 0010 1B78     		ldrb	r3, [r3]
 3756 0012 DBB2     		uxtb	r3, r3
 3757 0014 532B     		cmp	r3, #83
 3758 0016 01D0     		beq	.L204
 3759              		.loc 1 1921 3 is_stmt 0 discriminator 1
 3760 0018 FFF7FEFF 		bl	_DoInit
 3761              	.L204:
 3762              	.LBE31:
ARM GAS  C:\Users\PRAETE~1\AppData\Local\Temp\ccgoOOhI.s 			page 100


1922:./segger-rtt/src/SEGGER_RTT.c ****   r = 0;
 3763              		.loc 1 1922 5 is_stmt 1
 3764 001c 0023     		movs	r3, #0
 3765 001e FB61     		str	r3, [r7, #28]
1923:./segger-rtt/src/SEGGER_RTT.c ****   ac[0] = 0xFFu;
 3766              		.loc 1 1923 9
 3767 0020 FF23     		movs	r3, #255
 3768 0022 3B72     		strb	r3, [r7, #8]
1924:./segger-rtt/src/SEGGER_RTT.c ****   if (TerminalId < sizeof(_aTerminalId)) { // We only support a certain number of channels
 3769              		.loc 1 1924 6
 3770 0024 FB79     		ldrb	r3, [r7, #7]	@ zero_extendqisi2
 3771 0026 0F2B     		cmp	r3, #15
 3772 0028 36D8     		bhi	.L205
1925:./segger-rtt/src/SEGGER_RTT.c ****     ac[1] = _aTerminalId[TerminalId];
 3773              		.loc 1 1925 25
 3774 002a FB79     		ldrb	r3, [r7, #7]	@ zero_extendqisi2
 3775 002c 1F4A     		ldr	r2, .L211+4
 3776 002e D35C     		ldrb	r3, [r2, r3]	@ zero_extendqisi2
 3777              		.loc 1 1925 11
 3778 0030 7B72     		strb	r3, [r7, #9]
1926:./segger-rtt/src/SEGGER_RTT.c ****     pRing = (SEGGER_RTT_BUFFER_UP*)((uintptr_t)&_SEGGER_RTT.aUp[0] + SEGGER_RTT_UNCACHED_OFF);  // 
 3779              		.loc 1 1926 11
 3780 0032 1F4B     		ldr	r3, .L211+8
 3781 0034 7B61     		str	r3, [r7, #20]
 3782              	.LBB32:
1927:./segger-rtt/src/SEGGER_RTT.c ****     SEGGER_RTT_LOCK();                     // Lock to make sure that no other task is writing into 
 3783              		.loc 1 1927 5
 3784              		.syntax unified
 3785              	@ 1927 "./segger-rtt/src/SEGGER_RTT.c" 1
 3786 0036 EFF31183 		mrs   r3, basepri  
 3787 003a 4FF02001 		mov   r1, #32       
 3788 003e 81F31188 		msr   basepri, r1  
 3789              		
 3790              	@ 0 "" 2
 3791              		.thumb
 3792              		.syntax unified
 3793 0042 3B61     		str	r3, [r7, #16]
1928:./segger-rtt/src/SEGGER_RTT.c ****     if ((pRing->Flags & SEGGER_RTT_MODE_MASK) == SEGGER_RTT_MODE_BLOCK_IF_FIFO_FULL) {
 3794              		.loc 1 1928 15
 3795 0044 7B69     		ldr	r3, [r7, #20]
 3796 0046 5B69     		ldr	r3, [r3, #20]
 3797              		.loc 1 1928 23
 3798 0048 03F00303 		and	r3, r3, #3
 3799              		.loc 1 1928 8
 3800 004c 022B     		cmp	r3, #2
 3801 004e 0AD1     		bne	.L206
1929:./segger-rtt/src/SEGGER_RTT.c ****       _ActiveTerminal = TerminalId;
 3802              		.loc 1 1929 23
 3803 0050 184A     		ldr	r2, .L211+12
 3804 0052 FB79     		ldrb	r3, [r7, #7]
 3805 0054 1370     		strb	r3, [r2]
1930:./segger-rtt/src/SEGGER_RTT.c ****       _WriteBlocking(pRing, (const char*)ac, 2u);
 3806              		.loc 1 1930 7
 3807 0056 07F10803 		add	r3, r7, #8
 3808 005a 0222     		movs	r2, #2
 3809 005c 1946     		mov	r1, r3
 3810 005e 7869     		ldr	r0, [r7, #20]
ARM GAS  C:\Users\PRAETE~1\AppData\Local\Temp\ccgoOOhI.s 			page 101


 3811 0060 FFF7FEFF 		bl	_WriteBlocking
 3812 0064 14E0     		b	.L207
 3813              	.L206:
1931:./segger-rtt/src/SEGGER_RTT.c ****     } else {                                                                            // Skipping
1932:./segger-rtt/src/SEGGER_RTT.c ****       Avail = _GetAvailWriteSpace(pRing);
 3814              		.loc 1 1932 15
 3815 0066 7869     		ldr	r0, [r7, #20]
 3816 0068 FFF7FEFF 		bl	_GetAvailWriteSpace
 3817 006c F860     		str	r0, [r7, #12]
1933:./segger-rtt/src/SEGGER_RTT.c ****       if (Avail >= 2) {
 3818              		.loc 1 1933 10
 3819 006e FB68     		ldr	r3, [r7, #12]
 3820 0070 012B     		cmp	r3, #1
 3821 0072 0AD9     		bls	.L208
1934:./segger-rtt/src/SEGGER_RTT.c ****         _ActiveTerminal = TerminalId;    // Only change active terminal in case of success
 3822              		.loc 1 1934 25
 3823 0074 0F4A     		ldr	r2, .L211+12
 3824 0076 FB79     		ldrb	r3, [r7, #7]
 3825 0078 1370     		strb	r3, [r2]
1935:./segger-rtt/src/SEGGER_RTT.c ****         _WriteNoCheck(pRing, (const char*)ac, 2u);
 3826              		.loc 1 1935 9
 3827 007a 07F10803 		add	r3, r7, #8
 3828 007e 0222     		movs	r2, #2
 3829 0080 1946     		mov	r1, r3
 3830 0082 7869     		ldr	r0, [r7, #20]
 3831 0084 FFF7FEFF 		bl	_WriteNoCheck
 3832 0088 02E0     		b	.L207
 3833              	.L208:
1936:./segger-rtt/src/SEGGER_RTT.c ****       } else {
1937:./segger-rtt/src/SEGGER_RTT.c ****         r = -1;
 3834              		.loc 1 1937 11
 3835 008a 4FF0FF33 		mov	r3, #-1
 3836 008e FB61     		str	r3, [r7, #28]
 3837              	.L207:
1938:./segger-rtt/src/SEGGER_RTT.c ****       }
1939:./segger-rtt/src/SEGGER_RTT.c ****     }
1940:./segger-rtt/src/SEGGER_RTT.c ****     SEGGER_RTT_UNLOCK();
 3838              		.loc 1 1940 5
 3839 0090 3B69     		ldr	r3, [r7, #16]
 3840              		.syntax unified
 3841              	@ 1940 "./segger-rtt/src/SEGGER_RTT.c" 1
 3842 0092 83F31188 		msr   basepri, r3  
 3843              		
 3844              	@ 0 "" 2
 3845              		.thumb
 3846              		.syntax unified
 3847              	.LBE32:
 3848 0096 02E0     		b	.L209
 3849              	.L205:
1941:./segger-rtt/src/SEGGER_RTT.c ****   } else {
1942:./segger-rtt/src/SEGGER_RTT.c ****     r = -1;
 3850              		.loc 1 1942 7
 3851 0098 4FF0FF33 		mov	r3, #-1
 3852 009c FB61     		str	r3, [r7, #28]
 3853              	.L209:
1943:./segger-rtt/src/SEGGER_RTT.c ****   }
1944:./segger-rtt/src/SEGGER_RTT.c ****   return r;
ARM GAS  C:\Users\PRAETE~1\AppData\Local\Temp\ccgoOOhI.s 			page 102


 3854              		.loc 1 1944 10
 3855 009e FB69     		ldr	r3, [r7, #28]
1945:./segger-rtt/src/SEGGER_RTT.c **** }
 3856              		.loc 1 1945 1
 3857 00a0 1846     		mov	r0, r3
 3858 00a2 2037     		adds	r7, r7, #32
 3859              	.LCFI164:
 3860              		.cfi_def_cfa_offset 8
 3861 00a4 BD46     		mov	sp, r7
 3862              	.LCFI165:
 3863              		.cfi_def_cfa_register 13
 3864              		@ sp needed
 3865 00a6 80BD     		pop	{r7, pc}
 3866              	.L212:
 3867              		.align	2
 3868              	.L211:
 3869 00a8 00000000 		.word	_SEGGER_RTT
 3870 00ac 00000000 		.word	_aTerminalId
 3871 00b0 18000000 		.word	_SEGGER_RTT+24
 3872 00b4 00000000 		.word	_ActiveTerminal
 3873              		.cfi_endproc
 3874              	.LFE32:
 3876              		.section	.text.SEGGER_RTT_TerminalOut,"ax",%progbits
 3877              		.align	1
 3878              		.global	SEGGER_RTT_TerminalOut
 3879              		.syntax unified
 3880              		.thumb
 3881              		.thumb_func
 3883              	SEGGER_RTT_TerminalOut:
 3884              	.LFB33:
1946:./segger-rtt/src/SEGGER_RTT.c **** 
1947:./segger-rtt/src/SEGGER_RTT.c **** /*********************************************************************
1948:./segger-rtt/src/SEGGER_RTT.c **** *
1949:./segger-rtt/src/SEGGER_RTT.c **** *       SEGGER_RTT_TerminalOut
1950:./segger-rtt/src/SEGGER_RTT.c **** *
1951:./segger-rtt/src/SEGGER_RTT.c **** *  Function description
1952:./segger-rtt/src/SEGGER_RTT.c **** *    Writes a string to the given terminal
1953:./segger-rtt/src/SEGGER_RTT.c **** *     without changing the terminal for channel 0.
1954:./segger-rtt/src/SEGGER_RTT.c **** *
1955:./segger-rtt/src/SEGGER_RTT.c **** *  Parameters
1956:./segger-rtt/src/SEGGER_RTT.c **** *    TerminalId   Index of the terminal.
1957:./segger-rtt/src/SEGGER_RTT.c **** *    s            String to be printed on the terminal.
1958:./segger-rtt/src/SEGGER_RTT.c **** *
1959:./segger-rtt/src/SEGGER_RTT.c **** *  Return value
1960:./segger-rtt/src/SEGGER_RTT.c **** *    >= 0 - Number of bytes written.
1961:./segger-rtt/src/SEGGER_RTT.c **** *     < 0 - Error.
1962:./segger-rtt/src/SEGGER_RTT.c **** *
1963:./segger-rtt/src/SEGGER_RTT.c **** */
1964:./segger-rtt/src/SEGGER_RTT.c **** int SEGGER_RTT_TerminalOut (unsigned char TerminalId, const char* s) {
 3885              		.loc 1 1964 70
 3886              		.cfi_startproc
 3887              		@ args = 0, pretend = 0, frame = 32
 3888              		@ frame_needed = 1, uses_anonymous_args = 0
 3889 0000 80B5     		push	{r7, lr}
 3890              	.LCFI166:
 3891              		.cfi_def_cfa_offset 8
 3892              		.cfi_offset 7, -8
ARM GAS  C:\Users\PRAETE~1\AppData\Local\Temp\ccgoOOhI.s 			page 103


 3893              		.cfi_offset 14, -4
 3894 0002 88B0     		sub	sp, sp, #32
 3895              	.LCFI167:
 3896              		.cfi_def_cfa_offset 40
 3897 0004 00AF     		add	r7, sp, #0
 3898              	.LCFI168:
 3899              		.cfi_def_cfa_register 7
 3900 0006 0346     		mov	r3, r0
 3901 0008 3960     		str	r1, [r7]
 3902 000a FB71     		strb	r3, [r7, #7]
 3903              	.LBB33:
1965:./segger-rtt/src/SEGGER_RTT.c ****   int                   Status;
1966:./segger-rtt/src/SEGGER_RTT.c ****   unsigned              FragLen;
1967:./segger-rtt/src/SEGGER_RTT.c ****   unsigned              Avail;
1968:./segger-rtt/src/SEGGER_RTT.c ****   SEGGER_RTT_BUFFER_UP* pRing;
1969:./segger-rtt/src/SEGGER_RTT.c ****   //
1970:./segger-rtt/src/SEGGER_RTT.c ****   INIT();
 3904              		.loc 1 1970 3
 3905 000c 434B     		ldr	r3, .L227
 3906 000e BB61     		str	r3, [r7, #24]
 3907 0010 BB69     		ldr	r3, [r7, #24]
 3908 0012 1B78     		ldrb	r3, [r3]
 3909 0014 DBB2     		uxtb	r3, r3
 3910 0016 532B     		cmp	r3, #83
 3911 0018 01D0     		beq	.L214
 3912              		.loc 1 1970 3 is_stmt 0 discriminator 1
 3913 001a FFF7FEFF 		bl	_DoInit
 3914              	.L214:
 3915              	.LBE33:
1971:./segger-rtt/src/SEGGER_RTT.c ****   //
1972:./segger-rtt/src/SEGGER_RTT.c ****   // Validate terminal ID.
1973:./segger-rtt/src/SEGGER_RTT.c ****   //
1974:./segger-rtt/src/SEGGER_RTT.c ****   if (TerminalId < (char)sizeof(_aTerminalId)) { // We only support a certain number of channels
 3916              		.loc 1 1974 6 is_stmt 1
 3917 001e FB79     		ldrb	r3, [r7, #7]	@ zero_extendqisi2
 3918 0020 0F2B     		cmp	r3, #15
 3919 0022 73D8     		bhi	.L215
1975:./segger-rtt/src/SEGGER_RTT.c ****     //
1976:./segger-rtt/src/SEGGER_RTT.c ****     // Get "to-host" ring buffer.
1977:./segger-rtt/src/SEGGER_RTT.c ****     //
1978:./segger-rtt/src/SEGGER_RTT.c ****     pRing = (SEGGER_RTT_BUFFER_UP*)((uintptr_t)&_SEGGER_RTT.aUp[0] + SEGGER_RTT_UNCACHED_OFF);  // 
 3920              		.loc 1 1978 11
 3921 0024 3E4B     		ldr	r3, .L227+4
 3922 0026 7B61     		str	r3, [r7, #20]
1979:./segger-rtt/src/SEGGER_RTT.c ****     //
1980:./segger-rtt/src/SEGGER_RTT.c ****     // Need to be able to change terminal, write data, change back.
1981:./segger-rtt/src/SEGGER_RTT.c ****     // Compute the fixed and variable sizes.
1982:./segger-rtt/src/SEGGER_RTT.c ****     //
1983:./segger-rtt/src/SEGGER_RTT.c ****     FragLen = STRLEN(s);
 3923              		.loc 1 1983 15
 3924 0028 3868     		ldr	r0, [r7]
 3925 002a FFF7FEFF 		bl	strlen
 3926 002e 3861     		str	r0, [r7, #16]
 3927              	.LBB34:
1984:./segger-rtt/src/SEGGER_RTT.c ****     //
1985:./segger-rtt/src/SEGGER_RTT.c ****     // How we output depends upon the mode...
1986:./segger-rtt/src/SEGGER_RTT.c ****     //
ARM GAS  C:\Users\PRAETE~1\AppData\Local\Temp\ccgoOOhI.s 			page 104


1987:./segger-rtt/src/SEGGER_RTT.c ****     SEGGER_RTT_LOCK();
 3928              		.loc 1 1987 5
 3929              		.syntax unified
 3930              	@ 1987 "./segger-rtt/src/SEGGER_RTT.c" 1
 3931 0030 EFF31183 		mrs   r3, basepri  
 3932 0034 4FF02001 		mov   r1, #32       
 3933 0038 81F31188 		msr   basepri, r1  
 3934              		
 3935              	@ 0 "" 2
 3936              		.thumb
 3937              		.syntax unified
 3938 003c FB60     		str	r3, [r7, #12]
1988:./segger-rtt/src/SEGGER_RTT.c ****     Avail = _GetAvailWriteSpace(pRing);
 3939              		.loc 1 1988 13
 3940 003e 7869     		ldr	r0, [r7, #20]
 3941 0040 FFF7FEFF 		bl	_GetAvailWriteSpace
 3942 0044 B860     		str	r0, [r7, #8]
1989:./segger-rtt/src/SEGGER_RTT.c ****     switch (pRing->Flags & SEGGER_RTT_MODE_MASK) {
 3943              		.loc 1 1989 18
 3944 0046 7B69     		ldr	r3, [r7, #20]
 3945 0048 5B69     		ldr	r3, [r3, #20]
 3946              		.loc 1 1989 26
 3947 004a 03F00303 		and	r3, r3, #3
 3948              		.loc 1 1989 5
 3949 004e 022B     		cmp	r3, #2
 3950 0050 41D0     		beq	.L216
 3951 0052 022B     		cmp	r3, #2
 3952 0054 52D8     		bhi	.L217
 3953 0056 002B     		cmp	r3, #0
 3954 0058 02D0     		beq	.L218
 3955 005a 012B     		cmp	r3, #1
 3956 005c 1BD0     		beq	.L219
 3957 005e 4DE0     		b	.L217
 3958              	.L218:
1990:./segger-rtt/src/SEGGER_RTT.c ****     case SEGGER_RTT_MODE_NO_BLOCK_SKIP:
1991:./segger-rtt/src/SEGGER_RTT.c ****       //
1992:./segger-rtt/src/SEGGER_RTT.c ****       // If we are in skip mode and there is no space for the whole
1993:./segger-rtt/src/SEGGER_RTT.c ****       // of this output, don't bother switching terminals at all.
1994:./segger-rtt/src/SEGGER_RTT.c ****       //
1995:./segger-rtt/src/SEGGER_RTT.c ****       if (Avail < (FragLen + 4u)) {
 3959              		.loc 1 1995 28
 3960 0060 3B69     		ldr	r3, [r7, #16]
 3961 0062 0433     		adds	r3, r3, #4
 3962              		.loc 1 1995 10
 3963 0064 BA68     		ldr	r2, [r7, #8]
 3964 0066 9A42     		cmp	r2, r3
 3965 0068 02D2     		bcs	.L220
1996:./segger-rtt/src/SEGGER_RTT.c ****         Status = 0;
 3966              		.loc 1 1996 16
 3967 006a 0023     		movs	r3, #0
 3968 006c FB61     		str	r3, [r7, #28]
1997:./segger-rtt/src/SEGGER_RTT.c ****       } else {
1998:./segger-rtt/src/SEGGER_RTT.c ****         _PostTerminalSwitch(pRing, TerminalId);
1999:./segger-rtt/src/SEGGER_RTT.c ****         Status = (int)_WriteBlocking(pRing, s, FragLen);
2000:./segger-rtt/src/SEGGER_RTT.c ****         _PostTerminalSwitch(pRing, _ActiveTerminal);
2001:./segger-rtt/src/SEGGER_RTT.c ****       }
2002:./segger-rtt/src/SEGGER_RTT.c ****       break;
ARM GAS  C:\Users\PRAETE~1\AppData\Local\Temp\ccgoOOhI.s 			page 105


 3969              		.loc 1 2002 7
 3970 006e 49E0     		b	.L222
 3971              	.L220:
1998:./segger-rtt/src/SEGGER_RTT.c ****         Status = (int)_WriteBlocking(pRing, s, FragLen);
 3972              		.loc 1 1998 9
 3973 0070 FB79     		ldrb	r3, [r7, #7]	@ zero_extendqisi2
 3974 0072 1946     		mov	r1, r3
 3975 0074 7869     		ldr	r0, [r7, #20]
 3976 0076 FFF7FEFF 		bl	_PostTerminalSwitch
1999:./segger-rtt/src/SEGGER_RTT.c ****         _PostTerminalSwitch(pRing, _ActiveTerminal);
 3977              		.loc 1 1999 23
 3978 007a 3A69     		ldr	r2, [r7, #16]
 3979 007c 3968     		ldr	r1, [r7]
 3980 007e 7869     		ldr	r0, [r7, #20]
 3981 0080 FFF7FEFF 		bl	_WriteBlocking
 3982 0084 0346     		mov	r3, r0
1999:./segger-rtt/src/SEGGER_RTT.c ****         _PostTerminalSwitch(pRing, _ActiveTerminal);
 3983              		.loc 1 1999 16 discriminator 1
 3984 0086 FB61     		str	r3, [r7, #28]
2000:./segger-rtt/src/SEGGER_RTT.c ****       }
 3985              		.loc 1 2000 9
 3986 0088 264B     		ldr	r3, .L227+8
 3987 008a 1B78     		ldrb	r3, [r3]	@ zero_extendqisi2
 3988 008c 1946     		mov	r1, r3
 3989 008e 7869     		ldr	r0, [r7, #20]
 3990 0090 FFF7FEFF 		bl	_PostTerminalSwitch
 3991              		.loc 1 2002 7
 3992 0094 36E0     		b	.L222
 3993              	.L219:
2003:./segger-rtt/src/SEGGER_RTT.c ****     case SEGGER_RTT_MODE_NO_BLOCK_TRIM:
2004:./segger-rtt/src/SEGGER_RTT.c ****       //
2005:./segger-rtt/src/SEGGER_RTT.c ****       // If we are in trim mode and there is not enough space for everything,
2006:./segger-rtt/src/SEGGER_RTT.c ****       // trim the output but always include the terminal switch.  If no room
2007:./segger-rtt/src/SEGGER_RTT.c ****       // for terminal switch, skip that totally.
2008:./segger-rtt/src/SEGGER_RTT.c ****       //
2009:./segger-rtt/src/SEGGER_RTT.c ****       if (Avail < 4u) {
 3994              		.loc 1 2009 10
 3995 0096 BB68     		ldr	r3, [r7, #8]
 3996 0098 032B     		cmp	r3, #3
 3997 009a 03D8     		bhi	.L223
2010:./segger-rtt/src/SEGGER_RTT.c ****         Status = -1;
 3998              		.loc 1 2010 16
 3999 009c 4FF0FF33 		mov	r3, #-1
 4000 00a0 FB61     		str	r3, [r7, #28]
2011:./segger-rtt/src/SEGGER_RTT.c ****       } else {
2012:./segger-rtt/src/SEGGER_RTT.c ****         _PostTerminalSwitch(pRing, TerminalId);
2013:./segger-rtt/src/SEGGER_RTT.c ****         Status = (int)_WriteBlocking(pRing, s, (FragLen < (Avail - 4u)) ? FragLen : (Avail - 4u));
2014:./segger-rtt/src/SEGGER_RTT.c ****         _PostTerminalSwitch(pRing, _ActiveTerminal);
2015:./segger-rtt/src/SEGGER_RTT.c ****       }
2016:./segger-rtt/src/SEGGER_RTT.c ****       break;
 4001              		.loc 1 2016 7
 4002 00a2 2FE0     		b	.L222
 4003              	.L223:
2012:./segger-rtt/src/SEGGER_RTT.c ****         Status = (int)_WriteBlocking(pRing, s, (FragLen < (Avail - 4u)) ? FragLen : (Avail - 4u));
 4004              		.loc 1 2012 9
 4005 00a4 FB79     		ldrb	r3, [r7, #7]	@ zero_extendqisi2
 4006 00a6 1946     		mov	r1, r3
ARM GAS  C:\Users\PRAETE~1\AppData\Local\Temp\ccgoOOhI.s 			page 106


 4007 00a8 7869     		ldr	r0, [r7, #20]
 4008 00aa FFF7FEFF 		bl	_PostTerminalSwitch
2013:./segger-rtt/src/SEGGER_RTT.c ****         _PostTerminalSwitch(pRing, _ActiveTerminal);
 4009              		.loc 1 2013 66
 4010 00ae BB68     		ldr	r3, [r7, #8]
 4011 00b0 1A1F     		subs	r2, r3, #4
2013:./segger-rtt/src/SEGGER_RTT.c ****         _PostTerminalSwitch(pRing, _ActiveTerminal);
 4012              		.loc 1 2013 23
 4013 00b2 3B69     		ldr	r3, [r7, #16]
 4014 00b4 9342     		cmp	r3, r2
 4015 00b6 28BF     		it	cs
 4016 00b8 1346     		movcs	r3, r2
 4017 00ba 1A46     		mov	r2, r3
 4018 00bc 3968     		ldr	r1, [r7]
 4019 00be 7869     		ldr	r0, [r7, #20]
 4020 00c0 FFF7FEFF 		bl	_WriteBlocking
 4021 00c4 0346     		mov	r3, r0
2013:./segger-rtt/src/SEGGER_RTT.c ****         _PostTerminalSwitch(pRing, _ActiveTerminal);
 4022              		.loc 1 2013 16 discriminator 1
 4023 00c6 FB61     		str	r3, [r7, #28]
2014:./segger-rtt/src/SEGGER_RTT.c ****       }
 4024              		.loc 1 2014 9
 4025 00c8 164B     		ldr	r3, .L227+8
 4026 00ca 1B78     		ldrb	r3, [r3]	@ zero_extendqisi2
 4027 00cc 1946     		mov	r1, r3
 4028 00ce 7869     		ldr	r0, [r7, #20]
 4029 00d0 FFF7FEFF 		bl	_PostTerminalSwitch
 4030              		.loc 1 2016 7
 4031 00d4 16E0     		b	.L222
 4032              	.L216:
2017:./segger-rtt/src/SEGGER_RTT.c ****     case SEGGER_RTT_MODE_BLOCK_IF_FIFO_FULL:
2018:./segger-rtt/src/SEGGER_RTT.c ****       //
2019:./segger-rtt/src/SEGGER_RTT.c ****       // If we are in blocking mode, output everything.
2020:./segger-rtt/src/SEGGER_RTT.c ****       //
2021:./segger-rtt/src/SEGGER_RTT.c ****       _PostTerminalSwitch(pRing, TerminalId);
 4033              		.loc 1 2021 7
 4034 00d6 FB79     		ldrb	r3, [r7, #7]	@ zero_extendqisi2
 4035 00d8 1946     		mov	r1, r3
 4036 00da 7869     		ldr	r0, [r7, #20]
 4037 00dc FFF7FEFF 		bl	_PostTerminalSwitch
2022:./segger-rtt/src/SEGGER_RTT.c ****       Status = (int)_WriteBlocking(pRing, s, FragLen);
 4038              		.loc 1 2022 21
 4039 00e0 3A69     		ldr	r2, [r7, #16]
 4040 00e2 3968     		ldr	r1, [r7]
 4041 00e4 7869     		ldr	r0, [r7, #20]
 4042 00e6 FFF7FEFF 		bl	_WriteBlocking
 4043 00ea 0346     		mov	r3, r0
 4044              		.loc 1 2022 14 discriminator 1
 4045 00ec FB61     		str	r3, [r7, #28]
2023:./segger-rtt/src/SEGGER_RTT.c ****       _PostTerminalSwitch(pRing, _ActiveTerminal);
 4046              		.loc 1 2023 7
 4047 00ee 0D4B     		ldr	r3, .L227+8
 4048 00f0 1B78     		ldrb	r3, [r3]	@ zero_extendqisi2
 4049 00f2 1946     		mov	r1, r3
 4050 00f4 7869     		ldr	r0, [r7, #20]
 4051 00f6 FFF7FEFF 		bl	_PostTerminalSwitch
2024:./segger-rtt/src/SEGGER_RTT.c ****       break;
ARM GAS  C:\Users\PRAETE~1\AppData\Local\Temp\ccgoOOhI.s 			page 107


 4052              		.loc 1 2024 7
 4053 00fa 03E0     		b	.L222
 4054              	.L217:
2025:./segger-rtt/src/SEGGER_RTT.c ****     default:
2026:./segger-rtt/src/SEGGER_RTT.c ****       Status = -1;
 4055              		.loc 1 2026 14
 4056 00fc 4FF0FF33 		mov	r3, #-1
 4057 0100 FB61     		str	r3, [r7, #28]
2027:./segger-rtt/src/SEGGER_RTT.c ****       break;
 4058              		.loc 1 2027 7
 4059 0102 00BF     		nop
 4060              	.L222:
2028:./segger-rtt/src/SEGGER_RTT.c ****     }
2029:./segger-rtt/src/SEGGER_RTT.c ****     //
2030:./segger-rtt/src/SEGGER_RTT.c ****     // Finish up.
2031:./segger-rtt/src/SEGGER_RTT.c ****     //
2032:./segger-rtt/src/SEGGER_RTT.c ****     SEGGER_RTT_UNLOCK();
 4061              		.loc 1 2032 5
 4062 0104 FB68     		ldr	r3, [r7, #12]
 4063              		.syntax unified
 4064              	@ 2032 "./segger-rtt/src/SEGGER_RTT.c" 1
 4065 0106 83F31188 		msr   basepri, r3  
 4066              		
 4067              	@ 0 "" 2
 4068              		.thumb
 4069              		.syntax unified
 4070              	.LBE34:
 4071 010a 02E0     		b	.L225
 4072              	.L215:
2033:./segger-rtt/src/SEGGER_RTT.c ****   } else {
2034:./segger-rtt/src/SEGGER_RTT.c ****     Status = -1;
 4073              		.loc 1 2034 12
 4074 010c 4FF0FF33 		mov	r3, #-1
 4075 0110 FB61     		str	r3, [r7, #28]
 4076              	.L225:
2035:./segger-rtt/src/SEGGER_RTT.c ****   }
2036:./segger-rtt/src/SEGGER_RTT.c ****   return Status;
 4077              		.loc 1 2036 10
 4078 0112 FB69     		ldr	r3, [r7, #28]
2037:./segger-rtt/src/SEGGER_RTT.c **** }
 4079              		.loc 1 2037 1
 4080 0114 1846     		mov	r0, r3
 4081 0116 2037     		adds	r7, r7, #32
 4082              	.LCFI169:
 4083              		.cfi_def_cfa_offset 8
 4084 0118 BD46     		mov	sp, r7
 4085              	.LCFI170:
 4086              		.cfi_def_cfa_register 13
 4087              		@ sp needed
 4088 011a 80BD     		pop	{r7, pc}
 4089              	.L228:
 4090              		.align	2
 4091              	.L227:
 4092 011c 00000000 		.word	_SEGGER_RTT
 4093 0120 18000000 		.word	_SEGGER_RTT+24
 4094 0124 00000000 		.word	_ActiveTerminal
 4095              		.cfi_endproc
ARM GAS  C:\Users\PRAETE~1\AppData\Local\Temp\ccgoOOhI.s 			page 108


 4096              	.LFE33:
 4098              		.section	.text.SEGGER_RTT_GetAvailWriteSpace,"ax",%progbits
 4099              		.align	1
 4100              		.global	SEGGER_RTT_GetAvailWriteSpace
 4101              		.syntax unified
 4102              		.thumb
 4103              		.thumb_func
 4105              	SEGGER_RTT_GetAvailWriteSpace:
 4106              	.LFB34:
2038:./segger-rtt/src/SEGGER_RTT.c **** 
2039:./segger-rtt/src/SEGGER_RTT.c **** /*********************************************************************
2040:./segger-rtt/src/SEGGER_RTT.c **** *
2041:./segger-rtt/src/SEGGER_RTT.c **** *       SEGGER_RTT_GetAvailWriteSpace
2042:./segger-rtt/src/SEGGER_RTT.c **** *
2043:./segger-rtt/src/SEGGER_RTT.c **** *  Function description
2044:./segger-rtt/src/SEGGER_RTT.c **** *    Returns the number of bytes available in the ring buffer.
2045:./segger-rtt/src/SEGGER_RTT.c **** *
2046:./segger-rtt/src/SEGGER_RTT.c **** *  Parameters
2047:./segger-rtt/src/SEGGER_RTT.c **** *    BufferIndex  Index of the up buffer.
2048:./segger-rtt/src/SEGGER_RTT.c **** *
2049:./segger-rtt/src/SEGGER_RTT.c **** *  Return value
2050:./segger-rtt/src/SEGGER_RTT.c **** *    Number of bytes that are free in the selected up buffer.
2051:./segger-rtt/src/SEGGER_RTT.c **** */
2052:./segger-rtt/src/SEGGER_RTT.c **** unsigned SEGGER_RTT_GetAvailWriteSpace (unsigned BufferIndex) {
 4107              		.loc 1 2052 63
 4108              		.cfi_startproc
 4109              		@ args = 0, pretend = 0, frame = 16
 4110              		@ frame_needed = 1, uses_anonymous_args = 0
 4111 0000 80B5     		push	{r7, lr}
 4112              	.LCFI171:
 4113              		.cfi_def_cfa_offset 8
 4114              		.cfi_offset 7, -8
 4115              		.cfi_offset 14, -4
 4116 0002 84B0     		sub	sp, sp, #16
 4117              	.LCFI172:
 4118              		.cfi_def_cfa_offset 24
 4119 0004 00AF     		add	r7, sp, #0
 4120              	.LCFI173:
 4121              		.cfi_def_cfa_register 7
 4122 0006 7860     		str	r0, [r7, #4]
2053:./segger-rtt/src/SEGGER_RTT.c ****   SEGGER_RTT_BUFFER_UP* pRing;
2054:./segger-rtt/src/SEGGER_RTT.c **** 
2055:./segger-rtt/src/SEGGER_RTT.c ****   pRing = (SEGGER_RTT_BUFFER_UP*)((uintptr_t)&_SEGGER_RTT.aUp[BufferIndex] + SEGGER_RTT_UNCACHED_OF
 4123              		.loc 1 2055 9
 4124 0008 7B68     		ldr	r3, [r7, #4]
 4125 000a 5A1C     		adds	r2, r3, #1
 4126 000c 1346     		mov	r3, r2
 4127 000e 5B00     		lsls	r3, r3, #1
 4128 0010 1344     		add	r3, r3, r2
 4129 0012 DB00     		lsls	r3, r3, #3
 4130 0014 054A     		ldr	r2, .L231
 4131 0016 1344     		add	r3, r3, r2
 4132 0018 FB60     		str	r3, [r7, #12]
2056:./segger-rtt/src/SEGGER_RTT.c ****   return _GetAvailWriteSpace(pRing);
 4133              		.loc 1 2056 10
 4134 001a F868     		ldr	r0, [r7, #12]
 4135 001c FFF7FEFF 		bl	_GetAvailWriteSpace
ARM GAS  C:\Users\PRAETE~1\AppData\Local\Temp\ccgoOOhI.s 			page 109


 4136 0020 0346     		mov	r3, r0
2057:./segger-rtt/src/SEGGER_RTT.c **** }
 4137              		.loc 1 2057 1
 4138 0022 1846     		mov	r0, r3
 4139 0024 1037     		adds	r7, r7, #16
 4140              	.LCFI174:
 4141              		.cfi_def_cfa_offset 8
 4142 0026 BD46     		mov	sp, r7
 4143              	.LCFI175:
 4144              		.cfi_def_cfa_register 13
 4145              		@ sp needed
 4146 0028 80BD     		pop	{r7, pc}
 4147              	.L232:
 4148 002a 00BF     		.align	2
 4149              	.L231:
 4150 002c 00000000 		.word	_SEGGER_RTT
 4151              		.cfi_endproc
 4152              	.LFE34:
 4154              		.section	.text.SEGGER_RTT_GetBytesInBuffer,"ax",%progbits
 4155              		.align	1
 4156              		.global	SEGGER_RTT_GetBytesInBuffer
 4157              		.syntax unified
 4158              		.thumb
 4159              		.thumb_func
 4161              	SEGGER_RTT_GetBytesInBuffer:
 4162              	.LFB35:
2058:./segger-rtt/src/SEGGER_RTT.c **** 
2059:./segger-rtt/src/SEGGER_RTT.c **** 
2060:./segger-rtt/src/SEGGER_RTT.c **** /*********************************************************************
2061:./segger-rtt/src/SEGGER_RTT.c **** *
2062:./segger-rtt/src/SEGGER_RTT.c **** *       SEGGER_RTT_GetBytesInBuffer()
2063:./segger-rtt/src/SEGGER_RTT.c **** *
2064:./segger-rtt/src/SEGGER_RTT.c **** *  Function description
2065:./segger-rtt/src/SEGGER_RTT.c **** *    Returns the number of bytes currently used in the up buffer.
2066:./segger-rtt/src/SEGGER_RTT.c **** *
2067:./segger-rtt/src/SEGGER_RTT.c **** *  Parameters
2068:./segger-rtt/src/SEGGER_RTT.c **** *    BufferIndex  Index of the up buffer.
2069:./segger-rtt/src/SEGGER_RTT.c **** *
2070:./segger-rtt/src/SEGGER_RTT.c **** *  Return value
2071:./segger-rtt/src/SEGGER_RTT.c **** *    Number of bytes that are used in the buffer.
2072:./segger-rtt/src/SEGGER_RTT.c **** */
2073:./segger-rtt/src/SEGGER_RTT.c **** unsigned SEGGER_RTT_GetBytesInBuffer(unsigned BufferIndex) {
 4163              		.loc 1 2073 60
 4164              		.cfi_startproc
 4165              		@ args = 0, pretend = 0, frame = 24
 4166              		@ frame_needed = 1, uses_anonymous_args = 0
 4167              		@ link register save eliminated.
 4168 0000 80B4     		push	{r7}
 4169              	.LCFI176:
 4170              		.cfi_def_cfa_offset 4
 4171              		.cfi_offset 7, -4
 4172 0002 87B0     		sub	sp, sp, #28
 4173              	.LCFI177:
 4174              		.cfi_def_cfa_offset 32
 4175 0004 00AF     		add	r7, sp, #0
 4176              	.LCFI178:
 4177              		.cfi_def_cfa_register 7
ARM GAS  C:\Users\PRAETE~1\AppData\Local\Temp\ccgoOOhI.s 			page 110


 4178 0006 7860     		str	r0, [r7, #4]
2074:./segger-rtt/src/SEGGER_RTT.c ****   unsigned RdOff;
2075:./segger-rtt/src/SEGGER_RTT.c ****   unsigned WrOff;
2076:./segger-rtt/src/SEGGER_RTT.c ****   unsigned r;
2077:./segger-rtt/src/SEGGER_RTT.c ****   volatile SEGGER_RTT_CB* pRTTCB;
2078:./segger-rtt/src/SEGGER_RTT.c ****   //
2079:./segger-rtt/src/SEGGER_RTT.c ****   // Avoid warnings regarding volatile access order.  It's not a problem
2080:./segger-rtt/src/SEGGER_RTT.c ****   // in this case, but dampen compiler enthusiasm.
2081:./segger-rtt/src/SEGGER_RTT.c ****   //
2082:./segger-rtt/src/SEGGER_RTT.c ****   pRTTCB = (volatile SEGGER_RTT_CB*)((uintptr_t)&_SEGGER_RTT + SEGGER_RTT_UNCACHED_OFF);  // Access
 4179              		.loc 1 2082 10
 4180 0008 194B     		ldr	r3, .L237
 4181 000a 3B61     		str	r3, [r7, #16]
2083:./segger-rtt/src/SEGGER_RTT.c ****   RdOff = pRTTCB->aUp[BufferIndex].RdOff;
 4182              		.loc 1 2083 9
 4183 000c 3969     		ldr	r1, [r7, #16]
 4184 000e 7A68     		ldr	r2, [r7, #4]
 4185 0010 1346     		mov	r3, r2
 4186 0012 5B00     		lsls	r3, r3, #1
 4187 0014 1344     		add	r3, r3, r2
 4188 0016 DB00     		lsls	r3, r3, #3
 4189 0018 0B44     		add	r3, r3, r1
 4190 001a 2833     		adds	r3, r3, #40
 4191 001c 1B68     		ldr	r3, [r3]
 4192 001e FB60     		str	r3, [r7, #12]
2084:./segger-rtt/src/SEGGER_RTT.c ****   WrOff = pRTTCB->aUp[BufferIndex].WrOff;
 4193              		.loc 1 2084 9
 4194 0020 3969     		ldr	r1, [r7, #16]
 4195 0022 7A68     		ldr	r2, [r7, #4]
 4196 0024 1346     		mov	r3, r2
 4197 0026 5B00     		lsls	r3, r3, #1
 4198 0028 1344     		add	r3, r3, r2
 4199 002a DB00     		lsls	r3, r3, #3
 4200 002c 0B44     		add	r3, r3, r1
 4201 002e 2433     		adds	r3, r3, #36
 4202 0030 1B68     		ldr	r3, [r3]
 4203 0032 BB60     		str	r3, [r7, #8]
2085:./segger-rtt/src/SEGGER_RTT.c ****   if (RdOff <= WrOff) {
 4204              		.loc 1 2085 6
 4205 0034 FA68     		ldr	r2, [r7, #12]
 4206 0036 BB68     		ldr	r3, [r7, #8]
 4207 0038 9A42     		cmp	r2, r3
 4208 003a 04D8     		bhi	.L234
2086:./segger-rtt/src/SEGGER_RTT.c ****     r = WrOff - RdOff;
 4209              		.loc 1 2086 7
 4210 003c BA68     		ldr	r2, [r7, #8]
 4211 003e FB68     		ldr	r3, [r7, #12]
 4212 0040 D31A     		subs	r3, r2, r3
 4213 0042 7B61     		str	r3, [r7, #20]
 4214 0044 0DE0     		b	.L235
 4215              	.L234:
2087:./segger-rtt/src/SEGGER_RTT.c ****   } else {
2088:./segger-rtt/src/SEGGER_RTT.c ****     r = pRTTCB->aUp[BufferIndex].SizeOfBuffer - (WrOff - RdOff);
 4216              		.loc 1 2088 33
 4217 0046 3969     		ldr	r1, [r7, #16]
 4218 0048 7A68     		ldr	r2, [r7, #4]
 4219 004a 1346     		mov	r3, r2
ARM GAS  C:\Users\PRAETE~1\AppData\Local\Temp\ccgoOOhI.s 			page 111


 4220 004c 5B00     		lsls	r3, r3, #1
 4221 004e 1344     		add	r3, r3, r2
 4222 0050 DB00     		lsls	r3, r3, #3
 4223 0052 0B44     		add	r3, r3, r1
 4224 0054 2033     		adds	r3, r3, #32
 4225 0056 1A68     		ldr	r2, [r3]
 4226              		.loc 1 2088 47
 4227 0058 F968     		ldr	r1, [r7, #12]
 4228 005a BB68     		ldr	r3, [r7, #8]
 4229 005c CB1A     		subs	r3, r1, r3
 4230              		.loc 1 2088 7
 4231 005e 1344     		add	r3, r3, r2
 4232 0060 7B61     		str	r3, [r7, #20]
 4233              	.L235:
2089:./segger-rtt/src/SEGGER_RTT.c ****   }
2090:./segger-rtt/src/SEGGER_RTT.c ****   return r;
 4234              		.loc 1 2090 10
 4235 0062 7B69     		ldr	r3, [r7, #20]
2091:./segger-rtt/src/SEGGER_RTT.c **** }
 4236              		.loc 1 2091 1
 4237 0064 1846     		mov	r0, r3
 4238 0066 1C37     		adds	r7, r7, #28
 4239              	.LCFI179:
 4240              		.cfi_def_cfa_offset 4
 4241 0068 BD46     		mov	sp, r7
 4242              	.LCFI180:
 4243              		.cfi_def_cfa_register 13
 4244              		@ sp needed
 4245 006a 80BC     		pop	{r7}
 4246              	.LCFI181:
 4247              		.cfi_restore 7
 4248              		.cfi_def_cfa_offset 0
 4249 006c 7047     		bx	lr
 4250              	.L238:
 4251 006e 00BF     		.align	2
 4252              	.L237:
 4253 0070 00000000 		.word	_SEGGER_RTT
 4254              		.cfi_endproc
 4255              	.LFE35:
 4257              		.section	.rodata._aInitStr.0,"a"
 4258              		.align	2
 4261              	_aInitStr.0:
 4262 0000 00000000 		.ascii	"\000\000\000\000\000\000TTR REGGES\000"
 4262      00005454 
 4262      52205245 
 4262      47474553 
 4262      00
 4263              		.text
 4264              	.Letext0:
 4265              		.file 2 "C:/arm-toolchain/14.3/lib/gcc/arm-none-eabi/14.3.1/include/stddef.h"
 4266              		.file 3 "C:/arm-toolchain/14.3/arm-none-eabi/include/machine/_default_types.h"
 4267              		.file 4 "C:/arm-toolchain/14.3/arm-none-eabi/include/sys/_stdint.h"
 4268              		.file 5 "./segger-rtt/inc/SEGGER_RTT.h"
 4269              		.file 6 "C:/arm-toolchain/14.3/arm-none-eabi/include/string.h"
ARM GAS  C:\Users\PRAETE~1\AppData\Local\Temp\ccgoOOhI.s 			page 112


DEFINED SYMBOLS
                            *ABS*:00000000 SEGGER_RTT.c
C:\Users\PRAETE~1\AppData\Local\Temp\ccgoOOhI.s:19     .rodata._aTerminalId:00000000 $d
C:\Users\PRAETE~1\AppData\Local\Temp\ccgoOOhI.s:22     .rodata._aTerminalId:00000000 _aTerminalId
C:\Users\PRAETE~1\AppData\Local\Temp\ccgoOOhI.s:29     .bss._SEGGER_RTT:00000000 _SEGGER_RTT
C:\Users\PRAETE~1\AppData\Local\Temp\ccgoOOhI.s:26     .bss._SEGGER_RTT:00000000 $d
C:\Users\PRAETE~1\AppData\Local\Temp\ccgoOOhI.s:32     .bss._acUpBuffer:00000000 $d
C:\Users\PRAETE~1\AppData\Local\Temp\ccgoOOhI.s:35     .bss._acUpBuffer:00000000 _acUpBuffer
C:\Users\PRAETE~1\AppData\Local\Temp\ccgoOOhI.s:38     .bss._acDownBuffer:00000000 $d
C:\Users\PRAETE~1\AppData\Local\Temp\ccgoOOhI.s:41     .bss._acDownBuffer:00000000 _acDownBuffer
C:\Users\PRAETE~1\AppData\Local\Temp\ccgoOOhI.s:46     .bss._ActiveTerminal:00000000 _ActiveTerminal
C:\Users\PRAETE~1\AppData\Local\Temp\ccgoOOhI.s:47     .bss._ActiveTerminal:00000000 $d
C:\Users\PRAETE~1\AppData\Local\Temp\ccgoOOhI.s:49     .rodata:00000000 $d
C:\Users\PRAETE~1\AppData\Local\Temp\ccgoOOhI.s:53     .text._DoInit:00000000 $t
C:\Users\PRAETE~1\AppData\Local\Temp\ccgoOOhI.s:58     .text._DoInit:00000000 _DoInit
C:\Users\PRAETE~1\AppData\Local\Temp\ccgoOOhI.s:180    .text._DoInit:0000009c $d
C:\Users\PRAETE~1\AppData\Local\Temp\ccgoOOhI.s:4261   .rodata._aInitStr.0:00000000 _aInitStr.0
C:\Users\PRAETE~1\AppData\Local\Temp\ccgoOOhI.s:189    .text._WriteBlocking:00000000 $t
C:\Users\PRAETE~1\AppData\Local\Temp\ccgoOOhI.s:194    .text._WriteBlocking:00000000 _WriteBlocking
C:\Users\PRAETE~1\AppData\Local\Temp\ccgoOOhI.s:338    .text._WriteNoCheck:00000000 $t
C:\Users\PRAETE~1\AppData\Local\Temp\ccgoOOhI.s:343    .text._WriteNoCheck:00000000 _WriteNoCheck
C:\Users\PRAETE~1\AppData\Local\Temp\ccgoOOhI.s:452    .text._PostTerminalSwitch:00000000 $t
C:\Users\PRAETE~1\AppData\Local\Temp\ccgoOOhI.s:457    .text._PostTerminalSwitch:00000000 _PostTerminalSwitch
C:\Users\PRAETE~1\AppData\Local\Temp\ccgoOOhI.s:505    .text._PostTerminalSwitch:00000030 $d
C:\Users\PRAETE~1\AppData\Local\Temp\ccgoOOhI.s:510    .text._GetAvailWriteSpace:00000000 $t
C:\Users\PRAETE~1\AppData\Local\Temp\ccgoOOhI.s:515    .text._GetAvailWriteSpace:00000000 _GetAvailWriteSpace
C:\Users\PRAETE~1\AppData\Local\Temp\ccgoOOhI.s:588    .text.SEGGER_RTT_ReadUpBufferNoLock:00000000 $t
C:\Users\PRAETE~1\AppData\Local\Temp\ccgoOOhI.s:594    .text.SEGGER_RTT_ReadUpBufferNoLock:00000000 SEGGER_RTT_ReadUpBufferNoLock
C:\Users\PRAETE~1\AppData\Local\Temp\ccgoOOhI.s:786    .text.SEGGER_RTT_ReadUpBufferNoLock:00000108 $d
C:\Users\PRAETE~1\AppData\Local\Temp\ccgoOOhI.s:791    .text.SEGGER_RTT_ReadNoLock:00000000 $t
C:\Users\PRAETE~1\AppData\Local\Temp\ccgoOOhI.s:797    .text.SEGGER_RTT_ReadNoLock:00000000 SEGGER_RTT_ReadNoLock
C:\Users\PRAETE~1\AppData\Local\Temp\ccgoOOhI.s:989    .text.SEGGER_RTT_ReadNoLock:00000108 $d
C:\Users\PRAETE~1\AppData\Local\Temp\ccgoOOhI.s:994    .text.SEGGER_RTT_ReadUpBuffer:00000000 $t
C:\Users\PRAETE~1\AppData\Local\Temp\ccgoOOhI.s:1000   .text.SEGGER_RTT_ReadUpBuffer:00000000 SEGGER_RTT_ReadUpBuffer
C:\Users\PRAETE~1\AppData\Local\Temp\ccgoOOhI.s:1064   .text.SEGGER_RTT_Read:00000000 $t
C:\Users\PRAETE~1\AppData\Local\Temp\ccgoOOhI.s:1070   .text.SEGGER_RTT_Read:00000000 SEGGER_RTT_Read
C:\Users\PRAETE~1\AppData\Local\Temp\ccgoOOhI.s:1134   .text.SEGGER_RTT_WriteWithOverwriteNoLock:00000000 $t
C:\Users\PRAETE~1\AppData\Local\Temp\ccgoOOhI.s:1140   .text.SEGGER_RTT_WriteWithOverwriteNoLock:00000000 SEGGER_RTT_WriteWithOverwriteNoLock
C:\Users\PRAETE~1\AppData\Local\Temp\ccgoOOhI.s:1362   .text.SEGGER_RTT_WriteWithOverwriteNoLock:00000118 $d
C:\Users\PRAETE~1\AppData\Local\Temp\ccgoOOhI.s:1367   .text.SEGGER_RTT_WriteDownBufferNoLock:00000000 $t
C:\Users\PRAETE~1\AppData\Local\Temp\ccgoOOhI.s:1373   .text.SEGGER_RTT_WriteDownBufferNoLock:00000000 SEGGER_RTT_WriteDownBufferNoLock
C:\Users\PRAETE~1\AppData\Local\Temp\ccgoOOhI.s:1495   .text.SEGGER_RTT_WriteDownBufferNoLock:0000009c $d
C:\Users\PRAETE~1\AppData\Local\Temp\ccgoOOhI.s:1500   .text.SEGGER_RTT_WriteNoLock:00000000 $t
C:\Users\PRAETE~1\AppData\Local\Temp\ccgoOOhI.s:1506   .text.SEGGER_RTT_WriteNoLock:00000000 SEGGER_RTT_WriteNoLock
C:\Users\PRAETE~1\AppData\Local\Temp\ccgoOOhI.s:1628   .text.SEGGER_RTT_WriteNoLock:0000009c $d
C:\Users\PRAETE~1\AppData\Local\Temp\ccgoOOhI.s:1633   .text.SEGGER_RTT_WriteDownBuffer:00000000 $t
C:\Users\PRAETE~1\AppData\Local\Temp\ccgoOOhI.s:1639   .text.SEGGER_RTT_WriteDownBuffer:00000000 SEGGER_RTT_WriteDownBuffer
C:\Users\PRAETE~1\AppData\Local\Temp\ccgoOOhI.s:1715   .text.SEGGER_RTT_WriteDownBuffer:00000048 $d
C:\Users\PRAETE~1\AppData\Local\Temp\ccgoOOhI.s:1720   .text.SEGGER_RTT_Write:00000000 $t
C:\Users\PRAETE~1\AppData\Local\Temp\ccgoOOhI.s:1726   .text.SEGGER_RTT_Write:00000000 SEGGER_RTT_Write
C:\Users\PRAETE~1\AppData\Local\Temp\ccgoOOhI.s:1802   .text.SEGGER_RTT_Write:00000048 $d
C:\Users\PRAETE~1\AppData\Local\Temp\ccgoOOhI.s:1807   .text.SEGGER_RTT_WriteString:00000000 $t
C:\Users\PRAETE~1\AppData\Local\Temp\ccgoOOhI.s:1813   .text.SEGGER_RTT_WriteString:00000000 SEGGER_RTT_WriteString
C:\Users\PRAETE~1\AppData\Local\Temp\ccgoOOhI.s:1856   .text.SEGGER_RTT_PutCharSkipNoLock:00000000 $t
C:\Users\PRAETE~1\AppData\Local\Temp\ccgoOOhI.s:1862   .text.SEGGER_RTT_PutCharSkipNoLock:00000000 SEGGER_RTT_PutCharSkipNoLock
C:\Users\PRAETE~1\AppData\Local\Temp\ccgoOOhI.s:1961   .text.SEGGER_RTT_PutCharSkipNoLock:0000006c $d
C:\Users\PRAETE~1\AppData\Local\Temp\ccgoOOhI.s:1966   .text.SEGGER_RTT_PutCharSkip:00000000 $t
ARM GAS  C:\Users\PRAETE~1\AppData\Local\Temp\ccgoOOhI.s 			page 113


C:\Users\PRAETE~1\AppData\Local\Temp\ccgoOOhI.s:1972   .text.SEGGER_RTT_PutCharSkip:00000000 SEGGER_RTT_PutCharSkip
C:\Users\PRAETE~1\AppData\Local\Temp\ccgoOOhI.s:2102   .text.SEGGER_RTT_PutCharSkip:00000090 $d
C:\Users\PRAETE~1\AppData\Local\Temp\ccgoOOhI.s:2107   .text.SEGGER_RTT_PutChar:00000000 $t
C:\Users\PRAETE~1\AppData\Local\Temp\ccgoOOhI.s:2113   .text.SEGGER_RTT_PutChar:00000000 SEGGER_RTT_PutChar
C:\Users\PRAETE~1\AppData\Local\Temp\ccgoOOhI.s:2260   .text.SEGGER_RTT_PutChar:000000a4 $d
C:\Users\PRAETE~1\AppData\Local\Temp\ccgoOOhI.s:2265   .text.SEGGER_RTT_GetKey:00000000 $t
C:\Users\PRAETE~1\AppData\Local\Temp\ccgoOOhI.s:2271   .text.SEGGER_RTT_GetKey:00000000 SEGGER_RTT_GetKey
C:\Users\PRAETE~1\AppData\Local\Temp\ccgoOOhI.s:2327   .text.SEGGER_RTT_WaitKey:00000000 $t
C:\Users\PRAETE~1\AppData\Local\Temp\ccgoOOhI.s:2333   .text.SEGGER_RTT_WaitKey:00000000 SEGGER_RTT_WaitKey
C:\Users\PRAETE~1\AppData\Local\Temp\ccgoOOhI.s:2374   .text.SEGGER_RTT_HasKey:00000000 $t
C:\Users\PRAETE~1\AppData\Local\Temp\ccgoOOhI.s:2380   .text.SEGGER_RTT_HasKey:00000000 SEGGER_RTT_HasKey
C:\Users\PRAETE~1\AppData\Local\Temp\ccgoOOhI.s:2448   .text.SEGGER_RTT_HasKey:00000040 $d
C:\Users\PRAETE~1\AppData\Local\Temp\ccgoOOhI.s:2454   .text.SEGGER_RTT_HasData:00000000 $t
C:\Users\PRAETE~1\AppData\Local\Temp\ccgoOOhI.s:2460   .text.SEGGER_RTT_HasData:00000000 SEGGER_RTT_HasData
C:\Users\PRAETE~1\AppData\Local\Temp\ccgoOOhI.s:2515   .text.SEGGER_RTT_HasData:00000034 $d
C:\Users\PRAETE~1\AppData\Local\Temp\ccgoOOhI.s:2520   .text.SEGGER_RTT_HasDataUp:00000000 $t
C:\Users\PRAETE~1\AppData\Local\Temp\ccgoOOhI.s:2526   .text.SEGGER_RTT_HasDataUp:00000000 SEGGER_RTT_HasDataUp
C:\Users\PRAETE~1\AppData\Local\Temp\ccgoOOhI.s:2581   .text.SEGGER_RTT_HasDataUp:00000034 $d
C:\Users\PRAETE~1\AppData\Local\Temp\ccgoOOhI.s:2586   .text.SEGGER_RTT_AllocDownBuffer:00000000 $t
C:\Users\PRAETE~1\AppData\Local\Temp\ccgoOOhI.s:2592   .text.SEGGER_RTT_AllocDownBuffer:00000000 SEGGER_RTT_AllocDownBuffer
C:\Users\PRAETE~1\AppData\Local\Temp\ccgoOOhI.s:2778   .text.SEGGER_RTT_AllocDownBuffer:000000fc $d
C:\Users\PRAETE~1\AppData\Local\Temp\ccgoOOhI.s:2783   .text.SEGGER_RTT_AllocUpBuffer:00000000 $t
C:\Users\PRAETE~1\AppData\Local\Temp\ccgoOOhI.s:2789   .text.SEGGER_RTT_AllocUpBuffer:00000000 SEGGER_RTT_AllocUpBuffer
C:\Users\PRAETE~1\AppData\Local\Temp\ccgoOOhI.s:2977   .text.SEGGER_RTT_AllocUpBuffer:00000100 $d
C:\Users\PRAETE~1\AppData\Local\Temp\ccgoOOhI.s:2982   .text.SEGGER_RTT_ConfigUpBuffer:00000000 $t
C:\Users\PRAETE~1\AppData\Local\Temp\ccgoOOhI.s:2988   .text.SEGGER_RTT_ConfigUpBuffer:00000000 SEGGER_RTT_ConfigUpBuffer
C:\Users\PRAETE~1\AppData\Local\Temp\ccgoOOhI.s:3114   .text.SEGGER_RTT_ConfigUpBuffer:00000090 $d
C:\Users\PRAETE~1\AppData\Local\Temp\ccgoOOhI.s:3119   .text.SEGGER_RTT_ConfigDownBuffer:00000000 $t
C:\Users\PRAETE~1\AppData\Local\Temp\ccgoOOhI.s:3125   .text.SEGGER_RTT_ConfigDownBuffer:00000000 SEGGER_RTT_ConfigDownBuffer
C:\Users\PRAETE~1\AppData\Local\Temp\ccgoOOhI.s:3251   .text.SEGGER_RTT_ConfigDownBuffer:00000090 $d
C:\Users\PRAETE~1\AppData\Local\Temp\ccgoOOhI.s:3256   .text.SEGGER_RTT_SetNameUpBuffer:00000000 $t
C:\Users\PRAETE~1\AppData\Local\Temp\ccgoOOhI.s:3262   .text.SEGGER_RTT_SetNameUpBuffer:00000000 SEGGER_RTT_SetNameUpBuffer
C:\Users\PRAETE~1\AppData\Local\Temp\ccgoOOhI.s:3361   .text.SEGGER_RTT_SetNameUpBuffer:00000068 $d
C:\Users\PRAETE~1\AppData\Local\Temp\ccgoOOhI.s:3366   .text.SEGGER_RTT_SetNameDownBuffer:00000000 $t
C:\Users\PRAETE~1\AppData\Local\Temp\ccgoOOhI.s:3372   .text.SEGGER_RTT_SetNameDownBuffer:00000000 SEGGER_RTT_SetNameDownBuffer
C:\Users\PRAETE~1\AppData\Local\Temp\ccgoOOhI.s:3471   .text.SEGGER_RTT_SetNameDownBuffer:00000068 $d
C:\Users\PRAETE~1\AppData\Local\Temp\ccgoOOhI.s:3476   .text.SEGGER_RTT_SetFlagsUpBuffer:00000000 $t
C:\Users\PRAETE~1\AppData\Local\Temp\ccgoOOhI.s:3482   .text.SEGGER_RTT_SetFlagsUpBuffer:00000000 SEGGER_RTT_SetFlagsUpBuffer
C:\Users\PRAETE~1\AppData\Local\Temp\ccgoOOhI.s:3581   .text.SEGGER_RTT_SetFlagsUpBuffer:00000068 $d
C:\Users\PRAETE~1\AppData\Local\Temp\ccgoOOhI.s:3586   .text.SEGGER_RTT_SetFlagsDownBuffer:00000000 $t
C:\Users\PRAETE~1\AppData\Local\Temp\ccgoOOhI.s:3592   .text.SEGGER_RTT_SetFlagsDownBuffer:00000000 SEGGER_RTT_SetFlagsDownBuffer
C:\Users\PRAETE~1\AppData\Local\Temp\ccgoOOhI.s:3691   .text.SEGGER_RTT_SetFlagsDownBuffer:00000068 $d
C:\Users\PRAETE~1\AppData\Local\Temp\ccgoOOhI.s:3696   .text.SEGGER_RTT_Init:00000000 $t
C:\Users\PRAETE~1\AppData\Local\Temp\ccgoOOhI.s:3702   .text.SEGGER_RTT_Init:00000000 SEGGER_RTT_Init
C:\Users\PRAETE~1\AppData\Local\Temp\ccgoOOhI.s:3725   .text.SEGGER_RTT_SetTerminal:00000000 $t
C:\Users\PRAETE~1\AppData\Local\Temp\ccgoOOhI.s:3731   .text.SEGGER_RTT_SetTerminal:00000000 SEGGER_RTT_SetTerminal
C:\Users\PRAETE~1\AppData\Local\Temp\ccgoOOhI.s:3869   .text.SEGGER_RTT_SetTerminal:000000a8 $d
C:\Users\PRAETE~1\AppData\Local\Temp\ccgoOOhI.s:3877   .text.SEGGER_RTT_TerminalOut:00000000 $t
C:\Users\PRAETE~1\AppData\Local\Temp\ccgoOOhI.s:3883   .text.SEGGER_RTT_TerminalOut:00000000 SEGGER_RTT_TerminalOut
C:\Users\PRAETE~1\AppData\Local\Temp\ccgoOOhI.s:4092   .text.SEGGER_RTT_TerminalOut:0000011c $d
C:\Users\PRAETE~1\AppData\Local\Temp\ccgoOOhI.s:4099   .text.SEGGER_RTT_GetAvailWriteSpace:00000000 $t
C:\Users\PRAETE~1\AppData\Local\Temp\ccgoOOhI.s:4105   .text.SEGGER_RTT_GetAvailWriteSpace:00000000 SEGGER_RTT_GetAvailWriteSpace
C:\Users\PRAETE~1\AppData\Local\Temp\ccgoOOhI.s:4150   .text.SEGGER_RTT_GetAvailWriteSpace:0000002c $d
C:\Users\PRAETE~1\AppData\Local\Temp\ccgoOOhI.s:4155   .text.SEGGER_RTT_GetBytesInBuffer:00000000 $t
C:\Users\PRAETE~1\AppData\Local\Temp\ccgoOOhI.s:4161   .text.SEGGER_RTT_GetBytesInBuffer:00000000 SEGGER_RTT_GetBytesInBuffer
C:\Users\PRAETE~1\AppData\Local\Temp\ccgoOOhI.s:4253   .text.SEGGER_RTT_GetBytesInBuffer:00000070 $d
C:\Users\PRAETE~1\AppData\Local\Temp\ccgoOOhI.s:4258   .rodata._aInitStr.0:00000000 $d
ARM GAS  C:\Users\PRAETE~1\AppData\Local\Temp\ccgoOOhI.s 			page 114



UNDEFINED SYMBOLS
memset
memcpy
strlen
